"","Sequence","box","value"
"1","ADAEIGK","G1",1
"2","AFDRDGK","G1",1
"3","AFEHEGK","G1",1
"4","AIAIVGK","G1",1
"5","AIKYDGK","G1",1
"6","AIKYNGK","G1",1
"7","AMVFDGK","G1",1
"8","AVRRSGK","G1",1
"9","CFMVDGK","G1",1
"10","DFEREGK","G1",1
"11","DFERGGK","G1",2
"12","DFERNGK","G1",2
"13","DFERQGK","G1",1
"14","DNASMGK","G1",1
"15","DVAIIGK","G1",1
"16","EAEWCGK","G1",1
"17","EAEWQGK","G1",1
"18","EDADSGK","G1",1
"19","EFERGGK","G1",1
"20","EGEWQGK","G1",1
"21","EHYEEGK","G1",1
"22","ELRTLGK","G1",1
"23","ESEWVGK","G1",1
"24","EVQIDGK","G1",1
"25","EYYEEGK","G1",1
"26","FIIESGK","G1",1
"27","FLHTLGK","G1",1
"28","FLRKTGK","G1",1
"29","FNKIMGK","G1",1
"30","FNKLAGK","G1",1
"31","FNKLIGK","G1",1
"32","FNRFVGK","G1",1
"33","FNRIIGK","G1",2
"34","FNRLCGK","G1",1
"35","FNRLVGK","G1",3
"36","FNYLVGK","G1",1
"37","FSLGFGK","G1",1
"38","FYMVDGK","G1",1
"39","GAAIGGP","G1",1
"40","GADVLDK","G1",2
"41","GAEFFGI","G1",1
"42","GAGGGGP","G1",1
"43","GAHGDGI","G1",1
"44","GAHGDGV","G1",1
"45","GAHGLGL","G1",1
"46","GAHGQGV","G1",1
"47","GAHGTGL","G1",1
"48","GAHGYGV","G1",1
"49","GARKAGP","G1",1
"50","GDDEEEK","G1",1
"51","GDEGPLK","G1",1
"52","GDGVKGL","G1",1
"53","GDLSIAK","G1",1
"54","GEADDGR","G1",1
"55","GEASEGE","G1",1
"56","GEATGIK","G1",1
"57","GEDDSGI","G1",1
"58","GEDEPGT","G1",1
"59","GEDILEK","G1",1
"60","GEEDPNK","G1",1
"61","GEEEEGE","G1",1
"62","GEEGEGE","G1",1
"63","GEGIRGL","G1",1
"64","GEHGEGL","G1",1
"65","GEHGYGV","G1",1
"66","GEHRTSK","G1",1
"67","GEILEEK","G1",1
"68","GELAEGE","G1",1
"69","GEPEEGA","G1",1
"70","GERDFVK","G1",2
"71","GERLMGQ","G1",1
"72","GETLEGA","G1",1
"73","GEWLKRK","G1",1
"74","GFEPVAK","G1",1
"75","GFGKFFK","G1",1
"76","GFKENIK","G1",1
"77","GFSEQDK","G1",1
"78","GFVPYAK","G1",1
"79","GGFTILK","G1",1
"80","GGIDIGD","G1",1
"81","GGIDMGD","G1",1
"82","GGIEFGE","G1",1
"83","GGIEIGD","G1",1
"84","GGKRVHK","G1",1
"85","GGLDFGD","G1",1
"86","GGLISQK","G1",1
"87","GGYITGD","G1",1
"88","GGYVTGS","G1",1
"89","GHGKLGD","G1",1
"90","GHPNVGK","G1",1
"91","GHTGYGL","G1",1
"92","GICKKKK","G1",1
"93","GIENIQK","G1",1
"94","GIEPESK","G1",1
"95","GIERQGE","G1",1
"96","GIEVCGV","G1",1
"97","GIGEWLK","G1",1
"98","GIHGNGT","G1",1
"99","GIHGNGV","G1",1
"100","GIHGSGT","G1",1
"101","GIKEISK","G1",1
"102","GINEDSK","G1",1
"103","GINNDDK","G1",1
"104","GINRAFK","G1",1
"105","GINRKSK","G1",1
"106","GIPNVGK","G1",1
"107","GIREQDK","G1",1
"108","GIRKHSK","G1",1
"109","GIRKKNK","G1",2
"110","GIRKKSK","G1",2
"111","GIRKQSK","G1",1
"112","GIRKRGK","G1",1
"113","GIRRKGK","G1",2
"114","GIRRRGK","G1",2
"115","GIRRRGS","G1",1
"116","GIRRRSK","G1",1
"117","GITAMDK","G1",1
"118","GITEQDK","G1",1
"119","GITRDRK","G1",1
"120","GITSQDK","G1",2
"121","GITWEGG","G1",1
"122","GIVRQGE","G1",1
"123","GIYELGD","G1",1
"124","GKEFQFK","G1",1
"125","GKGRIGE","G1",1
"126","GKIAPGI","G1",1
"127","GKKGITK","G1",1
"128","GKKRIHK","G1",1
"129","GKNGITK","G1",1
"130","GKPNAGK","G1",5
"131","GKPNSGK","G1",3
"132","GKPNTGK","G1",2
"133","GKPNVGK","G1",21
"134","GKRGITK","G1",1
"135","GKSNVGK","G1",1
"136","GKSTLGN","G1",1
"137","GKVNVGK","G1",1
"138","GKVWIEK","G1",2
"139","GLAFEEK","G1",1
"140","GLAPADK","G1",1
"141","GLDESHK","G1",1
"142","GLDLESK","G1",1
"143","GLDLETK","G1",1
"144","GLDNDVK","G1",1
"145","GLDQDVK","G1",1
"146","GLEEAGD","G1",1
"147","GLEEDHK","G1",1
"148","GLEETGD","G1",1
"149","GLENLLK","G1",1
"150","GLEQEAK","G1",1
"151","GLIDKHK","G1",1
"152","GLLPLDK","G1",1
"153","GLNQDIK","G1",1
"154","GLNRDGD","G1",1
"155","GLRKRKK","G1",1
"156","GLRKRTK","G1",1
"157","GLRRKAK","G1",1
"158","GLRRKNK","G1",1
"159","GLRRKSK","G1",4
"160","GLTAADK","G1",1
"161","GLTADQK","G1",1
"162","GLTPADK","G1",1
"163","GLTPQDK","G1",1
"164","GLTRDGE","G1",1
"165","GLTRDRK","G1",2
"166","GMDQGQK","G1",1
"167","GMRKRGK","G1",1
"168","GMRKSGK","G1",1
"169","GMRRKSK","G1",1
"170","GMSQDDK","G1",1
"171","GNDEEGL","G1",1
"172","GNGKLGP","G1",1
"173","GNGRLGK","G1",1
"174","GNQLLGQ","G1",1
"175","GNYEGQK","G1",1
"176","GPEFFGI","G1",1
"177","GPKPVGV","G1",1
"178","GPTRQDK","G1",1
"179","GQAKLGE","G1",1
"180","GQAKVGE","G1",1
"181","GQKDYVK","G1",1
"182","GQPNAGK","G1",1
"183","GQPNSGK","G1",1
"184","GQPNVGK","G1",2
"185","GQYGQGI","G1",2
"186","GRANVGK","G1",4
"187","GRGIAGL","G1",1
"188","GRGVLGL","G1",1
"189","GRHFSYK","G1",1
"190","GRPNAGK","G1",28
"191","GRPNCGK","G1",1
"192","GRPNTGK","G1",3
"193","GRPNVGK","G1",59
"194","GRQNVGK","G1",2
"195","GRRNVGK","G1",1
"196","GRSNVGK","G1",1
"197","GRTNVGK","G1",3
"198","GRVNVGK","G1",7
"199","GSDGPGG","G1",1
"200","GSHGLGI","G1",1
"201","GSHGLGL","G1",2
"202","GSHGTGI","G1",1
"203","GSHGTGL","G1",1
"204","GSHGTGM","G1",1
"205","GSIEQGI","G1",1
"206","GSSNVGK","G1",1
"207","GTAVGGP","G1",1
"208","GTHGIGL","G1",1
"209","GTHGIGT","G1",1
"210","GTHGLGL","G1",1
"211","GTTRDGV","G1",1
"212","GTTRDVK","G1",1
"213","GVAIVGR","G1",1
"214","GVERSGG","G1",1
"215","GVGHLYK","G1",1
"216","GVHGLGL","G1",1
"217","GVRKKKK","G1",1
"218","GVRKRGK","G1",5
"219","GVRRKGK","G1",1
"220","GVRRKSK","G1",1
"221","GVRRRAK","G1",1
"222","GVRRRGK","G1",1
"223","GVTRDAK","G1",1
"224","GVTRDRK","G1",2
"225","GWDPNVK","G1",2
"226","GWEHDAK","G1",1
"227","GWEPDAK","G1",2
"228","GWEPNAK","G1",1
"229","GWYSLGA","G1",1
"230","GYIESDK","G1",1
"231","GYNTDGD","G1",1
"232","GYTNESK","G1",1
"233","HAEWLGK","G1",1
"234","HIEELGK","G1",1
"235","HYNVFGK","G1",1
"236","ICTYYGK","G1",1
"237","IFIVDGK","G1",1
"238","IFLVDGK","G1",1
"239","IFVVDGK","G1",1
"240","ILLRSGK","G1",3
"241","ILVVDGK","G1",1
"242","IMDAIGK","G1",1
"243","INAIIGK","G1",1
"244","INALIGK","G1",1
"245","INALLGK","G1",1
"246","INKLVGK","G1",1
"247","INRLFGK","G1",1
"248","ISAEHGK","G1",1
"249","ISAEQGK","G1",1
"250","ISAQHGK","G1",1
"251","ITWEGGK","G1",1
"252","IVAAIGK","G1",1
"253","IVAIVGK","G1",1
"254","IVALVGK","G1",1
"255","IVDAVGK","G1",1
"256","IVEAIGK","G1",1
"257","IYMVDGK","G1",1
"258","KAREDGK","G1",2
"259","KIACIGK","G1",1
"260","KIAFIGK","G1",1
"261","KIAFVGK","G1",1
"262","KIAIIGK","G1",3
"263","KIAILGK","G1",1
"264","KIAIVGK","G1",1
"265","KIAVIGK","G1",1
"266","KIEVEGK","G1",1
"267","KIILVGK","G1",1
"268","KLAIIGK","G1",2
"269","KLAIVGK","G1",3
"270","KLAVIGK","G1",2
"271","KLTRNGK","G1",1
"272","KMAIIGK","G1",1
"273","KSDWNGK","G1",1
"274","KVAIIGK","G1",4
"275","KVAILGK","G1",1
"276","KVAIVGK","G1",3
"277","KVAMIGK","G1",1
"278","KVAVVGK","G1",1
"279","KVCLIGK","G1",1
"280","KVGIIGK","G1",1
"281","KVILVGK","G1",1
"282","LAYDSGK","G1",1
"283","LAYESGK","G1",1
"284","LDLVVGK","G1",1
"285","LETDEGK","G1",1
"286","LETDFGK","G1",1
"287","LETEEGK","G1",1
"288","LETEQGK","G1",1
"289","LFIVDGK","G1",2
"290","LFMVDGK","G1",1
"291","LFVVDGK","G1",2
"292","LKDKPGK","G1",1
"293","LLRKAGK","G1",2
"294","LNALLGK","G1",1
"295","LNRLLGK","G1",1
"296","LRPYWGK","G1",1
"297","LSSKPGK","G1",1
"298","LVAIVGK","G1",1
"299","LVEKRGK","G1",1
"300","LVRKSGK","G1",1
"301","LYLVDGK","G1",1
"302","LYMVDGK","G1",1
"303","LYVVDGK","G1",1
"304","MFIVDGK","G1",1
"305","MIEINGK","G1",1
"306","MLQKSGK","G1",1
"307","MLRRRGK","G1",1
"308","MLRRSGK","G1",2
"309","NASWGGK","G1",1
"310","NIAFIGK","G1",1
"311","NINWSGK","G1",1
"312","NPDSFGK","G1",1
"313","PFERDGK","G1",1
"314","PFEREGK","G1",1
"315","PFERGGK","G1",1
"316","PFRHHGK","G1",1
"317","PFSKDGK","G1",1
"318","PMWYQGK","G1",1
"319","PRKEPGK","G1",1
"320","PYSKDGK","G1",1
"321","RDRHYGK","G1",1
"322","RDRLYGK","G1",1
"323","RDRQYGK","G1",1
"324","RFCVIGK","G1",2
"325","RHYGHGK","G1",1
"326","RHYGNGK","G1",1
"327","RIAFVGK","G1",1
"328","RIAIVGK","G1",1
"329","RIAMIGK","G1",1
"330","RKYTDGK","G1",1
"331","RLAIVGK","G1",3
"332","RVAIVGK","G1",1
"333","RVALVGK","G1",6
"334","RVGIIGK","G1",1
"335","RVSYFGK","G1",1
"336","SFEKNGK","G1",1
"337","SIILIGK","G1",1
"338","SVSALGK","G1",1
"339","TFCIIGK","G1",1
"340","TIAIIGK","G1",1
"341","TIAILGK","G1",1
"342","TIAIVGK","G1",1
"343","TVLIVGK","G1",1
"344","TYNLYGK","G1",1
"345","VETEEGK","G1",1
"346","VFIVDGK","G1",1
"347","VFMVDGK","G1",1
"348","VFVVSGK","G1",1
"349","VIAIIGK","G1",1
"350","VSAEQGK","G1",1
"351","VSALGGK","G1",1
"352","VSAQNGK","G1",1
"353","VVDIIGK","G1",1
"354","VVERNGK","G1",1
"355","WLRRLGK","G1",1
"356","WLRRVGK","G1",1
"357","YAHDQGK","G1",1
"358","YSFGFGK","G1",1
"359","AAAG","G3",2
"360","AAEG","G3",1
"361","AAGG","G3",1
"362","AAIG","G3",2
"363","AASG","G3",1
"364","AATG","G3",2
"365","AAVG","G3",1
"366","ACIG","G3",1
"367","ADDG","G3",1
"368","ADVG","G3",1
"369","AEEG","G3",2
"370","AEHG","G3",3
"371","AEIG","G3",1
"372","AELG","G3",1
"373","AERG","G3",1
"374","AESG","G3",1
"375","AGAG","G3",1
"376","AGKG","G3",1
"377","AGLG","G3",1
"378","AGQG","G3",1
"379","AGRG","G3",2
"380","AGSG","G3",1
"381","AHLG","G3",1
"382","AHQG","G3",1
"383","AIAG","G3",1
"384","AIEG","G3",2
"385","AIFG","G3",1
"386","AIGG","G3",1
"387","AIHG","G3",1
"388","AIIG","G3",4
"389","AILG","G3",1
"390","AIVG","G3",4
"391","AKDG","G3",2
"392","AKEG","G3",1
"393","AKNG","G3",1
"394","AKSG","G3",1
"395","AKTG","G3",6
"396","ALAG","G3",1
"397","ALDG","G3",1
"398","ALHG","G3",3
"399","ALIG","G3",1
"400","ALKG","G3",1
"401","ALTG","G3",1
"402","AMAG","G3",1
"403","AMEG","G3",1
"404","AMHG","G3",3
"405","ANFG","G3",1
"406","ANKG","G3",1
"407","AQDG","G3",1
"408","ARAG","G3",1
"409","AREG","G3",1
"410","ARTG","G3",1
"411","ARVG","G3",1
"412","ASHG","G3",1
"413","ASQG","G3",1
"414","ASSG","G3",1
"415","ASVG","G3",1
"416","ASYG","G3",1
"417","ATEG","G3",5
"418","ATGG","G3",1
"419","ATKG","G3",1
"420","AVIG","G3",1
"421","AVLG","G3",1
"422","AVSG","G3",1
"423","AVTG","G3",1
"424","CIIG","G3",2
"425","CKFG","G3",1
"426","CPEG","G3",1
"427","CRSG","G3",1
"428","DAAA","G3",1
"429","DAAG","G3",1
"430","DAAM","G3",2
"431","DAAQ","G3",1
"432","DAAS","G3",2
"433","DAAT","G3",1
"434","DADD","G3",1
"435","DADE","G3",1
"436","DADS","G3",1
"437","DADT","G3",1
"438","DADV","G3",2
"439","DAEI","G3",1
"440","DAEM","G3",1
"441","DAER","G3",1
"442","DAEW","G3",1
"443","DAFL","G3",1
"444","DAFV","G3",1
"445","DAGA","G3",1
"446","DAGF","G3",1
"447","DAGI","G3",2
"448","DAGK","G3",1
"449","DAGS","G3",1
"450","DAGV","G3",1
"451","DAHD","G3",1
"452","DAHV","G3",1
"453","DAIE","G3",3
"454","DAII","G3",2
"455","DAIK","G3",2
"456","DAIN","G3",2
"457","DAIV","G3",1
"458","DAKD","G3",2
"459","DAKG","G3",4
"460","DAKH","G3",1
"461","DAKI","G3",1
"462","DAKM","G3",1
"463","DAKN","G3",1
"464","DAKS","G3",1
"465","DAKT","G3",1
"466","DALD","G3",1
"467","DALH","G3",1
"468","DALK","G3",1
"469","DALL","G3",1
"470","DALM","G3",1
"471","DALR","G3",8
"472","DAND","G3",1
"473","DANI","G3",1
"474","DANV","G3",11
"475","DAPF","G3",1
"476","DAPM","G3",1
"477","DAQD","G3",1
"478","DAQQ","G3",3
"479","DARA","G3",1
"480","DARE","G3",2
"481","DARG","G3",1
"482","DARH","G3",2
"483","DARQ","G3",2
"484","DARS","G3",1
"485","DASA","G3",1
"486","DASS","G3",1
"487","DASV","G3",3
"488","DATD","G3",1
"489","DATE","G3",3
"490","DATH","G3",1
"491","DATI","G3",1
"492","DAVE","G3",1
"493","DAVG","G3",1
"494","DAVL","G3",2
"495","DAVM","G3",1
"496","DAVS","G3",4
"497","DAVT","G3",3
"498","DAVV","G3",1
"499","DCKT","G3",1
"500","DCLL","G3",1
"501","DCQT","G3",1
"502","DCRS","G3",1
"503","DDDF","G3",1
"504","DDDL","G3",1
"505","DDDP","G3",1
"506","DDDS","G3",1
"507","DDDT","G3",1
"508","DDEA","G3",1
"509","DDED","G3",2
"510","DDEE","G3",1
"511","DDEK","G3",2
"512","DDES","G3",1
"513","DDET","G3",1
"514","DDEV","G3",1
"515","DDFA","G3",1
"516","DDFF","G3",1
"517","DDFY","G3",1
"518","DDGG","G3",1
"519","DDGI","G3",1
"520","DDGR","G3",2
"521","DDGV","G3",1
"522","DDHE","G3",1
"523","DDHT","G3",1
"524","DDIE","G3",2
"525","DDIF","G3",1
"526","DDII","G3",2
"527","DDIL","G3",1
"528","DDKE","G3",1
"529","DDKL","G3",2
"530","DDKT","G3",2
"531","DDLE","G3",1
"532","DDLM","G3",1
"533","DDLT","G3",1
"534","DDLY","G3",1
"535","DDNI","G3",2
"536","DDNS","G3",1
"537","DDNT","G3",1
"538","DDPE","G3",2
"539","DDPL","G3",1
"540","DDPN","G3",1
"541","DDQA","G3",1
"542","DDQD","G3",1
"543","DDQE","G3",1
"544","DDQS","G3",1
"545","DDQT","G3",1
"546","DDRE","G3",1
"547","DDRY","G3",1
"548","DDSD","G3",2
"549","DDSE","G3",1
"550","DDSL","G3",1
"551","DDSN","G3",2
"552","DDSS","G3",1
"553","DDTE","G3",1
"554","DDTK","G3",1
"555","DDTV","G3",1
"556","DDVD","G3",1
"557","DDVF","G3",2
"558","DDVY","G3",1
"559","DDYM","G3",1
"560","DEAA","G3",1
"561","DEAD","G3",2
"562","DEAG","G3",1
"563","DEAS","G3",1
"564","DEAV","G3",3
"565","DECY","G3",1
"566","DEDK","G3",4
"567","DEDP","G3",2
"568","DEDQ","G3",1
"569","DEDR","G3",1
"570","DEDV","G3",1
"571","DEED","G3",2
"572","DEEG","G3",2
"573","DEEI","G3",1
"574","DEEK","G3",2
"575","DEEM","G3",1
"576","DEER","G3",1
"577","DEES","G3",1
"578","DEET","G3",1
"579","DEEV","G3",2
"580","DEFD","G3",1
"581","DEFI","G3",2
"582","DEFM","G3",1
"583","DEFV","G3",1
"584","DEGA","G3",1
"585","DEGI","G3",1
"586","DEGK","G3",1
"587","DEGL","G3",1
"588","DEGP","G3",1
"589","DEHG","G3",1
"590","DEHP","G3",1
"591","DEII","G3",3
"592","DEIL","G3",1
"593","DEIR","G3",2
"594","DEIS","G3",1
"595","DEKI","G3",2
"596","DEKK","G3",2
"597","DEKM","G3",1
"598","DEKV","G3",2
"599","DEKY","G3",2
"600","DELF","G3",2
"601","DELH","G3",1
"602","DELI","G3",3
"603","DELL","G3",1
"604","DELR","G3",1
"605","DELS","G3",1
"606","DELV","G3",3
"607","DEMI","G3",2
"608","DEMV","G3",1
"609","DENA","G3",1
"610","DENP","G3",2
"611","DENY","G3",1
"612","DEPF","G3",1
"613","DEPL","G3",1
"614","DEPQ","G3",1
"615","DEQG","G3",1
"616","DEQR","G3",1
"617","DEQV","G3",1
"618","DERE","G3",2
"619","DERL","G3",1
"620","DERP","G3",1
"621","DESD","G3",2
"622","DESE","G3",1
"623","DESN","G3",1
"624","DESS","G3",1
"625","DETE","G3",1
"626","DETF","G3",1
"627","DEVF","G3",1
"628","DEVG","G3",1
"629","DEVI","G3",1
"630","DEVK","G3",1
"631","DEVV","G3",2
"632","DEWE","G3",1
"633","DFAE","G3",2
"634","DFAP","G3",1
"635","DFAQ","G3",1
"636","DFDK","G3",2
"637","DFEA","G3",1
"638","DFER","G3",1
"639","DFFA","G3",1
"640","DFFM","G3",1
"641","DFGD","G3",1
"642","DFGE","G3",1
"643","DFGK","G3",1
"644","DFGL","G3",1
"645","DFHE","G3",1
"646","DFIV","G3",2
"647","DFKE","G3",1
"648","DFKK","G3",1
"649","DFKL","G3",1
"650","DFKV","G3",1
"651","DFLL","G3",2
"652","DFLM","G3",1
"653","DFLP","G3",1
"654","DFLV","G3",1
"655","DFML","G3",1
"656","DFNL","G3",1
"657","DFNV","G3",1
"658","DFQD","G3",1
"659","DFQI","G3",1
"660","DFQN","G3",1
"661","DFQR","G3",1
"662","DFQV","G3",1
"663","DFRI","G3",2
"664","DFSL","G3",1
"665","DFSQ","G3",1
"666","DFSY","G3",1
"667","DFTI","G3",1
"668","DFTV","G3",2
"669","DFVI","G3",1
"670","DFVL","G3",1
"671","DFVR","G3",1
"672","DFYA","G3",2
"673","DFYG","G3",2
"674","DFYL","G3",3
"675","DFYS","G3",2
"676","DFYV","G3",1
"677","DGAE","G3",1
"678","DGDD","G3",1
"679","DGDL","G3",1
"680","DGDR","G3",1
"681","DGDT","G3",1
"682","DGDV","G3",1
"683","DGED","G3",1
"684","DGEK","G3",1
"685","DGFA","G3",1
"686","DGFP","G3",1
"687","DGGD","G3",1
"688","DGGP","G3",1
"689","DGHA","G3",1
"690","DGID","G3",3
"691","DGIL","G3",2
"692","DGIM","G3",1
"693","DGIS","G3",1
"694","DGKD","G3",1
"695","DGKE","G3",2
"696","DGKF","G3",1
"697","DGKK","G3",2
"698","DGKL","G3",1
"699","DGKM","G3",1
"700","DGKN","G3",2
"701","DGKQ","G3",1
"702","DGKS","G3",1
"703","DGLA","G3",2
"704","DGLE","G3",1
"705","DGLG","G3",1
"706","DGLR","G3",7
"707","DGMN","G3",1
"708","DGMP","G3",1
"709","DGMT","G3",1
"710","DGNE","G3",1
"711","DGNQ","G3",1
"712","DGQD","G3",2
"713","DGQE","G3",2
"714","DGQH","G3",1
"715","DGQK","G3",5
"716","DGQQ","G3",1
"717","DGRA","G3",2
"718","DGRE","G3",4
"719","DGRG","G3",1
"720","DGRK","G3",1
"721","DGRN","G3",1
"722","DGRP","G3",1
"723","DGRS","G3",2
"724","DGSE","G3",2
"725","DGTE","G3",2
"726","DGTK","G3",2
"727","DGVE","G3",2
"728","DGVI","G3",1
"729","DGVK","G3",1
"730","DGVT","G3",1
"731","DHAP","G3",1
"732","DHDI","G3",1
"733","DHEE","G3",1
"734","DHFQ","G3",1
"735","DHGK","G3",1
"736","DHNS","G3",1
"737","DHTL","G3",1
"738","DHVL","G3",1
"739","DHYA","G3",1
"740","DHYF","G3",1
"741","DIAE","G3",1
"742","DIAI","G3",3
"743","DIAM","G3",1
"744","DIAN","G3",1
"745","DICI","G3",1
"746","DICL","G3",2
"747","DICV","G3",1
"748","DIDD","G3",1
"749","DIED","G3",1
"750","DIEF","G3",2
"751","DIEK","G3",1
"752","DIEN","G3",2
"753","DIER","G3",1
"754","DIEV","G3",1
"755","DIFE","G3",2
"756","DIFQ","G3",1
"757","DIGD","G3",1
"758","DIIE","G3",1
"759","DIIG","G3",1
"760","DIII","G3",2
"761","DIIL","G3",5
"762","DIIM","G3",1
"763","DIIN","G3",1
"764","DIIQ","G3",1
"765","DIIS","G3",1
"766","DIIT","G3",1
"767","DIIV","G3",1
"768","DIKL","G3",1
"769","DILD","G3",1
"770","DILE","G3",1
"771","DILF","G3",1
"772","DILK","G3",1
"773","DILV","G3",1
"774","DINE","G3",1
"775","DINK","G3",1
"776","DIPE","G3",1
"777","DIPK","G3",1
"778","DIRS","G3",1
"779","DIRT","G3",1
"780","DISG","G3",1
"781","DITL","G3",1
"782","DIVL","G3",3
"783","DIVV","G3",1
"784","DIYD","G3",2
"785","DIYK","G3",1
"786","DKAE","G3",2
"787","DKAF","G3",3
"788","DKAI","G3",1
"789","DKAK","G3",1
"790","DKDS","G3",2
"791","DKDT","G3",3
"792","DKED","G3",1
"793","DKEF","G3",2
"794","DKEG","G3",1
"795","DKEI","G3",2
"796","DKEY","G3",5
"797","DKFA","G3",2
"798","DKFG","G3",1
"799","DKFI","G3",1
"800","DKFK","G3",1
"801","DKFL","G3",1
"802","DKFM","G3",1
"803","DKFN","G3",1
"804","DKFS","G3",1
"805","DKGR","G3",1
"806","DKHK","G3",1
"807","DKHV","G3",1
"808","DKII","G3",1
"809","DKIK","G3",2
"810","DKIM","G3",2
"811","DKIV","G3",1
"812","DKKC","G3",1
"813","DKKF","G3",1
"814","DKKI","G3",4
"815","DKKK","G3",1
"816","DKKY","G3",1
"817","DKLE","G3",4
"818","DKLH","G3",1
"819","DKLK","G3",1
"820","DKLL","G3",2
"821","DKLR","G3",1
"822","DKLS","G3",2
"823","DKNC","G3",1
"824","DKNF","G3",1
"825","DKPF","G3",2
"826","DKPI","G3",1
"827","DKPT","G3",1
"828","DKPV","G3",2
"829","DKPY","G3",1
"830","DKQF","G3",1
"831","DKQL","G3",1
"832","DKQV","G3",1
"833","DKQY","G3",1
"834","DKRF","G3",1
"835","DKRI","G3",2
"836","DKRV","G3",2
"837","DKSI","G3",1
"838","DKTA","G3",2
"839","DKTD","G3",2
"840","DKTF","G3",2
"841","DKTL","G3",1
"842","DKTM","G3",1
"843","DKTR","G3",1
"844","DKTY","G3",1
"845","DKVE","G3",2
"846","DKVI","G3",3
"847","DKWQ","G3",1
"848","DKYA","G3",1
"849","DKYT","G3",2
"850","DLAF","G3",1
"851","DLAK","G3",1
"852","DLAV","G3",1
"853","DLCF","G3",1
"854","DLDF","G3",4
"855","DLDM","G3",1
"856","DLEE","G3",1
"857","DLEF","G3",3
"858","DLEL","G3",1
"859","DLER","G3",2
"860","DLEY","G3",2
"861","DLGD","G3",1
"862","DLGY","G3",1
"863","DLHF","G3",1
"864","DLID","G3",2
"865","DLIE","G3",3
"866","DLIH","G3",1
"867","DLIK","G3",4
"868","DLIL","G3",4
"869","DLIQ","G3",1
"870","DLIT","G3",1
"871","DLIV","G3",1
"872","DLKF","G3",1
"873","DLKR","G3",1
"874","DLKV","G3",1
"875","DLLD","G3",5
"876","DLLE","G3",2
"877","DLLN","G3",1
"878","DLLS","G3",1
"879","DLMA","G3",1
"880","DLNF","G3",1
"881","DLNR","G3",1
"882","DLNV","G3",1
"883","DLPK","G3",1
"884","DLPT","G3",1
"885","DLQF","G3",1
"886","DLRD","G3",1
"887","DLRF","G3",2
"888","DLSD","G3",1
"889","DLSF","G3",1
"890","DLSI","G3",3
"891","DLSL","G3",7
"892","DLTL","G3",1
"893","DLTS","G3",1
"894","DLVD","G3",1
"895","DLVE","G3",3
"896","DLVF","G3",1
"897","DLVI","G3",3
"898","DLVK","G3",3
"899","DLVV","G3",1
"900","DLYF","G3",1
"901","DLYI","G3",1
"902","DMAE","G3",2
"903","DMAI","G3",1
"904","DMAM","G3",1
"905","DMAN","G3",1
"906","DMAV","G3",1
"907","DMGD","G3",1
"908","DMLA","G3",1
"909","DMLD","G3",3
"910","DMML","G3",1
"911","DMNF","G3",1
"912","DMNI","G3",1
"913","DMPG","G3",1
"914","DMPI","G3",1
"915","DMPN","G3",1
"916","DMPS","G3",1
"917","DMQV","G3",1
"918","DMRI","G3",1
"919","DMTI","G3",1
"920","DMVV","G3",1
"921","DMYS","G3",2
"922","DNDF","G3",1
"923","DNEV","G3",1
"924","DNFD","G3",1
"925","DNHF","G3",1
"926","DNHT","G3",3
"927","DNHW","G3",1
"928","DNIE","G3",1
"929","DNIN","G3",1
"930","DNIY","G3",1
"931","DNKK","G3",1
"932","DNKY","G3",1
"933","DNLE","G3",1
"934","DNLM","G3",1
"935","DNMG","G3",1
"936","DNMY","G3",1
"937","DNNK","G3",2
"938","DNNS","G3",1
"939","DNNW","G3",1
"940","DNNY","G3",1
"941","DNPE","G3",3
"942","DNPQ","G3",1
"943","DNSD","G3",1
"944","DNSL","G3",1
"945","DNSN","G3",1
"946","DNTE","G3",1
"947","DNTY","G3",1
"948","DNVN","G3",1
"949","DNVS","G3",1
"950","DNYM","G3",1
"951","DPDA","G3",1
"952","DPDP","G3",1
"953","DPDV","G3",1
"954","DPEG","G3",1
"955","DPEK","G3",1
"956","DPER","G3",1
"957","DPFP","G3",1
"958","DPGI","G3",1
"959","DPIP","G3",2
"960","DPIT","G3",1
"961","DPKD","G3",1
"962","DPLV","G3",1
"963","DPMA","G3",1
"964","DPMP","G3",1
"965","DPNA","G3",1
"966","DPNL","G3",1
"967","DPNV","G3",2
"968","DPSL","G3",1
"969","DPST","G3",1
"970","DPVA","G3",1
"971","DPVD","G3",1
"972","DPVE","G3",1
"973","DPVL","G3",1
"974","DPVN","G3",1
"975","DPVT","G3",1
"976","DPYD","G3",1
"977","DPYP","G3",2
"978","DQAE","G3",1
"979","DQAM","G3",1
"980","DQCL","G3",1
"981","DQDA","G3",1
"982","DQDF","G3",1
"983","DQDG","G3",1
"984","DQDL","G3",7
"985","DQDY","G3",1
"986","DQEF","G3",2
"987","DQES","G3",1
"988","DQEY","G3",1
"989","DQFF","G3",1
"990","DQGC","G3",1
"991","DQGK","G3",1
"992","DQHY","G3",1
"993","DQIE","G3",1
"994","DQIK","G3",2
"995","DQIL","G3",1
"996","DQIS","G3",1
"997","DQKF","G3",2
"998","DQKI","G3",3
"999","DQKL","G3",2
"1000","DQKM","G3",1
"1001","DQKY","G3",1
"1002","DQLL","G3",1
"1003","DQPF","G3",2
"1004","DQPL","G3",1
"1005","DQQE","G3",1
"1006","DQQL","G3",1
"1007","DQRI","G3",1
"1008","DQRY","G3",1
"1009","DQSL","G3",1
"1010","DQST","G3",1
"1011","DQSY","G3",1
"1012","DQTE","G3",1
"1013","DQTM","G3",1
"1014","DQVD","G3",1
"1015","DQVR","G3",1
"1016","DQVT","G3",1
"1017","DQYV","G3",1
"1018","DRAA","G3",1
"1019","DRAC","G3",1
"1020","DRAI","G3",1
"1021","DRCD","G3",1
"1022","DRDF","G3",1
"1023","DRDQ","G3",1
"1024","DRDY","G3",1
"1025","DREF","G3",1
"1026","DREN","G3",1
"1027","DREY","G3",2
"1028","DRFQ","G3",1
"1029","DRFS","G3",1
"1030","DRFV","G3",1
"1031","DRGI","G3",1
"1032","DRKL","G3",1
"1033","DRLL","G3",5
"1034","DRML","G3",2
"1035","DRNE","G3",1
"1036","DRNF","G3",1
"1037","DRNL","G3",1
"1038","DRPF","G3",1
"1039","DRPI","G3",1
"1040","DRPT","G3",1
"1041","DRPY","G3",1
"1042","DRQY","G3",1
"1043","DRRL","G3",1
"1044","DRSD","G3",3
"1045","DRSE","G3",1
"1046","DRSF","G3",1
"1047","DRSY","G3",2
"1048","DRTQ","G3",1
"1049","DRTW","G3",1
"1050","DRVF","G3",1
"1051","DRVM","G3",2
"1052","DRVS","G3",1
"1053","DRVW","G3",1
"1054","DRYV","G3",1
"1055","DSAG","G3",1
"1056","DSAM","G3",2
"1057","DSAT","G3",1
"1058","DSDF","G3",1
"1059","DSDG","G3",1
"1060","DSDK","G3",1
"1061","DSDN","G3",1
"1062","DSDS","G3",2
"1063","DSDV","G3",2
"1064","DSED","G3",1
"1065","DSEF","G3",1
"1066","DSEK","G3",1
"1067","DSEV","G3",1
"1068","DSFG","G3",1
"1069","DSGE","G3",1
"1070","DSGG","G3",1
"1071","DSGI","G3",1
"1072","DSHL","G3",1
"1073","DSHT","G3",1
"1074","DSHY","G3",1
"1075","DSIA","G3",1
"1076","DSIE","G3",4
"1077","DSII","G3",2
"1078","DSIK","G3",1
"1079","DSIQ","G3",1
"1080","DSIS","G3",2
"1081","DSIT","G3",1
"1082","DSIV","G3",1
"1083","DSIY","G3",1
"1084","DSKK","G3",2
"1085","DSKT","G3",1
"1086","DSLE","G3",1
"1087","DSLI","G3",2
"1088","DSLN","G3",1
"1089","DSLQ","G3",1
"1090","DSLR","G3",4
"1091","DSLS","G3",3
"1092","DSMG","G3",1
"1093","DSNE","G3",1
"1094","DSNV","G3",2
"1095","DSPK","G3",1
"1096","DSQW","G3",2
"1097","DSRE","G3",1
"1098","DSRF","G3",1
"1099","DSRT","G3",1
"1100","DSSD","G3",1
"1101","DSSE","G3",1
"1102","DSSS","G3",1
"1103","DSTI","G3",1
"1104","DSTS","G3",1
"1105","DSVM","G3",1
"1106","DSYM","G3",1
"1107","DTAF","G3",1
"1108","DTAG","G3",59
"1109","DTAI","G3",2
"1110","DTAL","G3",1
"1111","DTCG","G3",1
"1112","DTDF","G3",1
"1113","DTDL","G3",1
"1114","DTDN","G3",1
"1115","DTEE","G3",1
"1116","DTEF","G3",2
"1117","DTEN","G3",1
"1118","DTEV","G3",1
"1119","DTEY","G3",1
"1120","DTFA","G3",1
"1121","DTFK","G3",1
"1122","DTFS","G3",1
"1123","DTGD","G3",1
"1124","DTGG","G3",16
"1125","DTGL","G3",1
"1126","DTHV","G3",1
"1127","DTIE","G3",4
"1128","DTIK","G3",1
"1129","DTIN","G3",1
"1130","DTIQ","G3",1
"1131","DTIS","G3",1
"1132","DTKF","G3",2
"1133","DTKI","G3",1
"1134","DTKL","G3",1
"1135","DTKT","G3",1
"1136","DTLE","G3",2
"1137","DTLF","G3",1
"1138","DTLI","G3",1
"1139","DTLK","G3",1
"1140","DTLL","G3",3
"1141","DTLM","G3",2
"1142","DTLR","G3",6
"1143","DTLS","G3",1
"1144","DTLV","G3",2
"1145","DTMF","G3",1
"1146","DTPF","G3",3
"1147","DTPG","G3",6
"1148","DTPM","G3",1
"1149","DTPY","G3",1
"1150","DTRF","G3",2
"1151","DTSA","G3",1
"1152","DTSF","G3",1
"1153","DTSG","G3",1
"1154","DTSV","G3",1
"1155","DTTF","G3",2
"1156","DTTY","G3",1
"1157","DTVC","G3",2
"1158","DTVE","G3",4
"1159","DTVI","G3",1
"1160","DTVK","G3",1
"1161","DTVV","G3",2
"1162","DTVY","G3",1
"1163","DTYF","G3",1
"1164","DTYQ","G3",1
"1165","DVAI","G3",3
"1166","DVAL","G3",3
"1167","DVAS","G3",1
"1168","DVCC","G3",1
"1169","DVCI","G3",3
"1170","DVCL","G3",1
"1171","DVCT","G3",1
"1172","DVCV","G3",1
"1173","DVDA","G3",1
"1174","DVEG","G3",1
"1175","DVEI","G3",1
"1176","DVEL","G3",1
"1177","DVEN","G3",1
"1178","DVEW","G3",1
"1179","DVEY","G3",1
"1180","DVFE","G3",2
"1181","DVFQ","G3",1
"1182","DVGI","G3",1
"1183","DVGV","G3",1
"1184","DVID","G3",1
"1185","DVIF","G3",1
"1186","DVII","G3",3
"1187","DVIL","G3",5
"1188","DVIP","G3",1
"1189","DVIS","G3",1
"1190","DVIV","G3",2
"1191","DVKM","G3",1
"1192","DVLD","G3",1
"1193","DVLG","G3",2
"1194","DVLS","G3",2
"1195","DVLV","G3",1
"1196","DVMN","G3",1
"1197","DVNL","G3",1
"1198","DVPE","G3",1
"1199","DVPF","G3",2
"1200","DVPM","G3",2
"1201","DVRR","G3",1
"1202","DVSL","G3",1
"1203","DVTD","G3",1
"1204","DVTV","G3",1
"1205","DVVC","G3",1
"1206","DVVE","G3",3
"1207","DVVI","G3",3
"1208","DVVL","G3",6
"1209","DVVV","G3",2
"1210","DVVY","G3",1
"1211","DVWR","G3",1
"1212","DVYD","G3",1
"1213","DVYE","G3",1
"1214","DWDW","G3",1
"1215","DWEY","G3",1
"1216","DWIY","G3",1
"1217","DWKY","G3",1
"1218","DWLF","G3",1
"1219","DYAI","G3",1
"1220","DYAP","G3",1
"1221","DYDI","G3",1
"1222","DYEA","G3",1
"1223","DYFQ","G3",1
"1224","DYFV","G3",1
"1225","DYGA","G3",1
"1226","DYGI","G3",2
"1227","DYGP","G3",2
"1228","DYGT","G3",1
"1229","DYKS","G3",1
"1230","DYLR","G3",1
"1231","DYLV","G3",1
"1232","DYMS","G3",1
"1233","DYNF","G3",1
"1234","DYQI","G3",1
"1235","DYTK","G3",1
"1236","DYTL","G3",1
"1237","DYVE","G3",1
"1238","DYVF","G3",1
"1239","DYVI","G3",1
"1240","DYVL","G3",2
"1241","DYVM","G3",1
"1242","DYYA","G3",2
"1243","EAFG","G3",1
"1244","EDAG","G3",1
"1245","EDDG","G3",1
"1246","EDEG","G3",1
"1247","EEAG","G3",1
"1248","EEEG","G3",2
"1249","EEQG","G3",1
"1250","EETG","G3",1
"1251","EFEG","G3",1
"1252","EFFG","G3",2
"1253","EFQG","G3",1
"1254","EGFG","G3",1
"1255","EGVG","G3",1
"1256","EIDG","G3",2
"1257","EIEG","G3",2
"1258","EIIG","G3",1
"1259","EING","G3",2
"1260","EIRG","G3",1
"1261","EKDG","G3",2
"1262","EKFG","G3",1
"1263","EKNG","G3",1
"1264","EKRG","G3",1
"1265","EKYG","G3",1
"1266","ELEG","G3",1
"1267","ELGG","G3",4
"1268","ELHG","G3",1
"1269","ELYG","G3",1
"1270","EMDG","G3",1
"1271","EMGG","G3",1
"1272","ENRG","G3",1
"1273","EPRG","G3",1
"1274","EQSG","G3",1
"1275","ERDG","G3",6
"1276","EREG","G3",3
"1277","ERGG","G3",2
"1278","ERLG","G3",1
"1279","ERMG","G3",1
"1280","ERNG","G3",2
"1281","ESEG","G3",1
"1282","EVEG","G3",1
"1283","EVVG","G3",1
"1284","EWAG","G3",1
"1285","EWYG","G3",1
"1286","EYFG","G3",1
"1287","EYYG","G3",1
"1288","FDTG","G3",1
"1289","FENG","G3",1
"1290","FERG","G3",2
"1291","FIDG","G3",1
"1292","FLSG","G3",1
"1293","FNAG","G3",1
"1294","FNDG","G3",1
"1295","FSIG","G3",1
"1296","FSLG","G3",2
"1297","FSVG","G3",1
"1298","FTDG","G3",1
"1299","FVPG","G3",1
"1300","GAKG","G3",1
"1301","GEHG","G3",1
"1302","GEKG","G3",1
"1303","GFVG","G3",1
"1304","GGIG","G3",2
"1305","GGLG","G3",1
"1306","GGMG","G3",2
"1307","GIAG","G3",1
"1308","GIDG","G3",3
"1309","GIEG","G3",1
"1310","GIHG","G3",1
"1311","GING","G3",1
"1312","GIRG","G3",1
"1313","GISG","G3",1
"1314","GITG","G3",1
"1315","GKEG","G3",1
"1316","GKQG","G3",1
"1317","GKSG","G3",1
"1318","GLAG","G3",1
"1319","GLDG","G3",1
"1320","GLEG","G3",1
"1321","GLFG","G3",1
"1322","GLSG","G3",1
"1323","GLTG","G3",1
"1324","GMVG","G3",1
"1325","GNQG","G3",1
"1326","GPAG","G3",1
"1327","GPEG","G3",1
"1328","GPKG","G3",1
"1329","GPRG","G3",1
"1330","GQKG","G3",1
"1331","GRAG","G3",1
"1332","GRIG","G3",1
"1333","GRSG","G3",1
"1334","GVGG","G3",2
"1335","HDQG","G3",1
"1336","HEAG","G3",2
"1337","HELG","G3",1
"1338","HERG","G3",1
"1339","HETG","G3",1
"1340","HEYG","G3",1
"1341","HGIG","G3",1
"1342","HGLG","G3",1
"1343","HGRG","G3",6
"1344","HGSG","G3",2
"1345","HGYG","G3",1
"1346","HKNG","G3",1
"1347","HLGG","G3",1
"1348","HNDG","G3",1
"1349","HNLG","G3",1
"1350","HNTG","G3",1
"1351","HQAG","G3",1
"1352","HQGG","G3",1
"1353","HTLG","G3",1
"1354","HVAG","G3",2
"1355","IAPG","G3",1
"1356","IDAG","G3",2
"1357","IDDG","G3",2
"1358","IDIG","G3",1
"1359","IDLG","G3",1
"1360","IDMG","G3",1
"1361","IDPG","G3",1
"1362","IDRG","G3",1
"1363","IDSG","G3",1
"1364","IDTG","G3",6
"1365","IDYG","G3",1
"1366","IEDG","G3",1
"1367","IEFG","G3",2
"1368","IEIG","G3",1
"1369","IELG","G3",6
"1370","IEMG","G3",1
"1371","IEQG","G3",1
"1372","IERG","G3",2
"1373","IEVG","G3",1
"1374","IEYG","G3",1
"1375","IFEG","G3",1
"1376","IGMG","G3",1
"1377","IGTG","G3",1
"1378","IIDG","G3",1
"1379","IIGG","G3",1
"1380","IIQG","G3",1
"1381","IKNG","G3",1
"1382","ILRG","G3",1
"1383","INFG","G3",1
"1384","INMG","G3",1
"1385","IPTG","G3",2
"1386","ISAG","G3",2
"1387","ISTG","G3",1
"1388","ITDG","G3",1
"1389","KAEG","G3",2
"1390","KASG","G3",1
"1391","KDTG","G3",1
"1392","KEDG","G3",1
"1393","KETG","G3",1
"1394","KEVG","G3",1
"1395","KGKG","G3",2
"1396","KIAG","G3",2
"1397","KIDG","G3",1
"1398","KIEG","G3",5
"1399","KIGG","G3",2
"1400","KIIG","G3",1
"1401","KILG","G3",3
"1402","KIQG","G3",2
"1403","KIVG","G3",2
"1404","KIWG","G3",1
"1405","KKKG","G3",1
"1406","KKRG","G3",1
"1407","KLLG","G3",1
"1408","KLTG","G3",1
"1409","KMAG","G3",1
"1410","KRKG","G3",1
"1411","KRVG","G3",1
"1412","KTDG","G3",1
"1413","KTEG","G3",1
"1414","KVDG","G3",2
"1415","KVNG","G3",1
"1416","KVSG","G3",1
"1417","KVYG","G3",1
"1418","KWDG","G3",8
"1419","KYCG","G3",1
"1420","KYDG","G3",1
"1421","KYNG","G3",1
"1422","LALG","G3",1
"1423","LDAG","G3",1
"1424","LDEG","G3",1
"1425","LDFG","G3",1
"1426","LDGG","G3",1
"1427","LDQG","G3",1
"1428","LDSG","G3",1
"1429","LDTG","G3",3
"1430","LEFG","G3",2
"1431","LFGG","G3",1
"1432","LGFG","G3",3
"1433","LGIG","G3",2
"1434","LGLG","G3",8
"1435","LHSG","G3",1
"1436","LIHG","G3",1
"1437","LKAG","G3",1
"1438","LLFG","G3",1
"1439","LLTG","G3",4
"1440","LLVG","G3",1
"1441","LMAG","G3",1
"1442","LNAG","G3",4
"1443","LNSG","G3",1
"1444","LQEG","G3",1
"1445","LQQG","G3",3
"1446","LRFG","G3",1
"1447","LRSG","G3",1
"1448","LSDG","G3",1
"1449","LSEG","G3",1
"1450","LSLG","G3",1
"1451","LSSG","G3",1
"1452","LSVG","G3",3
"1453","LTAG","G3",1
"1454","LVDG","G3",2
"1455","LVFG","G3",1
"1456","LVIG","G3",1
"1457","LVNG","G3",1
"1458","LVVG","G3",1
"1459","LWSG","G3",1
"1460","MAQG","G3",1
"1461","MDTG","G3",2
"1462","MGLG","G3",1
"1463","MLTG","G3",1
"1464","MQSG","G3",1
"1465","MRIG","G3",1
"1466","MTNG","G3",1
"1467","MVDG","G3",3
"1468","MVNG","G3",1
"1469","NADG","G3",1
"1470","NAKG","G3",1
"1471","NDDG","G3",1
"1472","NDYG","G3",1
"1473","NEEG","G3",1
"1474","NEHG","G3",1
"1475","NGKG","G3",1
"1476","NKAG","G3",1
"1477","NKKG","G3",1
"1478","NRTG","G3",1
"1479","NSFG","G3",1
"1480","NSMG","G3",1
"1481","NTDG","G3",1
"1482","NVFG","G3",1
"1483","NVKG","G3",2
"1484","NWSG","G3",1
"1485","NYKG","G3",1
"1486","PDAG","G3",1
"1487","PDTG","G3",1
"1488","PEAG","G3",5
"1489","PEDG","G3",1
"1490","PESG","G3",1
"1491","PIPG","G3",1
"1492","PISG","G3",1
"1493","PMVG","G3",2
"1494","PNAG","G3",2
"1495","PNSG","G3",1
"1496","PNTG","G3",1
"1497","PNVG","G3",5
"1498","PVSG","G3",1
"1499","QALG","G3",1
"1500","QASG","G3",5
"1501","QAVG","G3",1
"1502","QDAG","G3",1
"1503","QDTG","G3",6
"1504","QEKG","G3",2
"1505","QESG","G3",1
"1506","QGLG","G3",1
"1507","QIDG","G3",1
"1508","QVNG","G3",1
"1509","RAMG","G3",1
"1510","RDHG","G3",1
"1511","RDKG","G3",1
"1512","REKG","G3",1
"1513","RFLG","G3",1
"1514","RGKG","G3",2
"1515","RGTG","G3",2
"1516","RGVG","G3",1
"1517","RHKG","G3",1
"1518","RHRG","G3",2
"1519","RIAG","G3",2
"1520","RIIG","G3",1
"1521","RILG","G3",2
"1522","RKKG","G3",2
"1523","RKLG","G3",1
"1524","RKRG","G3",22
"1525","RKSG","G3",3
"1526","RKVG","G3",4
"1527","RLMG","G3",1
"1528","RMAG","G3",1
"1529","RMLG","G3",1
"1530","RPFG","G3",1
"1531","RRAG","G3",1
"1532","RRKG","G3",12
"1533","RRLG","G3",1
"1534","RRPG","G3",1
"1535","RRRG","G3",22
"1536","RRSG","G3",3
"1537","RTHG","G3",3
"1538","RTRG","G3",1
"1539","RVAG","G3",2
"1540","RVNG","G3",1
"1541","RWNG","G3",1
"1542","SDVG","G3",1
"1543","SECG","G3",1
"1544","SEEG","G3",2
"1545","SEGG","G3",1
"1546","SEKG","G3",1
"1547","SFIG","G3",1
"1548","SGIG","G3",1
"1549","SGTG","G3",1
"1550","SGVG","G3",1
"1551","SIAG","G3",1
"1552","SIIG","G3",2
"1553","SIKG","G3",1
"1554","SKDG","G3",2
"1555","SKKG","G3",1
"1556","SKLG","G3",1
"1557","SKVG","G3",1
"1558","SLEG","G3",1
"1559","SLIG","G3",1
"1560","SLLG","G3",6
"1561","SLQG","G3",1
"1562","SLVG","G3",1
"1563","SMLG","G3",2
"1564","SNFG","G3",1
"1565","SQAG","G3",1
"1566","SREG","G3",1
"1567","SRTG","G3",2
"1568","SSFG","G3",1
"1569","SSSG","G3",1
"1570","STSG","G3",1
"1571","SVHG","G3",1
"1572","SYDG","G3",1
"1573","SYFG","G3",1
"1574","TAEG","G3",1
"1575","TAIG","G3",2
"1576","TASG","G3",1
"1577","TATG","G3",1
"1578","TAYG","G3",1
"1579","TDEG","G3",1
"1580","TDFG","G3",1
"1581","TEDG","G3",2
"1582","TEEG","G3",4
"1583","TEFG","G3",1
"1584","TENG","G3",1
"1585","TEQG","G3",2
"1586","TFDG","G3",1
"1587","TGHG","G3",1
"1588","TGKG","G3",1
"1589","TING","G3",1
"1590","TKKG","G3",1
"1591","TLAG","G3",1
"1592","TLDG","G3",1
"1593","TLEG","G3",1
"1594","TLPG","G3",1
"1595","TLQG","G3",1
"1596","TLWG","G3",1
"1597","TNDG","G3",1
"1598","TRDG","G3",1
"1599","TRNG","G3",1
"1600","TRVG","G3",1
"1601","TSIG","G3",1
"1602","TTLG","G3",1
"1603","TVAG","G3",1
"1604","TWEG","G3",2
"1605","TWNG","G3",1
"1606","VADG","G3",3
"1607","VAEG","G3",1
"1608","VASG","G3",1
"1609","VAYG","G3",1
"1610","VDEG","G3",1
"1611","VDFG","G3",1
"1612","VDSG","G3",1
"1613","VDTG","G3",9
"1614","VDYG","G3",4
"1615","VENG","G3",1
"1616","VEQG","G3",1
"1617","VERG","G3",1
"1618","VEYG","G3",3
"1619","VFEG","G3",1
"1620","VGDG","G3",1
"1621","VGEG","G3",1
"1622","VIAG","G3",1
"1623","VIDG","G3",2
"1624","VIHG","G3",1
"1625","VKDG","G3",2
"1626","VKEG","G3",1
"1627","VKSG","G3",1
"1628","VKYG","G3",2
"1629","VLDG","G3",1
"1630","VLFG","G3",1
"1631","VMDG","G3",1
"1632","VMNG","G3",1
"1633","VNEG","G3",1
"1634","VNFG","G3",1
"1635","VNLG","G3",1
"1636","VNYG","G3",2
"1637","VQDG","G3",1
"1638","VQIG","G3",1
"1639","VQYG","G3",1
"1640","VREG","G3",1
"1641","VRRG","G3",1
"1642","VSDG","G3",3
"1643","VSYG","G3",2
"1644","VTDG","G3",1
"1645","VTTG","G3",1
"1646","VVDG","G3",3
"1647","VVGG","G3",1
"1648","WEGG","G3",1
"1649","WGLG","G3",1
"1650","WSLG","G3",4
"1651","WSMG","G3",1
"1652","YALG","G3",1
"1653","YELG","G3",1
"1654","YGLG","G3",1
"1655","YGRG","G3",1
"1656","YIRG","G3",1
"1657","YITG","G3",1
"1658","YKKG","G3",1
"1659","YKLG","G3",1
"1660","YMAG","G3",1
"1661","YNLG","G3",2
"1662","YRLG","G3",1
"1663","YSLG","G3",3
"1664","YSVG","G3",1
"1665","YTLG","G3",1
"1666","YVKG","G3",1
"1667","YVQG","G3",1
"1668","YVRG","G3",1
"1669","YVTG","G3",1
"1670","DKED","G4",1
"1671","DKTD","G4",4
"1672","NKKG","G4",3
"1673","AKAD","G4",1
"1674","AKED","G4",1
"1675","CKLD","G4",1
"1676","DKDD","G4",1
"1677","DKQD","G4",1
"1678","DKVD","G4",1
"1679","EKAD","G4",2
"1680","EKDD","G4",4
"1681","EKED","G4",1
"1682","EKFD","G4",1
"1683","EKGD","G4",1
"1684","EKID","G4",1
"1685","EKND","G4",2
"1686","EKQD","G4",13
"1687","EKRD","G4",2
"1688","EKSD","G4",1
"1689","EKTD","G4",3
"1690","EKVD","G4",1
"1691","FKDD","G4",1
"1692","FKKD","G4",1
"1693","GKID","G4",1
"1694","GKMD","G4",1
"1695","GKVD","G4",2
"1696","IKAD","G4",2
"1697","IKDD","G4",1
"1698","IKED","G4",2
"1699","IKGD","G4",2
"1700","IKHD","G4",1
"1701","IKID","G4",1
"1702","IKKD","G4",4
"1703","IKMD","G4",1
"1704","IKQD","G4",1
"1705","IKRD","G4",1
"1706","IKTD","G4",1
"1707","KKDD","G4",2
"1708","KKED","G4",1
"1709","KKGD","G4",1
"1710","KKID","G4",1
"1711","KKPD","G4",1
"1712","KKRD","G4",1
"1713","LKED","G4",1
"1714","LKID","G4",1
"1715","LKKD","G4",3
"1716","LKLD","G4",1
"1717","LKPD","G4",1
"1718","LKQD","G4",1
"1719","LKRD","G4",1
"1720","MKID","G4",1
"1721","NAAD","G4",1
"1722","NADD","G4",1
"1723","NAHD","G4",1
"1724","NAID","G4",3
"1725","NARD","G4",1
"1726","NATD","G4",1
"1727","NAVD","G4",1
"1728","NDAD","G4",2
"1729","NDED","G4",1
"1730","NDFD","G4",1
"1731","NDPD","G4",1
"1732","NDQD","G4",1
"1733","NDVD","G4",1
"1734","NEAD","G4",1
"1735","NEDD","G4",1
"1736","NEED","G4",1
"1737","NELD","G4",3
"1738","NEQD","G4",1
"1739","NERD","G4",1
"1740","NFDD","G4",2
"1741","NFED","G4",1
"1742","NFKD","G4",2
"1743","NFLD","G4",2
"1744","NFND","G4",1
"1745","NFPD","G4",1
"1746","NFRD","G4",3
"1747","NFVD","G4",1
"1748","NFYD","G4",1
"1749","NGED","G4",1
"1750","NIAD","G4",1
"1751","NIED","G4",1
"1752","NIGD","G4",1
"1753","NIQD","G4",1
"1754","NIRD","G4",1
"1755","NISD","G4",6
"1756","NIYD","G4",1
"1757","NKAA","G4",1
"1758","NKAD","G4",9
"1759","NKAE","G4",5
"1760","NKAI","G4",1
"1761","NKAL","G4",2
"1762","NKAQ","G4",1
"1763","NKAV","G4",1
"1764","NKCD","G4",3
"1765","NKCE","G4",3
"1766","NKDE","G4",1
"1767","NKDF","G4",1
"1768","NKDK","G4",1
"1769","NKDQ","G4",1
"1770","NKDS","G4",1
"1771","NKDT","G4",1
"1772","NKEA","G4",1
"1773","NKEE","G4",1
"1774","NKEK","G4",1
"1775","NKEL","G4",1
"1776","NKER","G4",1
"1777","NKES","G4",1
"1778","NKET","G4",1
"1779","NKFA","G4",2
"1780","NKFD","G4",4
"1781","NKFI","G4",2
"1782","NKFK","G4",1
"1783","NKFL","G4",1
"1784","NKFN","G4",1
"1785","NKFR","G4",1
"1786","NKGE","G4",1
"1787","NKGI","G4",2
"1788","NKGK","G4",1
"1789","NKGL","G4",1
"1790","NKGV","G4",1
"1791","NKHC","G4",1
"1792","NKID","G4",12
"1793","NKIE","G4",4
"1794","NKIF","G4",1
"1795","NKIK","G4",2
"1796","NKIL","G4",3
"1797","NKIR","G4",1
"1798","NKIT","G4",1
"1799","NKIY","G4",1
"1800","NKKA","G4",1
"1801","NKKD","G4",2
"1802","NKKE","G4",1
"1803","NKKI","G4",2
"1804","NKKS","G4",1
"1805","NKKT","G4",1
"1806","NKKV","G4",2
"1807","NKKY","G4",1
"1808","NKLA","G4",4
"1809","NKLD","G4",3
"1810","NKLE","G4",2
"1811","NKLG","G4",1
"1812","NKLH","G4",1
"1813","NKLI","G4",2
"1814","NKLL","G4",3
"1815","NKLM","G4",2
"1816","NKLP","G4",1
"1817","NKLQ","G4",1
"1818","NKLR","G4",3
"1819","NKLS","G4",1
"1820","NKMD","G4",4
"1821","NKML","G4",1
"1822","NKNA","G4",1
"1823","NKND","G4",1
"1824","NKNE","G4",1
"1825","NKNI","G4",1
"1826","NKNK","G4",2
"1827","NKNL","G4",2
"1828","NKNN","G4",1
"1829","NKNP","G4",1
"1830","NKNQ","G4",1
"1831","NKNS","G4",1
"1832","NKNT","G4",2
"1833","NKPA","G4",2
"1834","NKPI","G4",8
"1835","NKPL","G4",2
"1836","NKPV","G4",2
"1837","NKQA","G4",1
"1838","NKQD","G4",1
"1839","NKQE","G4",1
"1840","NKQI","G4",2
"1841","NKQR","G4",1
"1842","NKQS","G4",1
"1843","NKQV","G4",1
"1844","NKRC","G4",1
"1845","NKRI","G4",5
"1846","NKRL","G4",3
"1847","NKRS","G4",1
"1848","NKRV","G4",3
"1849","NKSD","G4",5
"1850","NKSE","G4",3
"1851","NKSV","G4",1
"1852","NKTA","G4",1
"1853","NKTD","G4",6
"1854","NKTE","G4",4
"1855","NKTI","G4",3
"1856","NKTM","G4",1
"1857","NKTQ","G4",3
"1858","NKTS","G4",1
"1859","NKTT","G4",1
"1860","NKVA","G4",3
"1861","NKVD","G4",14
"1862","NKVE","G4",4
"1863","NKVI","G4",1
"1864","NKVL","G4",1
"1865","NKVQ","G4",1
"1866","NKVY","G4",1
"1867","NKWD","G4",54
"1868","NKWI","G4",1
"1869","NKYD","G4",1
"1870","NKYK","G4",1
"1871","NKYM","G4",1
"1872","NLED","G4",1
"1873","NLFD","G4",7
"1874","NLGD","G4",2
"1875","NLID","G4",2
"1876","NLKD","G4",1
"1877","NLLD","G4",2
"1878","NLMD","G4",1
"1879","NLPD","G4",4
"1880","NLVD","G4",1
"1881","NLWD","G4",1
"1882","NMED","G4",1
"1883","NMID","G4",1
"1884","NNDD","G4",2
"1885","NNID","G4",1
"1886","NNPD","G4",1
"1887","NPAD","G4",2
"1888","NPED","G4",2
"1889","NPGD","G4",1
"1890","NPLD","G4",1
"1891","NPYD","G4",1
"1892","NQLD","G4",1
"1893","NQMD","G4",2
"1894","NQPD","G4",1
"1895","NQTD","G4",2
"1896","NQYD","G4",1
"1897","NRAD","G4",1
"1898","NRLD","G4",1
"1899","NRND","G4",1
"1900","NRPD","G4",2
"1901","NSAD","G4",1
"1902","NSDD","G4",1
"1903","NSGD","G4",1
"1904","NSLD","G4",1
"1905","NTED","G4",2
"1906","NTFD","G4",2
"1907","NTGD","G4",3
"1908","NTPD","G4",1
"1909","NVAD","G4",2
"1910","NVED","G4",1
"1911","NVGD","G4",1
"1912","NVTD","G4",1
"1913","NVYD","G4",1
"1914","NWID","G4",1
"1915","NYND","G4",1
"1916","NYPD","G4",1
"1917","PKDD","G4",3
"1918","PKHD","G4",1
"1919","PKKD","G4",1
"1920","RKDD","G4",1
"1921","RKKD","G4",1
"1922","RKMD","G4",1
"1923","RKQD","G4",1
"1924","RKSD","G4",3
"1925","SKFD","G4",2
"1926","SKID","G4",1
"1927","SKKD","G4",1
"1928","SKND","G4",1
"1929","SKQD","G4",1
"1930","SKVD","G4",3
"1931","SKWD","G4",2
"1932","TKAD","G4",1
"1933","TKED","G4",2
"1934","TKKD","G4",1
"1935","TKQD","G4",2
"1936","TKSD","G4",1
"1937","VKED","G4",3
"1938","VKGD","G4",2
"1939","VKHD","G4",1
"1940","VKKD","G4",1
"1941","VKQD","G4",1
"1942","VKRD","G4",1
"1943","VKTD","G4",1
"1944","YKRD","G4",2
"1945","YKSD","G4",1
"1946","YKTD","G4",1
"1947","AAA","G5",19
"1948","AAD","G5",12
"1949","AAE","G5",21
"1950","AAF","G5",11
"1951","AAG","G5",6
"1952","AAH","G5",14
"1953","AAI","G5",14
"1954","AAK","G5",4
"1955","AAL","G5",26
"1956","AAM","G5",8
"1957","AAN","G5",11
"1958","AAP","G5",2
"1959","AAQ","G5",8
"1960","AAR","G5",10
"1961","AAS","G5",8
"1962","AAT","G5",17
"1963","AAV","G5",14
"1964","AAW","G5",2
"1965","AAY","G5",7
"1966","CAA","G5",1
"1967","CAC","G5",1
"1968","CAE","G5",2
"1969","CAH","G5",1
"1970","CAI","G5",1
"1971","CAN","G5",1
"1972","CAR","G5",1
"1973","CAS","G5",1
"1974","CAT","G5",8
"1975","CAV","G5",1
"1976","DAA","G5",16
"1977","DAC","G5",2
"1978","DAD","G5",10
"1979","DAE","G5",21
"1980","DAF","G5",6
"1981","DAG","G5",7
"1982","DAH","G5",6
"1983","DAI","G5",33
"1984","DAK","G5",5
"1985","DAL","G5",19
"1986","DAM","G5",1
"1987","DAN","G5",3
"1988","DAP","G5",6
"1989","DAQ","G5",9
"1990","DAR","G5",6
"1991","DAS","G5",9
"1992","DAT","G5",12
"1993","DAV","G5",29
"1994","DAW","G5",3
"1995","DAY","G5",6
"1996","EAA","G5",22
"1997","EAD","G5",12
"1998","EAE","G5",26
"1999","EAF","G5",11
"2000","EAG","G5",11
"2001","EAH","G5",8
"2002","EAI","G5",18
"2003","EAK","G5",8
"2004","EAL","G5",24
"2005","EAM","G5",4
"2006","EAN","G5",7
"2007","EAP","G5",12
"2008","EAQ","G5",6
"2009","EAR","G5",7
"2010","EAS","G5",7
"2011","EAT","G5",16
"2012","EAV","G5",16
"2013","EAY","G5",34
"2014","FAA","G5",2
"2015","FAD","G5",10
"2016","FAE","G5",11
"2017","FAF","G5",4
"2018","FAG","G5",10
"2019","FAH","G5",2
"2020","FAK","G5",9
"2021","FAL","G5",8
"2022","FAN","G5",9
"2023","FAP","G5",20
"2024","FAQ","G5",2
"2025","FAR","G5",26
"2026","FAS","G5",7
"2027","FAT","G5",2
"2028","FAV","G5",6
"2029","FAY","G5",2
"2030","GAA","G5",3
"2031","GAD","G5",8
"2032","GAE","G5",4
"2033","GAF","G5",2
"2034","GAG","G5",7
"2035","GAH","G5",4
"2036","GAI","G5",8
"2037","GAK","G5",1
"2038","GAL","G5",7
"2039","GAM","G5",2
"2040","GAN","G5",1
"2041","GAP","G5",13
"2042","GAQ","G5",1
"2043","GAR","G5",2
"2044","GAS","G5",1
"2045","GAT","G5",2
"2046","GAV","G5",2
"2047","GAY","G5",2
"2048","HAA","G5",9
"2049","HAF","G5",3
"2050","HAG","G5",4
"2051","HAI","G5",9
"2052","HAL","G5",5
"2053","HAM","G5",1
"2054","HAP","G5",10
"2055","HAQ","G5",3
"2056","HAR","G5",3
"2057","HAS","G5",2
"2058","HAT","G5",1
"2059","IAA","G5",13
"2060","IAC","G5",1
"2061","IAD","G5",14
"2062","IAE","G5",13
"2063","IAF","G5",10
"2064","IAG","G5",19
"2065","IAH","G5",6
"2066","IAI","G5",24
"2067","IAK","G5",6
"2068","IAL","G5",15
"2069","IAM","G5",6
"2070","IAN","G5",3
"2071","IAP","G5",3
"2072","IAQ","G5",5
"2073","IAR","G5",2
"2074","IAS","G5",2
"2075","IAT","G5",11
"2076","IAV","G5",14
"2077","IAW","G5",1
"2078","IAY","G5",3
"2079","KAA","G5",6
"2080","KAD","G5",9
"2081","KAE","G5",9
"2082","KAF","G5",2
"2083","KAG","G5",1
"2084","KAH","G5",6
"2085","KAI","G5",11
"2086","KAK","G5",6
"2087","KAL","G5",12
"2088","KAM","G5",3
"2089","KAN","G5",5
"2090","KAQ","G5",2
"2091","KAR","G5",7
"2092","KAS","G5",3
"2093","KAT","G5",2
"2094","KAV","G5",9
"2095","KAY","G5",2
"2096","LAA","G5",19
"2097","LAD","G5",16
"2098","LAE","G5",20
"2099","LAF","G5",8
"2100","LAG","G5",14
"2101","LAH","G5",9
"2102","LAI","G5",23
"2103","LAK","G5",8
"2104","LAL","G5",11
"2105","LAM","G5",3
"2106","LAN","G5",6
"2107","LAP","G5",9
"2108","LAQ","G5",6
"2109","LAR","G5",6
"2110","LAS","G5",17
"2111","LAT","G5",8
"2112","LAV","G5",26
"2113","LAW","G5",2
"2114","LAY","G5",14
"2115","MAA","G5",10
"2116","MAD","G5",1
"2117","MAE","G5",7
"2118","MAF","G5",2
"2119","MAG","G5",2
"2120","MAH","G5",4
"2121","MAI","G5",5
"2122","MAK","G5",4
"2123","MAL","G5",3
"2124","MAM","G5",2
"2125","MAP","G5",1
"2126","MAQ","G5",12
"2127","MAR","G5",1
"2128","MAS","G5",1
"2129","MAT","G5",6
"2130","MAV","G5",6
"2131","MAY","G5",2
"2132","NAA","G5",6
"2133","NAD","G5",4
"2134","NAE","G5",5
"2135","NAF","G5",7
"2136","NAG","G5",17
"2137","NAI","G5",17
"2138","NAK","G5",1
"2139","NAL","G5",23
"2140","NAM","G5",4
"2141","NAP","G5",2
"2142","NAQ","G5",1
"2143","NAR","G5",1
"2144","NAS","G5",1
"2145","NAT","G5",5
"2146","NAV","G5",7
"2147","NAW","G5",1
"2148","NAY","G5",1
"2149","PAA","G5",4
"2150","PAC","G5",1
"2151","PAD","G5",6
"2152","PAE","G5",8
"2153","PAG","G5",6
"2154","PAI","G5",8
"2155","PAK","G5",3
"2156","PAL","G5",9
"2157","PAM","G5",10
"2158","PAN","G5",2
"2159","PAP","G5",15
"2160","PAQ","G5",5
"2161","PAR","G5",2
"2162","PAS","G5",7
"2163","PAT","G5",3
"2164","PAV","G5",21
"2165","PAW","G5",1
"2166","PAY","G5",4
"2167","QAA","G5",13
"2168","QAC","G5",1
"2169","QAD","G5",3
"2170","QAE","G5",6
"2171","QAF","G5",2
"2172","QAG","G5",5
"2173","QAH","G5",5
"2174","QAI","G5",12
"2175","QAK","G5",3
"2176","QAL","G5",5
"2177","QAM","G5",1
"2178","QAN","G5",3
"2179","QAP","G5",6
"2180","QAQ","G5",5
"2181","QAR","G5",8
"2182","QAS","G5",7
"2183","QAT","G5",6
"2184","QAV","G5",14
"2185","QAW","G5",1
"2186","QAY","G5",4
"2187","RAA","G5",7
"2188","RAC","G5",2
"2189","RAD","G5",5
"2190","RAE","G5",2
"2191","RAF","G5",4
"2192","RAG","G5",5
"2193","RAH","G5",9
"2194","RAI","G5",18
"2195","RAK","G5",3
"2196","RAL","G5",20
"2197","RAM","G5",11
"2198","RAN","G5",1
"2199","RAP","G5",2
"2200","RAQ","G5",1
"2201","RAR","G5",4
"2202","RAS","G5",3
"2203","RAT","G5",3
"2204","RAV","G5",19
"2205","RAY","G5",5
"2206","SAA","G5",13
"2207","SAD","G5",3
"2208","SAE","G5",22
"2209","SAF","G5",4
"2210","SAG","G5",3
"2211","SAH","G5",8
"2212","SAI","G5",23
"2213","SAK","G5",32
"2214","SAL","G5",56
"2215","SAM","G5",12
"2216","SAN","G5",8
"2217","SAP","G5",2
"2218","SAQ","G5",10
"2219","SAR","G5",12
"2220","SAS","G5",16
"2221","SAT","G5",27
"2222","SAV","G5",23
"2223","SAW","G5",1
"2224","SAY","G5",2
"2225","SCA","G5",2
"2226","SCE","G5",1
"2227","SCI","G5",2
"2228","SCL","G5",2
"2229","SCY","G5",1
"2230","SDA","G5",6
"2231","SDD","G5",7
"2232","SDE","G5",10
"2233","SDF","G5",4
"2234","SDG","G5",8
"2235","SDH","G5",4
"2236","SDI","G5",9
"2237","SDK","G5",5
"2238","SDL","G5",11
"2239","SDM","G5",1
"2240","SDN","G5",4
"2241","SDP","G5",1
"2242","SDQ","G5",1
"2243","SDR","G5",7
"2244","SDS","G5",2
"2245","SDT","G5",2
"2246","SDV","G5",10
"2247","SDY","G5",2
"2248","SEA","G5",6
"2249","SED","G5",10
"2250","SEE","G5",17
"2251","SEF","G5",8
"2252","SEG","G5",3
"2253","SEH","G5",6
"2254","SEI","G5",8
"2255","SEK","G5",10
"2256","SEL","G5",19
"2257","SEM","G5",4
"2258","SEN","G5",7
"2259","SEP","G5",10
"2260","SEQ","G5",8
"2261","SER","G5",5
"2262","SES","G5",7
"2263","SET","G5",7
"2264","SEV","G5",8
"2265","SEY","G5",2
"2266","SFA","G5",10
"2267","SFD","G5",3
"2268","SFE","G5",4
"2269","SFF","G5",1
"2270","SFG","G5",4
"2271","SFI","G5",10
"2272","SFK","G5",2
"2273","SFL","G5",12
"2274","SFM","G5",2
"2275","SFN","G5",1
"2276","SFP","G5",3
"2277","SFR","G5",2
"2278","SFS","G5",5
"2279","SFT","G5",2
"2280","SFV","G5",9
"2281","SFY","G5",1
"2282","SGA","G5",1
"2283","SGD","G5",5
"2284","SGE","G5",13
"2285","SGF","G5",1
"2286","SGG","G5",6
"2287","SGH","G5",5
"2288","SGI","G5",4
"2289","SGK","G5",11
"2290","SGL","G5",11
"2291","SGM","G5",5
"2292","SGN","G5",1
"2293","SGP","G5",1
"2294","SGQ","G5",9
"2295","SGR","G5",11
"2296","SGS","G5",4
"2297","SGT","G5",12
"2298","SGV","G5",24
"2299","SGY","G5",2
"2300","SHA","G5",1
"2301","SHD","G5",2
"2302","SHE","G5",2
"2303","SHF","G5",5
"2304","SHG","G5",6
"2305","SHH","G5",2
"2306","SHI","G5",1
"2307","SHK","G5",4
"2308","SHL","G5",5
"2309","SHM","G5",3
"2310","SHN","G5",6
"2311","SHP","G5",2
"2312","SHQ","G5",1
"2313","SHR","G5",3
"2314","SHS","G5",1
"2315","SHT","G5",2
"2316","SHV","G5",2
"2317","SHW","G5",1
"2318","SHY","G5",2
"2319","SIA","G5",5
"2320","SIC","G5",3
"2321","SID","G5",13
"2322","SIE","G5",11
"2323","SIF","G5",1
"2324","SIG","G5",4
"2325","SIH","G5",5
"2326","SII","G5",18
"2327","SIK","G5",14
"2328","SIL","G5",14
"2329","SIM","G5",2
"2330","SIN","G5",3
"2331","SIP","G5",3
"2332","SIQ","G5",13
"2333","SIR","G5",10
"2334","SIS","G5",12
"2335","SIT","G5",3
"2336","SIV","G5",19
"2337","SIW","G5",1
"2338","SIY","G5",8
"2339","SKA","G5",3
"2340","SKC","G5",1
"2341","SKD","G5",2
"2342","SKE","G5",7
"2343","SKF","G5",9
"2344","SKG","G5",2
"2345","SKI","G5",15
"2346","SKK","G5",10
"2347","SKL","G5",20
"2348","SKM","G5",3
"2349","SKN","G5",4
"2350","SKP","G5",6
"2351","SKQ","G5",5
"2352","SKR","G5",12
"2353","SKS","G5",7
"2354","SKT","G5",2
"2355","SKV","G5",6
"2356","SKW","G5",2
"2357","SKY","G5",1
"2358","SLA","G5",4
"2359","SLD","G5",5
"2360","SLE","G5",9
"2361","SLF","G5",5
"2362","SLG","G5",8
"2363","SLH","G5",6
"2364","SLI","G5",21
"2365","SLK","G5",11
"2366","SLL","G5",39
"2367","SLM","G5",2
"2368","SLN","G5",2
"2369","SLP","G5",4
"2370","SLR","G5",13
"2371","SLS","G5",6
"2372","SLT","G5",2
"2373","SLV","G5",13
"2374","SLY","G5",1
"2375","SME","G5",1
"2376","SMF","G5",1
"2377","SMG","G5",1
"2378","SMI","G5",3
"2379","SMK","G5",1
"2380","SML","G5",17
"2381","SMN","G5",2
"2382","SMR","G5",6
"2383","SMT","G5",1
"2384","SMV","G5",5
"2385","SNA","G5",2
"2386","SND","G5",2
"2387","SNE","G5",2
"2388","SNF","G5",3
"2389","SNG","G5",2
"2390","SNI","G5",5
"2391","SNK","G5",2
"2392","SNL","G5",8
"2393","SNM","G5",2
"2394","SNN","G5",2
"2395","SNP","G5",3
"2396","SNQ","G5",1
"2397","SNR","G5",3
"2398","SNS","G5",2
"2399","SNT","G5",2
"2400","SNV","G5",6
"2401","SNW","G5",1
"2402","SNY","G5",5
"2403","SPA","G5",2
"2404","SPD","G5",3
"2405","SPE","G5",3
"2406","SPF","G5",2
"2407","SPI","G5",6
"2408","SPK","G5",4
"2409","SPL","G5",6
"2410","SPM","G5",2
"2411","SPP","G5",7
"2412","SPQ","G5",1
"2413","SPR","G5",1
"2414","SPT","G5",1
"2415","SPV","G5",2
"2416","SPY","G5",1
"2417","SQA","G5",7
"2418","SQD","G5",2
"2419","SQE","G5",4
"2420","SQF","G5",3
"2421","SQG","G5",2
"2422","SQH","G5",3
"2423","SQI","G5",4
"2424","SQK","G5",4
"2425","SQL","G5",7
"2426","SQM","G5",2
"2427","SQN","G5",4
"2428","SQP","G5",5
"2429","SQQ","G5",3
"2430","SQR","G5",4
"2431","SQS","G5",2
"2432","SQT","G5",1
"2433","SQV","G5",5
"2434","SQW","G5",1
"2435","SRA","G5",1
"2436","SRE","G5",2
"2437","SRF","G5",4
"2438","SRG","G5",2
"2439","SRH","G5",3
"2440","SRI","G5",7
"2441","SRK","G5",6
"2442","SRL","G5",15
"2443","SRN","G5",1
"2444","SRP","G5",4
"2445","SRQ","G5",1
"2446","SRR","G5",9
"2447","SRS","G5",4
"2448","SRV","G5",3
"2449","SRY","G5",1
"2450","SSA","G5",7
"2451","SSD","G5",1
"2452","SSE","G5",5
"2453","SSF","G5",8
"2454","SSG","G5",2
"2455","SSH","G5",6
"2456","SSI","G5",15
"2457","SSK","G5",8
"2458","SSL","G5",30
"2459","SSM","G5",4
"2460","SSN","G5",1
"2461","SSP","G5",1
"2462","SSQ","G5",3
"2463","SSS","G5",4
"2464","SST","G5",8
"2465","SSV","G5",8
"2466","SSY","G5",4
"2467","STA","G5",17
"2468","STE","G5",3
"2469","STF","G5",6
"2470","STG","G5",11
"2471","STH","G5",2
"2472","STI","G5",4
"2473","STK","G5",9
"2474","STL","G5",29
"2475","STM","G5",1
"2476","STN","G5",6
"2477","STP","G5",10
"2478","STQ","G5",2
"2479","STR","G5",12
"2480","STS","G5",25
"2481","STT","G5",1
"2482","STV","G5",2
"2483","STW","G5",1
"2484","STY","G5",3
"2485","SVA","G5",5
"2486","SVC","G5",3
"2487","SVD","G5",14
"2488","SVE","G5",12
"2489","SVF","G5",2
"2490","SVG","G5",3
"2491","SVH","G5",8
"2492","SVI","G5",12
"2493","SVK","G5",12
"2494","SVL","G5",19
"2495","SVM","G5",6
"2496","SVN","G5",6
"2497","SVP","G5",3
"2498","SVQ","G5",19
"2499","SVR","G5",10
"2500","SVS","G5",9
"2501","SVT","G5",3
"2502","SVV","G5",14
"2503","SVY","G5",3
"2504","SWA","G5",2
"2505","SWD","G5",6
"2506","SWE","G5",3
"2507","SWH","G5",1
"2508","SWI","G5",4
"2509","SWK","G5",2
"2510","SWL","G5",2
"2511","SWM","G5",1
"2512","SWN","G5",1
"2513","SWQ","G5",1
"2514","SWR","G5",2
"2515","SWT","G5",1
"2516","SYA","G5",14
"2517","SYC","G5",1
"2518","SYD","G5",2
"2519","SYE","G5",5
"2520","SYF","G5",2
"2521","SYH","G5",2
"2522","SYI","G5",3
"2523","SYK","G5",10
"2524","SYL","G5",7
"2525","SYM","G5",1
"2526","SYN","G5",1
"2527","SYP","G5",1
"2528","SYQ","G5",3
"2529","SYR","G5",3
"2530","SYS","G5",2
"2531","SYT","G5",4
"2532","SYV","G5",7
"2533","SYW","G5",1
"2534","SYY","G5",2
"2535","TAA","G5",17
"2536","TAD","G5",11
"2537","TAE","G5",8
"2538","TAF","G5",3
"2539","TAG","G5",28
"2540","TAH","G5",2
"2541","TAI","G5",6
"2542","TAK","G5",8
"2543","TAL","G5",20
"2544","TAM","G5",8
"2545","TAN","G5",2
"2546","TAP","G5",5
"2547","TAQ","G5",8
"2548","TAR","G5",8
"2549","TAS","G5",6
"2550","TAT","G5",5
"2551","TAV","G5",13
"2552","TAY","G5",2
"2553","VAA","G5",19
"2554","VAD","G5",18
"2555","VAE","G5",23
"2556","VAF","G5",7
"2557","VAG","G5",20
"2558","VAH","G5",5
"2559","VAI","G5",24
"2560","VAK","G5",10
"2561","VAL","G5",20
"2562","VAM","G5",4
"2563","VAN","G5",7
"2564","VAP","G5",4
"2565","VAQ","G5",8
"2566","VAR","G5",5
"2567","VAS","G5",3
"2568","VAT","G5",15
"2569","VAV","G5",20
"2570","VAW","G5",2
"2571","VAY","G5",3
"2572","WAA","G5",2
"2573","WAD","G5",2
"2574","WAE","G5",5
"2575","WAI","G5",2
"2576","WAK","G5",4
"2577","WAP","G5",11
"2578","WAQ","G5",5
"2579","WAR","G5",1
"2580","WAS","G5",4
"2581","WAT","G5",1
"2582","YAA","G5",7
"2583","YAC","G5",6
"2584","YAD","G5",4
"2585","YAE","G5",7
"2586","YAF","G5",1
"2587","YAG","G5",2
"2588","YAH","G5",18
"2589","YAI","G5",4
"2590","YAK","G5",5
"2591","YAL","G5",10
"2592","YAM","G5",1
"2593","YAN","G5",2
"2594","YAP","G5",16
"2595","YAQ","G5",4
"2596","YAR","G5",4
"2597","YAS","G5",16
"2598","YAT","G5",8
"2599","YAV","G5",10
"2600","YAY","G5",1
