XXXXVED,{'O80842'}
XXXAXED,{'O80842'}
XXXAVXD,{'O80842'}
XXXAVEX,{'O80842'}
XXEXXED,{'O80842'}
XXEXVXD,{'O80842'}
XXEXVEX,{'O80842'}
XXEAXXD,{'O80842'}
XXEAXEX,{'P44518', 'O80842'}
XXEAVXX,{'O80842'}
XGXXXED,{'O80842'}
XGXXVXD,{'O80842'}
XGXXVEX,{'O80842'}
XGXAXXD,{'O80842'}
XGXAXEX,{'O80842'}
XGXAVXX,{'O80842'}
XGEXXXD,{'O80842'}
XGEXXEX,{'O80842'}
XGEXVXX,{'O80842'}
XGEAXXX,{'O80842'}
VXXXXED,{'O80842'}
VXXXVXD,{'O80842'}
VXXXVEX,{'O80842'}
VXXAXXD,{'O80842'}
VXXAXEX,{'O80842'}
VXXAVXX,{'O80842'}
VXEXXXD,{'O80842'}
VXEXXEX,{'O80842'}
VXEXVXX,{'O80842'}
VXEAXXX,{'O80842'}
VGXXXXD,{'O80842'}
VGXXXEX,{'O80842'}
VGXXVXX,{'O80842'}
VGXAXXX,{'O80842'}
VGEXXXX,{'O80842'}
XXXXSTG,{'P66845', 'P9WGD7', 'P9WGD6', 'P10121'}
XXXAXTG,{'P9WGD7', 'P9WGD6', 'P44870', 'P10121', 'Q8G736', 'P66845', 'Q1RKK5'}
XXXASXG,{'P66845', 'P9WGD7', 'P9WGD6', 'P10121'}
XXXASTX,{'P66845', 'P9WGD7', 'P9WGD6', 'P10121'}
XXDXXTG,{'P44870', 'Q8G736', 'Q1RKK5', 'P10121'}
XXDXSXG,{'P10121'}
XXDXSTX,{'P10121'}
XXDAXXG,{'P44870', 'Q8G736', 'Q1RKK5', 'P10121'}
XXDAXTX,{'P44870', 'Q8G736', 'Q1RKK5', 'P10121'}
XXDASXX,{'P10121'}
XIXXXTG,{'Q1RKK5', 'P10121'}
XIXXSXG,{'P10121'}
XIXXSTX,{'P10121'}
XIXAXXG,{'Q1RKK5', 'P73930', 'P10121'}
XIXAXTX,{'Q1RKK5', 'P10121'}
XIXASXX,{'P10121'}
XIDXXXG,{'Q1RKK5', 'P10121'}
XIDXXTX,{'Q1RKK5', 'P10121'}
XIDXSXX,{'P10121'}
XIDAXXX,{'Q1RKK5', 'P10121'}
TXXXXTG,{'P44870', 'P10121'}
TXXXSXG,{'P10121'}
TXXXSTX,{'P10121'}
TXXAXXG,{'P44870', 'P10121'}
TXXAXTX,{'P44870', 'P10121'}
TXXASXX,{'P10121'}
TXDXXXG,{'P44870', 'P10121'}
TXDXXTX,{'P44870', 'P10121'}
TXDXSXX,{'P10121'}
TXDAXXX,{'P44870', 'P10121'}
TIXXXXG,{'P10121'}
TIXXXTX,{'P10121'}
TIXXSXX,{'P10121'}
TIXAXXX,{'P10121'}
TIDXXXX,{'P10121'}
XXXXFWL,{'P32916'}
XXXAXWL,{'P32916'}
XXXAFXL,{'P32916'}
XXXAFWX,{'P32916'}
XXLXXWL,{'P32916'}
XXLXFXL,{'P32916'}
XXLXFWX,{'P32916'}
XXLAXXL,{'P32916'}
XXLAXWX,{'P32916'}
XXLAFXX,{'P32916'}
XKXXXWL,{'P32916'}
XKXXFXL,{'P32916'}
XKXXFWX,{'P32916'}
XKXAXXL,{'P32916'}
XKXAXWX,{'P32916'}
XKXAFXX,{'P32916'}
XKLXXXL,{'P32916'}
XKLXXWX,{'P32916'}
XKLXFXX,{'P32916'}
XKLAXXX,{'P32916'}
SXXXXWL,{'P32916'}
SXXXFXL,{'P32916'}
SXXXFWX,{'P32916'}
SXXAXXL,{'P32916'}
SXXAXWX,{'P32916'}
SXXAFXX,{'P32916'}
SXLXXXL,{'P32916'}
SXLXXWX,{'P32916'}
SXLXFXX,{'P32916'}
SXLAXXX,{'Q54ZR7', 'P32916'}
SKXXXXL,{'P32916'}
SKXXXWX,{'P32916'}
SKXXFXX,{'P32916'}
SKXAXXX,{'P32916'}
SKLXXXX,{'P32916'}
XXXXFGK,{'P32916'}
XXXAXGK,{'P32916'}
XXXAFXK,{'P32916'}
XXXAFGX,{'P32916'}
XXDXXGK,{'P32916'}
XXDXFXK,{'P32916'}
XXDXFGX,{'P32916'}
XXDAXXK,{'P32916'}
XXDAXGX,{'P32916'}
XXDAFXX,{'P32916'}
XNXXXGK,{'P32916'}
XNXXFXK,{'P32916'}
XNXXFGX,{'P32916'}
XNXAXXK,{'P32916'}
XNXAXGX,{'P32916'}
XNXAFXX,{'P32916'}
XNDXXXK,{'P32916'}
XNDXXGX,{'P32916'}
XNDXFXX,{'P32916'}
XNDAXXX,{'P32916'}
FXXXXGK,{'P32916'}
FXXXFXK,{'P32916'}
FXXXFGX,{'P32916'}
FXXAXXK,{'P32916'}
FXXAXGX,{'P32916'}
FXXAFXX,{'P32916'}
FXDXXXK,{'P32916'}
FXDXXGX,{'P32916'}
FXDXFXX,{'P32916'}
FXDAXXX,{'P32916'}
FNXXXXK,{'P32916'}
FNXXXGX,{'P32916'}
FNXXFXX,{'P32916'}
FNXAXXX,{'P32916'}
FNDXXXX,{'P32916'}
XXXXGLG,{'P37105'}
XXXAXLG,{'P37105'}
XXXAGXG,{'P73930', 'P37105', 'P44870'}
XXXAGLX,{'P37105'}
XXFXXLG,{'P37105'}
XXFXGXG,{'P37105'}
XXFXGLX,{'P37105'}
XXFAXXG,{'P66845', 'P37105', 'P9WGD6', 'P9WGD7'}
XXFAXLX,{'P37105'}
XXFAGXX,{'O07347', 'P37105'}
XKXXXLG,{'P37105'}
XKXXGXG,{'P37105'}
XKXXGLX,{'P37105'}
XKXAXXG,{'P37105'}
XKXAXLX,{'P37105'}
XKXAGXX,{'P37105'}
XKFXXXG,{'P37105'}
XKFXXLX,{'P37105'}
XKFXGXX,{'P37105'}
XKFAXXX,{'P37105'}
IXXXXLG,{'P37105'}
IXXXGXG,{'P37105'}
IXXXGLX,{'P37105'}
IXXAXXG,{'P9WGD7', 'P9WGD6', 'P37105', 'P66845', 'O29633'}
IXXAXLX,{'P37105'}
IXXAGXX,{'O07347', 'P37105'}
IXFXXXG,{'P66845', 'P37105', 'P9WGD6', 'P9WGD7'}
IXFXXLX,{'P37105'}
IXFXGXX,{'O07347', 'P37105'}
IXFAXXX,{'P9WGD7', 'P9WGD6', 'P37105', 'P66845', 'O07347'}
IKXXXXG,{'P37105'}
IKXXXLX,{'P37105'}
IKXXGXX,{'P37105'}
IKXAXXX,{'P37105'}
IKFXXXX,{'P37105'}
XXXXLEP,{'P44518', 'P57473', 'P37105'}
XXXAXEP,{'P44518', 'P37105'}
XXXALXP,{'P44518', 'P37105', 'Q55311', 'P74214'}
XXXALEX,{'P44518', 'P37105'}
XXDXXEP,{'P37105'}
XXDXLXP,{'P37105'}
XXDXLEX,{'P37105'}
XXDAXXP,{'P37105'}
XXDAXEX,{'P37105'}
XXDALXX,{'P37105'}
XLXXXEP,{'P37105'}
XLXXLXP,{'P37105'}
XLXXLEX,{'P37105'}
XLXAXXP,{'P37105'}
XLXAXEX,{'P37105'}
XLXALXX,{'P37105'}
XLDXXXP,{'P37105'}
XLDXXEX,{'P37105'}
XLDXLXX,{'P37105'}
XLDAXXX,{'Q8G736', 'P37105', 'P44870'}
KXXXXEP,{'P44518', 'P57473', 'P37105'}
KXXXLXP,{'P37105', 'P57473', 'P44518', 'Q55311', 'P74214'}
KXXXLEX,{'P44518', 'P57473', 'P37105'}
KXXAXXP,{'P44518', 'P37105', 'Q55311', 'P74214'}
KXXAXEX,{'P44518', 'P37105'}
KXXALXX,{'P44518', 'P37105', 'Q55311', 'P74214'}
KXDXXXP,{'P37105'}
KXDXXEX,{'P37105'}
KXDXLXX,{'P37105'}
KXDAXXX,{'P37105'}
KLXXXXP,{'P37105'}
KLXXXEX,{'P37105'}
KLXXLXX,{'P37105'}
KLXAXXX,{'P37105'}
KLDXXXX,{'P37105'}
XXEXXEP,{'P44518'}
XXEXLXP,{'P44518', 'Q55311', 'P74214'}
XXEXLEX,{'P44518'}
XXEAXXP,{'P44518', 'Q55311', 'P74214'}
XXEALXX,{'P44518', 'Q55311', 'P74214'}
XTXXXEP,{'P44518'}
XTXXLXP,{'P44518'}
XTXXLEX,{'P44518'}
XTXAXXP,{'P44518'}
XTXAXEX,{'P44518'}
XTXALXX,{'P44518'}
XTEXXXP,{'P44518'}
XTEXXEX,{'P44518'}
XTEXLXX,{'P44518'}
XTEAXXX,{'P44518'}
KXEXXXP,{'P44518', 'Q55311', 'P74214'}
KXEXXEX,{'P44518'}
KXEXLXX,{'P44518', 'Q55311', 'P74214'}
KXEAXXX,{'P44518', 'Q55311', 'P74214'}
KTXXXXP,{'P44518'}
KTXXXEX,{'P44518'}
KTXXLXX,{'P44518'}
KTXAXXX,{'P44518'}
KTEXXXX,{'P44518'}
XXXXFIG,{'Q8THD0', 'Q8PXF3', 'Q46E01', 'O29633'}
XXXAXIG,{'Q8THD0', 'Q8PXF3', 'Q46E01', 'O29633'}
XXXAFXG,{'Q8THD0', 'Q8PXF3', 'Q46E01', 'O29633'}
XXXAFIX,{'Q8THD0', 'Q8PXF3', 'Q46E01', 'O29633'}
XXIXXIG,{'Q8THD0', 'Q8PXF3', 'Q46E01', 'O29633'}
XXIXFXG,{'Q8THD0', 'Q8PXF3', 'Q46E01', 'O29633'}
XXIXFIX,{'Q8THD0', 'Q8PXF3', 'Q46E01', 'O29633'}
XXIAXXG,{'Q8THD0', 'Q8PXF3', 'Q46E01', 'O29633'}
XXIAXIX,{'Q8THD0', 'Q8PXF3', 'Q46E01', 'O29633'}
XXIAFXX,{'Q8THD0', 'Q8PXF3', 'Q46E01', 'O29633'}
XPXXXIG,{'Q8THD0', 'Q8PXF3', 'Q46E01', 'O29633'}
XPXXFXG,{'Q8THD0', 'Q8PXF3', 'Q46E01', 'O29633'}
XPXXFIX,{'Q8THD0', 'Q8PXF3', 'Q46E01', 'O29633'}
XPXAXXG,{'Q8THD0', 'Q8PXF3', 'Q46E01', 'O29633'}
XPXAXIX,{'Q8THD0', 'Q8PXF3', 'Q46E01', 'O29633'}
XPXAFXX,{'Q8THD0', 'Q8PXF3', 'Q46E01', 'O29633'}
XPIXXXG,{'Q8THD0', 'Q8PXF3', 'Q46E01', 'O29633'}
XPIXXIX,{'Q8THD0', 'Q8PXF3', 'Q46E01', 'O29633'}
XPIXFXX,{'Q8THD0', 'Q8PXF3', 'Q46E01', 'O29633'}
XPIAXXX,{'Q8THD0', 'Q8PXF3', 'Q46E01', 'O29633'}
AXXXXIG,{'Q8THD0', 'Q8PXF3', 'Q46E01'}
AXXXFXG,{'Q8THD0', 'Q8PXF3', 'Q46E01'}
AXXXFIX,{'Q8THD0', 'Q8PXF3', 'Q46E01'}
AXXAXXG,{'Q8THD0', 'Q8PXF3', 'Q46E01'}
AXXAXIX,{'Q8THD0', 'Q8PXF3', 'Q46E01'}
AXXAFXX,{'Q8THD0', 'Q8PXF3', 'Q46E01'}
AXIXXXG,{'Q8THD0', 'Q8PXF3', 'Q46E01'}
AXIXXIX,{'Q8THD0', 'Q8PXF3', 'Q46E01'}
AXIXFXX,{'Q8THD0', 'Q8PXF3', 'Q46E01'}
AXIAXXX,{'Q8THD0', 'Q8PXF3', 'Q46E01'}
APXXXXG,{'Q8THD0', 'Q8PXF3', 'Q46E01'}
APXXXIX,{'Q8THD0', 'Q8PXF3', 'Q46E01'}
APXXFXX,{'Q8THD0', 'Q8PXF3', 'Q46E01'}
APXAXXX,{'Q8THD0', 'Q8PXF3', 'Q46E01'}
APIXXXX,{'Q8THD0', 'Q8PXF3', 'Q46E01'}
XXXXGRH,{'Q2NE47', 'A5UMY7'}
XXXAXRH,{'Q2NE47', 'A5UMY7'}
XXXAGXH,{'Q2NE47', 'A5UMY7'}
XXXAGRX,{'Q2NE47', 'A5UMY7'}
XXTXXRH,{'Q2NE47', 'A5UMY7'}
XXTXGXH,{'Q2NE47', 'A5UMY7'}
XXTXGRX,{'Q2NE47', 'A5UMY7'}
XXTAXXH,{'Q2NE47', 'A5UMY7'}
XXTAXRX,{'Q2NE47', 'A5UMY7'}
XXTAGXX,{'Q2NE47', 'A5UMY7'}
XDXXXRH,{'Q2NE47', 'A5UMY7'}
XDXXGXH,{'Q2NE47', 'A5UMY7'}
XDXXGRX,{'Q2NE47', 'A5UMY7'}
XDXAXXH,{'Q2NE47', 'A5UMY7'}
XDXAXRX,{'Q2NE47', 'A5UMY7'}
XDXAGXX,{'Q2NE47', 'A5UMY7'}
XDTXXXH,{'Q2NE47', 'A5UMY7'}
XDTXXRX,{'Q2NE47', 'A5UMY7'}
XDTXGXX,{'Q2NE47', 'A5UMY7'}
XDTAXXX,{'Q2NE47', 'A5UMY7'}
VXXXXRH,{'Q2NE47'}
VXXXGXH,{'Q2NE47'}
VXXXGRX,{'Q2NE47'}
VXXAXXH,{'Q2NE47'}
VXXAXRX,{'Q2NE47'}
VXXAGXX,{'Q2NE47'}
VXTXXXH,{'Q2NE47'}
VXTXXRX,{'Q2NE47'}
VXTXGXX,{'Q2NE47'}
VXTAXXX,{'Q2NE47'}
VDXXXXH,{'Q2NE47'}
VDXXXRX,{'Q2NE47'}
VDXXGXX,{'Q2NE47'}
VDXAXXX,{'Q2NE47'}
VDTXXXX,{'Q2NE47'}
XXXXSKV,{'Q2NE47'}
XXXAXKV,{'Q2NE47'}
XXXASXV,{'Q2NE47'}
XXXASKX,{'Q2NE47'}
XXNXXKV,{'Q2NE47'}
XXNXSXV,{'Q2NE47'}
XXNXSKX,{'Q2NE47'}
XXNAXXV,{'Q2NE47'}
XXNAXKX,{'Q2NE47'}
XXNASXX,{'Q2NE47'}
XAXXXKV,{'Q2NE47'}
XAXXSXV,{'Q2NE47'}
XAXXSKX,{'Q2NE47'}
XAXAXXV,{'Q2NE47'}
XAXAXKX,{'Q2NE47'}
XAXASXX,{'Q2NE47'}
XANXXXV,{'Q2NE47'}
XANXXKX,{'Q2NE47'}
XANXSXX,{'Q2NE47'}
XANAXXX,{'Q2NE47'}
PXXXXKV,{'Q2NE47'}
PXXXSXV,{'Q2NE47'}
PXXXSKX,{'Q2NE47'}
PXXAXXV,{'Q2NE47'}
PXXAXKX,{'Q2NE47'}
PXXASXX,{'Q2NE47'}
PXNXXXV,{'Q2NE47'}
PXNXXKX,{'Q2NE47'}
PXNXSXX,{'Q2NE47'}
PXNAXXX,{'Q2NE47'}
PAXXXXV,{'Q2NE47'}
PAXXXKX,{'Q2NE47'}
PAXXSXX,{'Q2NE47'}
PAXAXXX,{'Q2NE47'}
PANXXXX,{'Q2NE47'}
XXXXLAA,{'Q01442'}
XXXAXAA,{'Q01442'}
XXXALXA,{'Q01442'}
XXXALAX,{'Q01442'}
XXNXXAA,{'Q01442'}
XXNXLXA,{'Q01442'}
XXNXLAX,{'Q01442'}
XXNAXXA,{'Q01442'}
XXNAXAX,{'Q01442'}
XXNALXX,{'Q01442'}
XYXXXAA,{'Q01442'}
XYXXLXA,{'Q01442'}
XYXXLAX,{'Q01442'}
XYXAXXA,{'Q01442'}
XYXAXAX,{'Q01442'}
XYXALXX,{'Q01442'}
XYNXXXA,{'Q01442'}
XYNXXAX,{'Q01442'}
XYNXLXX,{'Q01442'}
XYNAXXX,{'Q01442'}
GXXXXAA,{'Q01442'}
GXXXLXA,{'Q01442'}
GXXXLAX,{'Q01442'}
GXXAXXA,{'Q01442'}
GXXAXAX,{'Q01442'}
GXXALXX,{'Q01442'}
GXNXXXA,{'Q01442'}
GXNXXAX,{'Q01442'}
GXNXLXX,{'Q01442'}
GXNAXXX,{'Q01442'}
GYXXXXA,{'Q01442'}
GYXXXAX,{'Q01442'}
GYXXLXX,{'Q01442'}
GYXAXXX,{'Q01442'}
GYNXXXX,{'Q01442'}
XXFXXTG,{'P66845', 'P9WGD6', 'P9WGD7'}
XXFXSXG,{'P66845', 'P9WGD6', 'P9WGD7'}
XXFXSTX,{'P66845', 'P9WGD6', 'P9WGD7'}
XXFAXTX,{'P66845', 'P9WGD6', 'P9WGD7'}
XXFASXX,{'P66845', 'P9WGD6', 'P9WGD7'}
XLXXXTG,{'P9WGD7', 'P9WGD6', 'P44870', 'Q8G736', 'P66845'}
XLXXSXG,{'P66845', 'P9WGD6', 'P9WGD7'}
XLXXSTX,{'P66845', 'P9WGD6', 'P9WGD7'}
XLXAXXG,{'P9WGD7', 'P9WGD6', 'P44870', 'Q8G736', 'P66845'}
XLXAXTX,{'P9WGD7', 'P9WGD6', 'P44870', 'Q8G736', 'P66845', 'Q54ZR7'}
XLXASXX,{'P66845', 'P9WGD6', 'P9WGD7'}
XLFXXXG,{'P66845', 'P9WGD6', 'P9WGD7'}
XLFXXTX,{'P66845', 'P9WGD6', 'P9WGD7'}
XLFXSXX,{'P66845', 'P9WGD6', 'P9WGD7'}
XLFAXXX,{'P66845', 'P9WGD6', 'P9WGD7'}
IXXXXTG,{'P66845', 'P9WGD6', 'P9WGD7'}
IXXXSXG,{'P66845', 'P9WGD6', 'P9WGD7'}
IXXXSTX,{'P66845', 'P9WGD6', 'P9WGD7'}
IXXAXTX,{'P66845', 'P9WGD6', 'P9WGD7'}
IXXASXX,{'P66845', 'P9WGD6', 'P9WGD7'}
IXFXXTX,{'P66845', 'P9WGD6', 'P9WGD7'}
IXFXSXX,{'P66845', 'P9WGD6', 'P9WGD7'}
ILXXXXG,{'P66845', 'P9WGD6', 'P9WGD7'}
ILXXXTX,{'P66845', 'P9WGD6', 'P9WGD7'}
ILXXSXX,{'P66845', 'P9WGD6', 'P9WGD7'}
ILXAXXX,{'P66845', 'P9WGD6', 'P9WGD7'}
ILFXXXX,{'P66845', 'P9WGD6', 'P9WGD7'}
XXXXLQP,{'Q55311', 'P74214'}
XXXAXQP,{'Q55311', 'P74214'}
XXXALQX,{'Q55311', 'P74214'}
XXEXXQP,{'Q55311', 'P74214'}
XXEXLQX,{'Q55311', 'P74214'}
XXEAXQX,{'Q55311', 'P74214'}
XVXXXQP,{'Q55311', 'P74214'}
XVXXLXP,{'Q55311', 'P74214'}
XVXXLQX,{'Q55311', 'P74214'}
XVXAXXP,{'Q55311', 'P74214'}
XVXAXQX,{'Q55311', 'P74214'}
XVXALXX,{'Q55311', 'P74214'}
XVEXXXP,{'Q55311', 'P74214'}
XVEXXQX,{'Q55311', 'P74214'}
XVEXLXX,{'Q55311', 'P74214'}
XVEAXXX,{'Q55311', 'P74214'}
KXXXXQP,{'Q55311', 'P74214'}
KXXXLQX,{'Q55311', 'P74214'}
KXXAXQX,{'Q55311', 'P74214'}
KXEXXQX,{'Q55311', 'P74214'}
KVXXXXP,{'Q55311', 'P74214'}
KVXXXQX,{'Q55311', 'P74214'}
KVXXLXX,{'Q55311', 'P74214'}
KVXAXXX,{'Q55311', 'P74214'}
KVEXXXX,{'Q55311', 'P74214'}
XXXXGVS,{'O07347', 'A9CHH2'}
XXXAXVS,{'O07347', 'A9CHH2'}
XXXAGXS,{'O07347', 'A9CHH2'}
XXXAGVX,{'O07347', 'A9CHH2'}
XXFXXVS,{'O07347'}
XXFXGXS,{'O07347'}
XXFXGVX,{'O07347'}
XXFAXXS,{'O07347'}
XXFAXVX,{'O07347'}
XYXXXVS,{'O07347'}
XYXXGXS,{'O07347'}
XYXXGVX,{'O07347'}
XYXAXXS,{'O07347'}
XYXAXVX,{'O07347'}
XYXAGXX,{'O07347'}
XYFXXXS,{'O07347'}
XYFXXVX,{'O07347'}
XYFXGXX,{'O07347'}
XYFAXXX,{'O07347'}
IXXXXVS,{'O07347'}
IXXXGXS,{'O07347'}
IXXXGVX,{'O07347'}
IXXAXXS,{'O07347'}
IXXAXVX,{'O07347'}
IXFXXXS,{'O07347'}
IXFXXVX,{'O07347'}
IYXXXXS,{'O07347'}
IYXXXVX,{'O07347'}
IYXXGXX,{'O07347'}
IYXAXXX,{'O07347'}
IYFXXXX,{'O07347'}
XXXXIPK,{'O67615'}
XXXAXPK,{'O67615'}
XXXAIXK,{'O67615'}
XXXAIPX,{'O67615'}
XXPXXPK,{'O67615'}
XXPXIXK,{'O67615'}
XXPXIPX,{'O67615'}
XXPAXXK,{'O67615'}
XXPAXPX,{'O67615'}
XXPAIXX,{'O67615'}
XMXXXPK,{'O67615'}
XMXXIXK,{'O67615'}
XMXXIPX,{'O67615'}
XMXAXXK,{'O67615'}
XMXAXPX,{'O67615'}
XMXAIXX,{'O67615'}
XMPXXXK,{'O67615'}
XMPXXPX,{'O67615'}
XMPXIXX,{'O67615'}
XMPAXXX,{'O67615'}
GXXXXPK,{'O67615'}
GXXXIXK,{'O67615'}
GXXXIPX,{'O67615'}
GXXAXXK,{'O67615'}
GXXAXPX,{'O67615'}
GXXAIXX,{'O67615'}
GXPXXXK,{'O67615'}
GXPXXPX,{'O67615'}
GXPXIXX,{'O67615'}
GXPAXXX,{'O67615'}
GMXXXXK,{'O67615'}
GMXXXPX,{'O67615'}
GMXXIXX,{'O67615'}
GMXAXXX,{'O67615'}
GMPXXXX,{'O67615'}
IXXXXIG,{'O29633'}
IXXXFXG,{'O29633'}
IXXXFIX,{'O29633'}
IXXAXIX,{'O29633'}
IXXAFXX,{'O29633'}
IXIXXXG,{'O29633'}
IXIXXIX,{'O29633'}
IXIXFXX,{'O29633'}
IXIAXXX,{'O29633'}
IPXXXXG,{'O29633'}
IPXXXIX,{'O29633'}
IPXXFXX,{'O29633'}
IPXAXXX,{'O29633'}
IPIXXXX,{'O29633'}
FXXXXRH,{'A5UMY7'}
FXXXGXH,{'A5UMY7'}
FXXXGRX,{'A5UMY7'}
FXXAXXH,{'A5UMY7'}
FXXAXRX,{'A5UMY7'}
FXXAGXX,{'A5UMY7', 'P73930'}
FXTXXXH,{'A5UMY7'}
FXTXXRX,{'A5UMY7'}
FXTXGXX,{'A5UMY7'}
FXTAXXX,{'A5UMY7'}
FDXXXXH,{'A5UMY7'}
FDXXXRX,{'A5UMY7'}
FDXXGXX,{'A5UMY7'}
FDXAXXX,{'A5UMY7'}
FDTXXXX,{'A5UMY7'}
XXXXNTT,{'Q54ZR7'}
XXXAXTT,{'Q54ZR7'}
XXXANXT,{'Q54ZR7'}
XXXANTX,{'Q54ZR7'}
XXLXXTT,{'Q8G736', 'Q54ZR7'}
XXLXNXT,{'Q54ZR7'}
XXLXNTX,{'Q54ZR7'}
XXLAXXT,{'Q54ZR7'}
XXLAXTX,{'Q54ZR7'}
XXLANXX,{'Q54ZR7'}
XLXXXTT,{'Q54ZR7'}
XLXXNXT,{'Q54ZR7'}
XLXXNTX,{'Q54ZR7'}
XLXAXXT,{'Q54ZR7'}
XLXANXX,{'Q54ZR7'}
XLLXXXT,{'Q54ZR7'}
XLLXXTX,{'Q54ZR7'}
XLLXNXX,{'Q54ZR7'}
XLLAXXX,{'Q54ZR7'}
SXXXXTT,{'Q54ZR7'}
SXXXNXT,{'Q54ZR7'}
SXXXNTX,{'Q54ZR7'}
SXXAXXT,{'Q54ZR7'}
SXXAXTX,{'Q54ZR7'}
SXXANXX,{'Q54ZR7'}
SXLXXXT,{'Q54ZR7'}
SXLXXTX,{'Q54ZR7'}
SXLXNXX,{'Q54ZR7'}
SLXXXXT,{'Q54ZR7'}
SLXXXTX,{'Q54ZR7'}
SLXXNXX,{'Q54ZR7'}
SLXAXXX,{'Q54ZR7'}
SLLXXXX,{'Q54ZR7'}
XXXXGTG,{'P44870'}
XXXAGTX,{'P44870'}
XXDXGXG,{'P44870'}
XXDXGTX,{'P44870'}
XXDAGXX,{'P44870'}
XLXXGXG,{'P44870'}
XLXXGTX,{'P44870'}
XLXAGXX,{'P44870'}
XLDXXXG,{'Q8G736', 'P44870'}
XLDXXTX,{'Q8G736', 'P44870'}
XLDXGXX,{'P44870'}
TXXXGXG,{'P44870'}
TXXXGTX,{'P44870'}
TXXAGXX,{'P44870'}
TXDXGXX,{'P44870'}
TLXXXXG,{'P44870'}
TLXXXTX,{'P44870'}
TLXXGXX,{'P44870'}
TLXAXXX,{'P44870'}
TLDXXXX,{'P44870'}
XXXXDLA,{'P75362', 'P47539'}
XXXAXLA,{'P75362'}
XXXADXA,{'P75362'}
XXXADLX,{'P75362'}
XXTXXLA,{'P75362', 'P47539'}
XXTXDXA,{'P75362', 'P47539'}
XXTXDLX,{'P75362', 'P47539'}
XXTAXXA,{'P75362'}
XXTAXLX,{'P75362'}
XXTADXX,{'P75362'}
XTXXXLA,{'P75362'}
XTXXDXA,{'P75362'}
XTXXDLX,{'O43032', 'P75362'}
XTXAXXA,{'P75362'}
XTXAXLX,{'P75362'}
XTXADXX,{'P75362'}
XTTXXXA,{'P75362'}
XTTXXLX,{'P75362'}
XTTXDXX,{'P75362'}
XTTAXXX,{'P75362'}
EXXXXLA,{'Q01442', 'P75362', 'P47539'}
EXXXDXA,{'P75362', 'P47539'}
EXXXDLX,{'P75362', 'P47539'}
EXXAXXA,{'P75362'}
EXXAXLX,{'P75362'}
EXXADXX,{'P75362'}
EXTXXXA,{'P75362', 'P47539'}
EXTXXLX,{'P44518', 'P75362', 'P47539'}
EXTXDXX,{'P75362', 'P47539'}
EXTAXXX,{'P75362'}
ETXXXXA,{'P75362'}
ETXXXLX,{'P75362'}
ETXXDXX,{'P75362'}
ETXAXXX,{'P75362'}
ETTXXXX,{'P75362'}
XXXXTTG,{'Q8G736'}
XXXATXG,{'Q8G736'}
XXXATTX,{'Q8G736'}
XXDXTXG,{'Q8G736'}
XXDXTTX,{'Q8G736'}
XXDATXX,{'Q8G736'}
XLXXTXG,{'Q8G736'}
XLXXTTX,{'Q8G736'}
XLXATXX,{'Q8G736'}
XLDXTXX,{'Q8G736'}
VXXXXTG,{'Q8G736', 'Q1RKK5'}
VXXXTXG,{'Q8G736'}
VXXXTTX,{'Q8G736'}
VXXAXXG,{'Q8G736', 'Q1RKK5'}
VXXAXTX,{'Q8G736', 'Q1RKK5'}
VXXATXX,{'Q8G736'}
VXDXXXG,{'Q8G736', 'Q1RKK5'}
VXDXXTX,{'Q8G736', 'Q1RKK5'}
VXDXTXX,{'Q8G736'}
VXDAXXX,{'Q8G736', 'Q1RKK5'}
VLXXXXG,{'Q8G736'}
VLXXXTX,{'Q8G736'}
VLXXTXX,{'Q8G736'}
VLXAXXX,{'Q8G736'}
VLDXXXX,{'Q8G736'}
XXXXGEG,{'P73930'}
XXXAXEG,{'P73930'}
XXXAGEX,{'P73930'}
XXGXXEG,{'P73930'}
XXGXGXG,{'P73930'}
XXGXGEX,{'P73930', 'Q9ZK62'}
XXGAXXG,{'P73930'}
XXGAXEX,{'P73930'}
XXGAGXX,{'P73930'}
XIXXXEG,{'P73930'}
XIXXGXG,{'P73930'}
XIXXGEX,{'P73930', 'Q9ZK62'}
XIXAXEX,{'P73930'}
XIXAGXX,{'P73930'}
XIGXXXG,{'P73930'}
XIGXXEX,{'P73930', 'Q9ZK62'}
XIGXGXX,{'P73930', 'Q9ZK62'}
XIGAXXX,{'P73930'}
FXXXXEG,{'P73930'}
FXXXGXG,{'P73930'}
FXXXGEX,{'P73930', 'Q9ZK62'}
FXXAXXG,{'P73930'}
FXXAXEX,{'P73930'}
FXGXXXG,{'P73930'}
FXGXXEX,{'P73930', 'Q9ZK62'}
FXGXGXX,{'P73930', 'Q9ZK62'}
FXGAXXX,{'P73930'}
FIXXXXG,{'P73930'}
FIXXXEX,{'P73930', 'Q9ZK62'}
FIXXGXX,{'P73930', 'Q9ZK62'}
FIXAXXX,{'P73930'}
FIGXXXX,{'P73930', 'Q9ZK62'}
XXXXITG,{'Q1RKK5'}
XXXAIXG,{'Q1RKK5'}
XXXAITX,{'Q1RKK5'}
XXDXIXG,{'Q1RKK5'}
XXDXITX,{'Q1RKK5'}
XXDAIXX,{'Q1RKK5'}
XIXXIXG,{'Q1RKK5'}
XIXXITX,{'Q1RKK5'}
XIXAIXX,{'Q1RKK5'}
XIDXIXX,{'Q1RKK5'}
VXXXIXG,{'Q1RKK5'}
VXXXITX,{'Q1RKK5'}
VXXAIXX,{'Q1RKK5'}
VXDXIXX,{'Q1RKK5'}
VIXXXXG,{'Q1RKK5'}
VIXXXTX,{'Q1RKK5'}
VIXXIXX,{'Q1RKK5'}
VIXAXXX,{'Q1RKK5'}
VIDXXXX,{'Q1RKK5'}
XXVXXVS,{'A9CHH2'}
XXVXGXS,{'A9CHH2'}
XXVXGVX,{'A9CHH2'}
XXVAXXS,{'A9CHH2'}
XXVAXVX,{'A9CHH2'}
XXVAGXX,{'A9CHH2'}
XNXXXVS,{'A9CHH2'}
XNXXGXS,{'A9CHH2'}
XNXXGVX,{'A9CHH2'}
XNXAXXS,{'A9CHH2'}
XNXAXVX,{'A9CHH2'}
XNXAGXX,{'A9CHH2'}
XNVXXXS,{'A9CHH2'}
XNVXXVX,{'A9CHH2'}
XNVXGXX,{'A9CHH2'}
XNVAXXX,{'A9CHH2'}
RXXXXVS,{'A9CHH2'}
RXXXGXS,{'A9CHH2'}
RXXXGVX,{'A9CHH2'}
RXXAXXS,{'A9CHH2'}
RXXAXVX,{'A9CHH2'}
RXXAGXX,{'A9CHH2'}
RXVXXXS,{'A9CHH2'}
RXVXXVX,{'A9CHH2'}
RXVXGXX,{'A9CHH2'}
RXVAXXX,{'A9CHH2'}
RNXXXXS,{'A9CHH2'}
RNXXXVX,{'A9CHH2'}
RNXXGXX,{'A9CHH2'}
RNXAXXX,{'A9CHH2'}
RNVXXXX,{'A9CHH2'}
XXXXAVE,{'O80842'}
XXXEXVE,{'O80842'}
XXXEAXE,{'P44518', 'O80842'}
XXXEAVX,{'O80842'}
XXGXXVE,{'O80842'}
XXGXAXE,{'O80842'}
XXGXAVX,{'O80842'}
XXGEXXE,{'O80842'}
XXGEXVX,{'O80842'}
XXGEAXX,{'O80842'}
XVXXXVE,{'O80842'}
XVXXAXE,{'O80842'}
XVXXAVX,{'O80842'}
XVXEXXE,{'O80842'}
XVXEXVX,{'O80842'}
XVXEAXX,{'O80842'}
XVGXXXE,{'O80842'}
XVGXXVX,{'O80842'}
XVGXAXX,{'O80842'}
XVGEXXX,{'O80842'}
GXXXXVE,{'O80842'}
GXXXAXE,{'O80842'}
GXXXAVX,{'O80842'}
GXXEXXE,{'O80842'}
GXXEXVX,{'O80842'}
GXXEAXX,{'O80842'}
GXGXXXE,{'O80842'}
GXGXXVX,{'O80842'}
GXGXAXX,{'O80842'}
GXGEXXX,{'O80842'}
GVXXXXE,{'O80842'}
GVXXXVX,{'O80842'}
GVXXAXX,{'O80842'}
GVXEXXX,{'O80842'}
GVGXXXX,{'O80842'}
XXXXAST,{'P66845', 'P9WGD7', 'P9WGD6', 'P10121'}
XXXDXST,{'P10121'}
XXXDAXT,{'P44870', 'Q8G736', 'Q1RKK5', 'P10121'}
XXXDASX,{'P10121'}
XXIXXST,{'P10121'}
XXIXAXT,{'Q1RKK5', 'P10121'}
XXIXASX,{'P10121'}
XXIDXXT,{'Q1RKK5', 'P10121'}
XXIDXSX,{'P10121'}
XXIDAXX,{'Q1RKK5', 'P10121'}
XTXXXST,{'P10121'}
XTXXAXT,{'P44870', 'P10121'}
XTXXASX,{'P10121'}
XTXDXXT,{'P44870', 'P10121'}
XTXDXSX,{'P10121'}
XTXDAXX,{'P44870', 'P10121'}
XTIXXXT,{'P10121'}
XTIXXSX,{'P10121'}
XTIXAXX,{'P10121'}
XTIDXXX,{'P10121'}
LXXXXST,{'P10121'}
LXXXAXT,{'P44870', 'P10121', 'Q8G736', 'Q1RKK5', 'Q54ZR7'}
LXXXASX,{'P10121'}
LXXDXXT,{'P44870', 'Q8G736', 'Q1RKK5', 'P10121'}
LXXDXSX,{'P10121'}
LXXDAXX,{'P44870', 'Q8G736', 'Q1RKK5', 'P10121'}
LXIXXXT,{'Q1RKK5', 'P10121'}
LXIXXSX,{'P10121'}
LXIXAXX,{'Q1RKK5', 'P10121'}
LXIDXXX,{'Q1RKK5', 'P10121'}
LTXXXXT,{'P44870', 'P10121'}
LTXXXSX,{'P10121'}
LTXXAXX,{'P44870', 'P10121'}
LTXDXXX,{'P44870', 'P10121'}
LTIXXXX,{'P10121'}
XXXXTGQ,{'P10121'}
XXXSXGQ,{'P10121'}
XXXSTXQ,{'P10121'}
XXXSTGX,{'P66845', 'P9WGD7', 'P9WGD6', 'P10121'}
XXAXXGQ,{'P10121'}
XXAXTXQ,{'P10121'}
XXAXTGX,{'P66845', 'P9WGD7', 'P9WGD6', 'P10121'}
XXASXXQ,{'P10121'}
XXASXGX,{'P66845', 'P9WGD7', 'P9WGD6', 'P10121'}
XXASTXX,{'P66845', 'P9WGD7', 'P9WGD6', 'P10121'}
XDXXXGQ,{'P10121'}
XDXXTXQ,{'P10121'}
XDXXTGX,{'P10121'}
XDXSXXQ,{'P10121'}
XDXSXGX,{'P10121'}
XDXSTXX,{'P10121'}
XDAXXXQ,{'P10121'}
XDAXXGX,{'P10121'}
XDAXTXX,{'P10121'}
XDASXXX,{'P10121'}
IXXXXGQ,{'P10121'}
IXXXTXQ,{'P10121'}
IXXXTGX,{'P10121'}
IXXSXXQ,{'P10121'}
IXXSXGX,{'P10121'}
IXXSTXX,{'P10121'}
IXAXXXQ,{'P10121'}
IXAXXGX,{'P10121'}
IXAXTXX,{'P10121'}
IXASXXX,{'P10121'}
IDXXXXQ,{'P10121'}
IDXXXGX,{'P10121'}
IDXXTXX,{'P10121'}
IDXSXXX,{'P10121'}
IDAXXXX,{'P10121'}
XXXXAFW,{'P32916'}
XXXLXFW,{'P32916'}
XXXLAXW,{'P32916'}
XXXLAFX,{'P32916'}
XXKXXFW,{'P32916'}
XXKXAXW,{'P32916'}
XXKXAFX,{'P32916'}
XXKLXXW,{'P32916'}
XXKLXFX,{'P32916'}
XXKLAXX,{'P32916'}
XSXXXFW,{'P32916'}
XSXXAXW,{'P32916'}
XSXXAFX,{'P32916'}
XSXLXXW,{'P32916'}
XSXLXFX,{'P32916'}
XSXLAXX,{'Q54ZR7', 'P32916'}
XSKXXXW,{'P32916'}
XSKXXFX,{'P32916'}
XSKXAXX,{'P32916'}
XSKLXXX,{'P32916'}
LXXXXFW,{'P32916'}
LXXXAXW,{'P32916'}
LXXXAFX,{'P32916'}
LXXLXXW,{'P32916'}
LXXLXFX,{'P32916'}
LXXLAXX,{'Q54ZR7', 'P32916'}
LXKXXXW,{'P32916'}
LXKXXFX,{'P32916'}
LXKXAXX,{'P32916'}
LXKLXXX,{'P32916'}
LSXXXXW,{'P32916'}
LSXXXFX,{'P32916'}
LSXXAXX,{'Q54ZR7', 'P32916'}
LSXLXXX,{'Q54ZR7', 'P32916'}
LSKXXXX,{'P32916'}
XXXXAFG,{'P32916'}
XXXDXFG,{'P32916'}
XXXDAXG,{'P32916'}
XXXDAFX,{'P32916'}
XXNXXFG,{'P32916'}
XXNXAXG,{'P32916'}
XXNXAFX,{'P32916'}
XXNDXXG,{'P32916'}
XXNDXFX,{'P32916'}
XXNDAXX,{'P32916'}
XFXXXFG,{'P32916'}
XFXXAXG,{'P32916'}
XFXXAFX,{'P32916'}
XFXDXXG,{'P32916'}
XFXDXFX,{'P32916'}
XFXDAXX,{'P32916'}
XFNXXXG,{'P32916'}
XFNXXFX,{'P32916'}
XFNXAXX,{'P32916'}
XFNDXXX,{'P32916'}
NXXXXFG,{'P32916'}
NXXXAXG,{'P32916'}
NXXXAFX,{'P32916'}
NXXDXXG,{'P32916'}
NXXDXFX,{'P32916'}
NXXDAXX,{'P32916'}
NXNXXXG,{'P32916'}
NXNXXFX,{'P32916'}
NXNXAXX,{'P32916'}
NXNDXXX,{'P32916'}
NFXXXXG,{'P32916'}
NFXXXFX,{'P32916'}
NFXXAXX,{'P32916'}
NFXDXXX,{'P32916'}
NFNXXXX,{'P32916'}
XXXXLVQ,{'Q9DBG7', 'P08240', 'Q3MHE8', 'P06625'}
XXXSXVQ,{'Q9DBG7', 'P08240', 'Q3MHE8', 'P06625'}
XXXSLXQ,{'Q9DBG7', 'P08240', 'Q3MHE8', 'P06625'}
XXXSLVX,{'Q9DBG7', 'P08240', 'Q3MHE8', 'P06625'}
XXEXXVQ,{'Q9DBG7', 'P08240', 'Q3MHE8', 'P06625'}
XXEXLXQ,{'Q9DBG7', 'P08240', 'Q3MHE8', 'P06625'}
XXEXLVX,{'Q9DBG7', 'P08240', 'Q3MHE8', 'P06625'}
XXESXXQ,{'Q9DBG7', 'P08240', 'Q3MHE8', 'P06625'}
XXESXVX,{'Q9DBG7', 'P08240', 'Q3MHE8', 'P06625'}
XXESLXX,{'Q9DBG7', 'P08240', 'Q3MHE8', 'P06625'}
XQXXXVQ,{'Q9DBG7', 'P08240', 'Q3MHE8', 'P06625'}
XQXXLXQ,{'Q9DBG7', 'P08240', 'Q3MHE8', 'P06625'}
XQXXLVX,{'Q9DBG7', 'P08240', 'Q3MHE8', 'P06625'}
XQXSXXQ,{'Q9DBG7', 'P08240', 'Q3MHE8', 'P06625'}
XQXSXVX,{'Q9DBG7', 'P08240', 'Q3MHE8', 'P06625'}
XQXSLXX,{'Q9DBG7', 'P08240', 'Q3MHE8', 'P06625'}
XQEXXXQ,{'Q9DBG7', 'P08240', 'Q3MHE8', 'P06625'}
XQEXXVX,{'Q9DBG7', 'P08240', 'Q3MHE8', 'P06625'}
XQEXLXX,{'Q9DBG7', 'P08240', 'Q3MHE8', 'P06625'}
XQESXXX,{'Q9DBG7', 'P08240', 'Q3MHE8', 'P06625'}
LXXXXVQ,{'Q9DBG7', 'P08240', 'Q3MHE8', 'P06625'}
LXXXLXQ,{'Q9DBG7', 'P08240', 'Q3MHE8', 'P06625'}
LXXXLVX,{'Q9DBG7', 'P08240', 'Q3MHE8', 'P06625'}
LXXSXXQ,{'Q9DBG7', 'P08240', 'Q3MHE8', 'P06625'}
LXXSXVX,{'Q9DBG7', 'P08240', 'Q3MHE8', 'P06625'}
LXXSLXX,{'P08240', 'P06625', 'Q9DBG7', 'Q3MHE8', 'Q5JJC8'}
LXEXXXQ,{'Q9DBG7', 'P08240', 'Q3MHE8', 'P06625'}
LXEXXVX,{'Q9DBG7', 'P08240', 'Q3MHE8', 'P06625'}
LXEXLXX,{'Q9DBG7', 'P08240', 'Q3MHE8', 'P06625'}
LXESXXX,{'Q9DBG7', 'P08240', 'Q3MHE8', 'P06625'}
LQXXXXQ,{'Q9DBG7', 'P08240', 'Q3MHE8', 'P06625'}
LQXXXVX,{'Q9DBG7', 'P08240', 'Q3MHE8', 'P06625'}
LQXXLXX,{'Q9DBG7', 'P08240', 'Q3MHE8', 'P06625'}
LQXSXXX,{'Q9DBG7', 'P08240', 'Q3MHE8', 'P06625'}
LQEXXXX,{'Q9DBG7', 'P08240', 'Q3MHE8', 'P06625'}
XXXXGRL,{'P37106'}
XXXSXRL,{'P37106'}
XXXSGXL,{'P37106'}
XXXSGRX,{'P37106'}
XXGXXRL,{'P37106'}
XXGXGXL,{'P37106'}
XXGXGRX,{'P37106'}
XXGSXXL,{'P37106'}
XXGSXRX,{'O07347', 'P37106'}
XXGSGXX,{'Q9ZK62', 'P37106'}
XRXXXRL,{'P37106'}
XRXXGXL,{'P37106'}
XRXXGRX,{'P37106'}
XRXSXXL,{'P37106'}
XRXSXRX,{'P37106'}
XRXSGXX,{'P37106'}
XRGXXXL,{'P37106'}
XRGXXRX,{'P37106'}
XRGXGXX,{'P37106'}
XRGSXXX,{'P37106'}
AXXXXRL,{'P37106'}
AXXXGXL,{'P37106'}
AXXXGRX,{'P37106'}
AXXSXXL,{'P37106'}
AXXSXRX,{'P37106'}
AXXSGXX,{'P37106'}
AXGXXXL,{'P37106'}
AXGXXRX,{'P37106'}
AXGXGXX,{'P37106'}
AXGSXXX,{'P37106'}
ARXXXXL,{'P37106'}
ARXXXRX,{'P37106'}
ARXXGXX,{'P37106'}
ARXSXXX,{'P37106'}
ARGXXXX,{'P37106'}
XXXXAGL,{'P37105'}
XXXFXGL,{'P37105'}
XXXFAXL,{'P37105'}
XXXFAGX,{'O07347', 'P37105'}
XXKXXGL,{'P37105'}
XXKXAXL,{'P37105'}
XXKXAGX,{'P37105'}
XXKFXXL,{'P37105'}
XXKFXGX,{'P37105'}
XXKFAXX,{'P37105'}
XIXXXGL,{'P37105'}
XIXXAXL,{'P37105'}
XIXXAGX,{'O07347', 'P37105'}
XIXFXXL,{'P37105'}
XIXFXGX,{'O07347', 'P37105'}
XIXFAXX,{'P9WGD7', 'P9WGD6', 'P37105', 'P66845', 'O07347'}
XIKXXXL,{'P37105'}
XIKXXGX,{'P37105'}
XIKXAXX,{'P37105'}
XIKFXXX,{'P37105'}
PXXXXGL,{'P37105'}
PXXXAXL,{'P37105'}
PXXXAGX,{'O07347', 'P37105'}
PXXFXXL,{'P37105'}
PXXFXGX,{'O07347', 'P37105'}
PXXFAXX,{'P9WGD7', 'P9WGD6', 'P37105', 'P66845', 'O07347'}
PXKXXXL,{'P37105'}
PXKXXGX,{'P37105'}
PXKXAXX,{'P37105'}
PXKFXXX,{'P37105'}
PIXXXXL,{'P37105'}
PIXXXGX,{'O07347', 'P37105'}
PIXXAXX,{'P9WGD7', 'P9WGD6', 'P37105', 'P66845', 'O07347'}
PIXFXXX,{'P9WGD7', 'P9WGD6', 'P37105', 'P66845', 'O07347'}
PIKXXXX,{'P37105'}
XXXXALE,{'P44518', 'P37105'}
XXXDXLE,{'P37105'}
XXXDAXE,{'P37105'}
XXXDALX,{'P37105'}
XXLXXLE,{'P37105'}
XXLXAXE,{'P37105'}
XXLXALX,{'P37105'}
XXLDXXE,{'P37105'}
XXLDXLX,{'P37105'}
XXLDAXX,{'Q8G736', 'P37105', 'P44870'}
XKXXXLE,{'P44518', 'P37105'}
XKXXAXE,{'P44518', 'P37105'}
XKXXALX,{'P44518', 'P37105', 'Q55311', 'P74214'}
XKXDXXE,{'P37105'}
XKXDXLX,{'P37105'}
XKXDAXX,{'P37105'}
XKLXXXE,{'P37105'}
XKLXXLX,{'P37105'}
XKLXAXX,{'P37105'}
XKLDXXX,{'P37105'}
EXXXXLE,{'P44518', 'P37105'}
EXXXAXE,{'P44518', 'P37105'}
EXXXALX,{'P37105', 'P44518', 'Q01442', 'Q55311', 'P74214'}
EXXDXXE,{'P37105'}
EXXDXLX,{'P37105'}
EXXDAXX,{'P37105'}
EXLXXXE,{'P37105'}
EXLXXLX,{'P37105'}
EXLXAXX,{'P37105'}
EXLDXXX,{'P37105'}
EKXXXXE,{'P44518', 'P37105'}
EKXXXLX,{'P37105', 'P47539', 'P44518', 'Q55311', 'P74214'}
EKXXAXX,{'P44518', 'P37105', 'Q55311', 'P74214'}
EKXDXXX,{'P37105'}
EKLXXXX,{'P37105'}
XXXXFQN,{'Q89AE4'}
XXXSXQN,{'Q89AE4'}
XXXSFXN,{'Q89AE4'}
XXXSFQX,{'Q89AE4'}
XXNXXQN,{'Q89AE4'}
XXNXFXN,{'Q89AE4'}
XXNXFQX,{'Q89AE4'}
XXNSXXN,{'Q89AE4'}
XXNSXQX,{'Q89AE4'}
XXNSFXX,{'Q89AE4'}
XFXXXQN,{'Q89AE4'}
XFXXFXN,{'Q89AE4'}
XFXXFQX,{'Q89AE4'}
XFXSXXN,{'Q89AE4'}
XFXSXQX,{'Q89AE4'}
XFXSFXX,{'Q89AE4'}
XFNXXXN,{'Q89AE4'}
XFNXXQX,{'Q89AE4'}
XFNXFXX,{'Q89AE4'}
XFNSXXX,{'Q89AE4'}
IXXXXQN,{'Q89AE4'}
IXXXFXN,{'Q89AE4'}
IXXXFQX,{'Q89AE4'}
IXXSXXN,{'Q89AE4'}
IXXSXQX,{'Q89AE4'}
IXXSFXX,{'Q89AE4'}
IXNXXXN,{'Q89AE4'}
IXNXXQX,{'Q89AE4'}
IXNXFXX,{'Q89AE4'}
IXNSXXX,{'Q89AE4'}
IFXXXXN,{'Q89AE4'}
IFXXXQX,{'Q89AE4'}
IFXXFXX,{'Q89AE4'}
IFXSXXX,{'Q89AE4'}
IFNXXXX,{'Q89AE4'}
XXXEXLE,{'P44518'}
XXXEALX,{'P44518', 'Q55311', 'P74214'}
XXTXXLE,{'P44518'}
XXTXAXE,{'P44518'}
XXTXALX,{'P44518'}
XXTEXXE,{'P44518'}
XXTEXLX,{'P44518'}
XXTEAXX,{'P44518'}
XKXEXXE,{'P44518'}
XKXEXLX,{'P44518', 'Q55311', 'P74214'}
XKXEAXX,{'P44518', 'Q55311', 'P74214'}
XKTXXXE,{'P44518'}
XKTXXLX,{'P44518', 'P47539'}
XKTXAXX,{'P44518'}
XKTEXXX,{'P44518'}
EXXEXXE,{'P44518'}
EXXEXLX,{'P44518', 'Q55311', 'P74214'}
EXXEAXX,{'P44518', 'Q55311', 'P74214'}
EXTXXXE,{'P44518'}
EXTXAXX,{'P44518'}
EXTEXXX,{'P44518'}
EKXEXXX,{'P44518', 'Q55311', 'P74214'}
EKTXXXX,{'P44518', 'P47539'}
XXXXAGR,{'Q2NE47', 'A5UMY7'}
XXXTXGR,{'Q2NE47', 'A5UMY7'}
XXXTAXR,{'Q2NE47', 'A5UMY7'}
XXXTAGX,{'Q2NE47', 'A5UMY7'}
XXDXXGR,{'Q2NE47', 'A5UMY7'}
XXDXAXR,{'Q2NE47', 'A5UMY7'}
XXDXAGX,{'Q2NE47', 'A5UMY7'}
XXDTXXR,{'Q2NE47', 'A5UMY7'}
XXDTXGX,{'Q2NE47', 'A5UMY7'}
XXDTAXX,{'Q2NE47', 'A5UMY7'}
XVXXXGR,{'Q2NE47'}
XVXXAXR,{'Q2NE47'}
XVXXAGX,{'Q2NE47'}
XVXTXXR,{'Q2NE47'}
XVXTXGX,{'Q2NE47'}
XVXTAXX,{'Q2NE47'}
XVDXXXR,{'Q2NE47'}
XVDXXGX,{'Q2NE47'}
XVDXAXX,{'Q2NE47'}
XVDTXXX,{'Q2NE47'}
LXXXXGR,{'Q2NE47'}
LXXXAXR,{'Q2NE47'}
LXXXAGX,{'Q2NE47', 'P44870'}
LXXTXXR,{'Q2NE47'}
LXXTXGX,{'Q2NE47'}
LXXTAXX,{'Q2NE47'}
LXDXXXR,{'Q2NE47'}
LXDXXGX,{'Q2NE47'}
LXDXAXX,{'Q2NE47'}
LXDTXXX,{'Q2NE47'}
LVXXXXR,{'Q2NE47'}
LVXXXGX,{'Q2NE47'}
LVXXAXX,{'Q2NE47', 'Q8G736', 'Q1RKK5'}
LVXTXXX,{'Q2NE47'}
LVDXXXX,{'Q2NE47'}
XXXXKVT,{'Q2NE47'}
XXXSXVT,{'Q2NE47'}
XXXSKXT,{'Q2NE47'}
XXXSKVX,{'Q2NE47'}
XXAXXVT,{'Q2NE47'}
XXAXKXT,{'Q2NE47'}
XXAXKVX,{'Q2NE47'}
XXASXXT,{'Q2NE47'}
XXASXVX,{'Q2NE47'}
XXASKXX,{'Q2NE47'}
XNXXXVT,{'Q2NE47'}
XNXXKXT,{'Q2NE47'}
XNXXKVX,{'Q2NE47'}
XNXSXXT,{'Q2NE47'}
XNXSXVX,{'Q2NE47'}
XNXSKXX,{'Q2NE47'}
XNAXXXT,{'Q2NE47'}
XNAXXVX,{'Q2NE47'}
XNAXKXX,{'Q2NE47'}
XNASXXX,{'Q2NE47'}
AXXXXVT,{'Q2NE47'}
AXXXKXT,{'Q2NE47'}
AXXXKVX,{'Q2NE47'}
AXXSXXT,{'Q2NE47'}
AXXSXVX,{'Q2NE47'}
AXXSKXX,{'Q2NE47'}
AXAXXXT,{'Q2NE47'}
AXAXXVX,{'Q2NE47'}
AXAXKXX,{'Q2NE47'}
AXASXXX,{'Q2NE47'}
ANXXXXT,{'Q2NE47'}
ANXXXVX,{'Q2NE47'}
ANXXKXX,{'Q2NE47'}
ANXSXXX,{'Q2NE47'}
ANAXXXX,{'Q2NE47'}
XXXXEKL,{'P47294', 'P75054'}
XXXSXKL,{'P47294', 'P75054'}
XXXSEXL,{'P47294', 'P75054', 'P47539'}
XXXSEKX,{'O07347', 'P47294', 'P75054'}
XXVXXKL,{'P47294'}
XXVXEXL,{'P47294'}
XXVXEKX,{'O07347', 'P47294'}
XXVSXXL,{'P47294'}
XXVSXKX,{'O07347', 'P47294'}
XXVSEXX,{'O07347', 'P47294'}
XGXXXKL,{'P47294', 'P75054'}
XGXXEXL,{'P47294', 'P75054'}
XGXXEKX,{'O07347', 'P47294', 'P75054'}
XGXSXXL,{'P47294', 'P75054'}
XGXSXKX,{'O07347', 'P47294', 'P75054'}
XGXSEXX,{'O07347', 'P47294', 'P75054'}
XGVXXXL,{'P47294'}
XGVXXKX,{'O07347', 'P47294'}
XGVXEXX,{'O07347', 'P47294'}
XGVSXXX,{'O07347', 'P47294'}
IXXXXKL,{'P47294'}
IXXXEXL,{'P47294'}
IXXXEKX,{'P47294'}
IXXSXXL,{'P47294'}
IXXSXKX,{'P47294'}
IXXSEXX,{'P47294'}
IXVXXXL,{'P47294'}
IXVXXKX,{'P47294'}
IXVXEXX,{'P47294'}
IXVSXXX,{'P47294'}
IGXXXXL,{'P47294'}
IGXXXKX,{'P47294'}
IGXXEXX,{'P47294'}
IGXSXXX,{'P47294'}
IGVXXXX,{'P47294'}
XXXXVSS,{'P47294'}
XXXSXSS,{'P47294'}
XXXSVXS,{'P47294'}
XXXSVSX,{'P47294'}
XXGXXSS,{'P47294'}
XXGXVXS,{'P47294'}
XXGXVSX,{'P47294'}
XXGSXXS,{'P47294'}
XXGSXSX,{'P47294'}
XXGSVXX,{'P47294'}
XMXXXSS,{'P47294'}
XMXXVXS,{'P47294'}
XMXXVSX,{'P47294'}
XMXSXXS,{'P47294'}
XMXSXSX,{'P47294'}
XMXSVXX,{'P47294'}
XMGXXXS,{'P47294'}
XMGXXSX,{'P47294'}
XMGXVXX,{'P47294'}
XMGSXXX,{'P47294'}
KXXXXSS,{'P47294'}
KXXXVXS,{'P47294'}
KXXXVSX,{'P47294'}
KXXSXXS,{'P47294'}
KXXSXSX,{'P47294'}
KXXSVXX,{'P47294'}
KXGXXXS,{'P47294'}
KXGXXSX,{'P47294'}
KXGXVXX,{'P47294'}
KXGSXXX,{'P47294'}
KMXXXXS,{'P47294'}
KMXXXSX,{'P47294'}
KMXXVXX,{'P47294'}
KMXSXXX,{'P47294'}
KMGXXXX,{'P47294'}
XXXXALA,{'Q01442'}
XXXNXLA,{'Q01442'}
XXXNAXA,{'Q01442'}
XXXNALX,{'Q01442'}
XXYXXLA,{'Q01442'}
XXYXAXA,{'Q01442'}
XXYXALX,{'Q01442'}
XXYNXXA,{'Q01442'}
XXYNXLX,{'Q01442'}
XXYNAXX,{'Q01442'}
XGXXXLA,{'Q01442'}
XGXXAXA,{'Q01442'}
XGXXALX,{'Q01442'}
XGXNXXA,{'Q01442'}
XGXNXLX,{'Q01442'}
XGXNAXX,{'Q01442'}
XGYXXXA,{'Q01442'}
XGYXXLX,{'Q01442'}
XGYXAXX,{'Q01442'}
XGYNXXX,{'Q01442'}
EXXXAXA,{'Q01442'}
EXXNXXA,{'Q01442'}
EXXNXLX,{'Q01442'}
EXXNAXX,{'Q01442'}
EXYXXXA,{'Q01442'}
EXYXXLX,{'Q01442'}
EXYXAXX,{'Q01442'}
EXYNXXX,{'Q01442'}
EGXXXXA,{'Q01442'}
EGXXXLX,{'Q01442'}
EGXXAXX,{'Q01442'}
EGXNXXX,{'Q01442'}
EGYXXXX,{'Q01442'}
XXXFXST,{'P66845', 'P9WGD6', 'P9WGD7'}
XXXFAXT,{'P66845', 'P9WGD6', 'P9WGD7'}
XXXFASX,{'P66845', 'P9WGD6', 'P9WGD7'}
XXLXXST,{'P66845', 'P9WGD6', 'P9WGD7'}
XXLXAXT,{'P9WGD7', 'P9WGD6', 'P44870', 'Q8G736', 'P66845', 'Q54ZR7'}
XXLXASX,{'P66845', 'P9WGD6', 'P9WGD7'}
XXLFXXT,{'P66845', 'P9WGD6', 'P9WGD7'}
XXLFXSX,{'P66845', 'P9WGD6', 'P9WGD7'}
XXLFAXX,{'P66845', 'P9WGD6', 'P9WGD7'}
XIXXXST,{'P66845', 'P9WGD6', 'P9WGD7'}
XIXXAXT,{'P66845', 'P9WGD6', 'P9WGD7'}
XIXXASX,{'P66845', 'P9WGD6', 'P9WGD7'}
XIXFXXT,{'P66845', 'P9WGD6', 'P9WGD7'}
XIXFXSX,{'P66845', 'P9WGD6', 'P9WGD7'}
XILXXXT,{'P66845', 'P9WGD6', 'P9WGD7'}
XILXXSX,{'P66845', 'P9WGD6', 'P9WGD7'}
XILXAXX,{'P66845', 'P9WGD6', 'P9WGD7'}
XILFXXX,{'P66845', 'P9WGD6', 'P9WGD7'}
PXXXXST,{'P66845', 'P9WGD6', 'P9WGD7'}
PXXXAXT,{'P66845', 'P9WGD6', 'P9WGD7'}
PXXXASX,{'P66845', 'P9WGD6', 'P9WGD7'}
PXXFXXT,{'P66845', 'P9WGD6', 'P9WGD7'}
PXXFXSX,{'P66845', 'P9WGD6', 'P9WGD7'}
PXLXXXT,{'P66845', 'P9WGD6', 'P9WGD7'}
PXLXXSX,{'P66845', 'P9WGD6', 'P9WGD7'}
PXLXAXX,{'P66845', 'P9WGD6', 'P9WGD7'}
PXLFXXX,{'P66845', 'P9WGD6', 'P9WGD7'}
PIXXXXT,{'P66845', 'P9WGD6', 'P9WGD7'}
PIXXXSX,{'P66845', 'P9WGD6', 'P9WGD7'}
PILXXXX,{'P66845', 'P9WGD6', 'P9WGD7'}
XXXXTGE,{'P66845', 'P9WGD6', 'P9WGD7'}
XXXSXGE,{'Q89B28', 'P66845', 'P9WGD6', 'P9WGD7'}
XXXSTXE,{'P66845', 'P9WGD6', 'P9WGD7'}
XXAXXGE,{'P66845', 'P9WGD6', 'P9WGD7'}
XXAXTXE,{'P66845', 'P9WGD6', 'P9WGD7'}
XXASXXE,{'P66845', 'P9WGD6', 'P9WGD7'}
XFXXXGE,{'P66845', 'P73930', 'P9WGD6', 'P9WGD7'}
XFXXTXE,{'P66845', 'P9WGD6', 'P9WGD7'}
XFXXTGX,{'P66845', 'P9WGD6', 'P9WGD7'}
XFXSXXE,{'P66845', 'P9WGD6', 'P9WGD7'}
XFXSXGX,{'P66845', 'P9WGD6', 'P9WGD7'}
XFXSTXX,{'P66845', 'P9WGD6', 'P9WGD7'}
XFAXXXE,{'P66845', 'P9WGD6', 'P9WGD7'}
XFAXXGX,{'P66845', 'P9WGD6', 'P9WGD7'}
XFAXTXX,{'P66845', 'P9WGD6', 'P9WGD7'}
XFASXXX,{'P66845', 'P9WGD6', 'P9WGD7'}
LXXXXGE,{'P66845', 'P9WGD6', 'P9WGD7'}
LXXXTXE,{'P66845', 'P9WGD6', 'P9WGD7'}
LXXXTGX,{'P66845', 'P9WGD6', 'P9WGD7'}
LXXSXXE,{'P66845', 'P9WGD6', 'P9WGD7', 'Q5JJC8'}
LXXSXGX,{'P66845', 'P9WGD6', 'P9WGD7'}
LXXSTXX,{'P66845', 'P9WGD6', 'P9WGD7'}
LXAXXXE,{'P66845', 'P9WGD6', 'P9WGD7'}
LXAXXGX,{'P66845', 'P9WGD6', 'P9WGD7'}
LXAXTXX,{'P66845', 'P9WGD6', 'P9WGD7'}
LXASXXX,{'P66845', 'P9WGD6', 'P9WGD7'}
LFXXXXE,{'P66845', 'P9WGD6', 'P9WGD7'}
LFXXXGX,{'P66845', 'P9WGD6', 'P9WGD7'}
LFXXTXX,{'P66845', 'P9WGD6', 'P9WGD7'}
LFXSXXX,{'P66845', 'P9WGD6', 'P9WGD7'}
LFAXXXX,{'P66845', 'P9WGD6', 'P9WGD7'}
XXXXALQ,{'Q55311', 'P74214'}
XXXEXLQ,{'Q55311', 'P74214'}
XXXEAXQ,{'Q55311', 'P74214'}
XXVXXLQ,{'Q55311', 'P74214'}
XXVXAXQ,{'Q55311', 'P74214'}
XXVXALX,{'Q55311', 'P74214'}
XXVEXXQ,{'Q55311', 'P74214'}
XXVEXLX,{'Q55311', 'P74214'}
XXVEAXX,{'Q55311', 'P74214'}
XKXXXLQ,{'Q55311', 'P74214'}
XKXXAXQ,{'Q55311', 'P74214'}
XKXEXXQ,{'Q55311', 'P74214'}
XKVXXXQ,{'Q55311', 'P74214'}
XKVXXLX,{'Q55311', 'P74214'}
XKVXAXX,{'Q55311', 'P74214'}
XKVEXXX,{'Q55311', 'P74214'}
EXXXXLQ,{'Q55311', 'P74214'}
EXXXAXQ,{'Q55311', 'P74214'}
EXXEXXQ,{'Q55311', 'P74214'}
EXVXXXQ,{'Q55311', 'P74214'}
EXVXXLX,{'Q55311', 'P74214'}
EXVXAXX,{'Q55311', 'P74214'}
EXVEXXX,{'Q55311', 'P74214'}
EKXXXXQ,{'Q55311', 'P74214'}
EKVXXXX,{'Q55311', 'P74214'}
XXXXAGV,{'O07347', 'A9CHH2'}
XXXFXGV,{'O07347'}
XXXFAXV,{'O07347'}
XXYXXGV,{'O07347'}
XXYXAXV,{'O07347'}
XXYXAGX,{'O07347'}
XXYFXXV,{'O07347'}
XXYFXGX,{'O07347'}
XXYFAXX,{'O07347'}
XIXXXGV,{'O07347'}
XIXXAXV,{'O07347'}
XIXFXXV,{'O07347'}
XIYXXXV,{'O07347'}
XIYXXGX,{'O07347'}
XIYXAXX,{'O07347'}
XIYFXXX,{'O07347'}
PXXXXGV,{'O07347'}
PXXXAXV,{'O07347'}
PXXFXXV,{'O07347'}
PXYXXXV,{'O07347'}
PXYXXGX,{'O07347'}
PXYXAXX,{'O07347'}
PXYFXXX,{'O07347'}
PIXXXXV,{'O07347'}
PIYXXXX,{'O07347'}
XXXXEKP,{'O07347'}
XXXSXKP,{'O07347'}
XXXSEXP,{'O07347'}
XXVXXKP,{'O07347'}
XXVXEXP,{'O07347'}
XXVSXXP,{'O07347'}
XGXXXKP,{'O07347'}
XGXXEXP,{'O07347'}
XGXSXXP,{'O07347'}
XGVXXXP,{'O07347'}
AXXXXKP,{'O07347'}
AXXXEXP,{'O07347'}
AXXXEKX,{'O07347'}
AXXSXXP,{'O07347'}
AXXSXKX,{'O07347'}
AXXSEXX,{'O07347'}
AXVXXXP,{'O07347'}
AXVXXKX,{'O07347'}
AXVXEXX,{'O07347'}
AXVSXXX,{'O07347'}
AGXXXXP,{'O07347'}
AGXXXKX,{'O07347'}
AGXXEXX,{'O07347'}
AGXSXXX,{'O07347'}
AGVXXXX,{'O07347'}
XXXXRRK,{'O07347'}
XXXSXRK,{'O43032', 'O07347'}
XXXSRXK,{'O07347'}
XXXSRRX,{'O07347'}
XXGXXRK,{'O07347'}
XXGXRXK,{'O07347'}
XXGXRRX,{'O07347'}
XXGSXXK,{'O07347', 'Q9ZK62'}
XXGSRXX,{'O07347'}
XNXXXRK,{'O07347'}
XNXXRXK,{'O07347'}
XNXXRRX,{'O07347'}
XNXSXXK,{'O07347'}
XNXSXRX,{'O07347'}
XNXSRXX,{'O07347'}
XNGXXXK,{'O07347'}
XNGXXRX,{'O07347'}
XNGXRXX,{'O07347'}
XNGSXXX,{'O07347'}
LXXXXRK,{'O07347'}
LXXXRXK,{'O07347'}
LXXXRRX,{'O07347'}
LXXSXXK,{'O07347'}
LXXSXRX,{'O07347'}
LXXSRXX,{'O07347'}
LXGXXXK,{'O07347'}
LXGXXRX,{'O07347'}
LXGXRXX,{'O07347'}
LXGSXXX,{'O07347'}
LNXXXXK,{'O07347'}
LNXXXRX,{'O07347'}
LNXXRXX,{'O07347'}
LNXSXXX,{'O07347'}
LNGXXXX,{'O07347'}
XXXXAIP,{'O67615'}
XXXPXIP,{'O67615'}
XXXPAXP,{'O67615'}
XXXPAIX,{'O67615'}
XXMXXIP,{'O67615'}
XXMXAXP,{'O67615'}
XXMXAIX,{'O67615'}
XXMPXXP,{'O67615'}
XXMPXIX,{'O67615'}
XXMPAXX,{'O67615'}
XGXXXIP,{'O67615'}
XGXXAXP,{'O67615'}
XGXXAIX,{'O67615'}
XGXPXXP,{'O67615'}
XGXPXIX,{'O67615'}
XGXPAXX,{'O67615'}
XGMXXXP,{'O67615'}
XGMXXIX,{'O67615'}
XGMXAXX,{'O67615'}
XGMPXXX,{'O67615'}
GXXXXIP,{'O67615'}
GXXXAXP,{'O67615'}
GXXXAIX,{'O67615'}
GXXPXXP,{'O67615'}
GXXPXIX,{'O67615'}
GXXPAXX,{'O67615'}
GXMXXXP,{'O67615'}
GXMXXIX,{'O67615'}
GXMXAXX,{'O67615'}
GXMPXXX,{'O67615'}
GGXXXXP,{'O67615'}
GGXXXIX,{'O67615'}
GGXXAXX,{'O67615'}
GGXPXXX,{'O67615'}
GGMXXXX,{'O67615'}
XXXSXEP,{'P57473'}
XXXSLXP,{'P57473'}
XXXSLEX,{'P57473'}
XXIXXEP,{'P57473'}
XXIXLXP,{'P57473'}
XXIXLEX,{'P57473'}
XXISXXP,{'P57473'}
XXISXEX,{'P57473'}
XXISLXX,{'P57473'}
XIXXXEP,{'P57473'}
XIXXLXP,{'P57473'}
XIXXLEX,{'P57473'}
XIXSXXP,{'P57473'}
XIXSXEX,{'P57473', 'Q9ZK62'}
XIXSLXX,{'P57473'}
XIIXXXP,{'P57473'}
XIIXXEX,{'P57473'}
XIIXLXX,{'P57473'}
XIISXXX,{'P57473'}
KXXSXXP,{'P57473'}
KXXSXEX,{'P57473'}
KXXSLXX,{'P57473', 'Q54ZR7'}
KXIXXXP,{'P57473'}
KXIXXEX,{'P57473'}
KXIXLXX,{'P57473'}
KXISXXX,{'P57473'}
KIXXXXP,{'P57473'}
KIXXXEX,{'P57473'}
KIXXLXX,{'P57473'}
KIXSXXX,{'P57473'}
KIIXXXX,{'P57473'}
XXXXINH,{'P57473'}
XXXSXNH,{'P57473'}
XXXSIXH,{'P57473'}
XXXSINX,{'P57473'}
XXFXXNH,{'P57473'}
XXFXIXH,{'P57473'}
XXFXINX,{'P57473'}
XXFSXXH,{'P57473'}
XXFSXNX,{'P57473'}
XXFSIXX,{'P57473'}
XKXXXNH,{'P57473'}
XKXXIXH,{'P57473'}
XKXXINX,{'P57473'}
XKXSXXH,{'P57473'}
XKXSXNX,{'P57473'}
XKXSIXX,{'P57473'}
XKFXXXH,{'P57473'}
XKFXXNX,{'P57473'}
XKFXIXX,{'P57473'}
XKFSXXX,{'P57473'}
NXXXXNH,{'P57473'}
NXXXIXH,{'P57473'}
NXXXINX,{'P57473'}
NXXSXXH,{'P57473'}
NXXSXNX,{'P57473'}
NXXSIXX,{'P57473'}
NXFXXXH,{'P57473'}
NXFXXNX,{'P57473'}
NXFXIXX,{'P57473'}
NXFSXXX,{'P57473'}
NKXXXXH,{'P57473'}
NKXXXNX,{'P57473'}
NKXXIXX,{'P57473'}
NKXSXXX,{'P57473'}
NKFXXXX,{'P57473'}
XXXXNNI,{'P57473'}
XXXSXNI,{'P57473'}
XXXSNXI,{'P57473'}
XXXSNNX,{'P57473'}
XXLXXNI,{'P57473'}
XXLXNXI,{'P57473'}
XXLXNNX,{'P57473'}
XXLSXXI,{'P57473'}
XXLSXNX,{'P57473'}
XXLSNXX,{'P57473'}
XQXXXNI,{'P57473'}
XQXXNXI,{'P57473'}
XQXXNNX,{'P57473'}
XQXSXXI,{'P57473'}
XQXSXNX,{'P57473'}
XQXSNXX,{'P57473'}
XQLXXXI,{'P57473'}
XQLXXNX,{'P57473'}
XQLXNXX,{'P57473'}
XQLSXXX,{'P57473'}
HXXXXNI,{'P57473'}
HXXXNXI,{'P57473'}
HXXXNNX,{'P57473'}
HXXSXXI,{'P57473'}
HXXSXNX,{'P57473'}
HXXSNXX,{'P57473'}
HXLXXXI,{'P57473'}
HXLXXNX,{'P57473'}
HXLXNXX,{'P57473'}
HXLSXXX,{'P57473'}
HQXXXXI,{'P57473'}
HQXXXNX,{'P57473'}
HQXXNXX,{'P57473'}
HQXSXXX,{'P57473'}
HQLXXXX,{'P57473'}
XXXXLPD,{'B6YSS1'}
XXXSXPD,{'B6YSS1'}
XXXSLXD,{'B6YSS1'}
XXXSLPX,{'Q5JJC8', 'B6YSS1'}
XXYXXPD,{'B6YSS1'}
XXYXLXD,{'B6YSS1'}
XXYXLPX,{'Q5JJC8', 'B6YSS1'}
XXYSXXD,{'B6YSS1'}
XXYSXPX,{'Q5JJC8', 'B6YSS1'}
XXYSLXX,{'Q5JJC8', 'B6YSS1'}
XGXXXPD,{'B6YSS1'}
XGXXLXD,{'B6YSS1'}
XGXXLPX,{'Q5JJC8', 'B6YSS1'}
XGXSXXD,{'B6YSS1'}
XGXSXPX,{'Q5JJC8', 'B6YSS1'}
XGXSLXX,{'Q5JJC8', 'B6YSS1'}
XGYXXXD,{'B6YSS1'}
XGYXXPX,{'Q5JJC8', 'B6YSS1'}
XGYXLXX,{'Q5JJC8', 'B6YSS1'}
XGYSXXX,{'Q5JJC8', 'B6YSS1'}
MXXXXPD,{'B6YSS1'}
MXXXLXD,{'B6YSS1'}
MXXXLPX,{'B6YSS1'}
MXXSXXD,{'B6YSS1'}
MXXSXPX,{'B6YSS1'}
MXXSLXX,{'B6YSS1'}
MXYXXXD,{'B6YSS1'}
MXYXXPX,{'B6YSS1'}
MXYXLXX,{'B6YSS1'}
MXYSXXX,{'B6YSS1'}
MGXXXXD,{'B6YSS1'}
MGXXXPX,{'B6YSS1'}
MGXXLXX,{'B6YSS1'}
MGXSXXX,{'B6YSS1', 'P75054'}
MGYXXXX,{'B6YSS1'}
XXXXGEK,{'Q9ZK62'}
XXXSXEK,{'Q9ZK62'}
XXXSGXK,{'Q9ZK62'}
XXXSGEX,{'Q9ZK62'}
XXGXXEK,{'Q9ZK62'}
XXGXGXK,{'Q9ZK62'}
XXGSXEX,{'Q9ZK62'}
XIXXXEK,{'Q9ZK62'}
XIXXGXK,{'Q9ZK62'}
XIXSXXK,{'O43032', 'Q9ZK62'}
XIXSGXX,{'Q9ZK62'}
XIGXXXK,{'Q9ZK62'}
XIGSXXX,{'Q9ZK62'}
FXXXXEK,{'Q9ZK62'}
FXXXGXK,{'Q9ZK62'}
FXXSXXK,{'Q9ZK62'}
FXXSXEX,{'Q9ZK62'}
FXXSGXX,{'Q9ZK62'}
FXGXXXK,{'Q9ZK62'}
FXGSXXX,{'Q9ZK62'}
FIXXXXK,{'Q9ZK62'}
FIXSXXX,{'Q9ZK62'}
XFXXXGR,{'A5UMY7'}
XFXXAXR,{'A5UMY7'}
XFXXAGX,{'A5UMY7', 'P73930'}
XFXTXXR,{'A5UMY7'}
XFXTXGX,{'A5UMY7'}
XFXTAXX,{'A5UMY7'}
XFDXXXR,{'A5UMY7'}
XFDXXGX,{'A5UMY7'}
XFDXAXX,{'A5UMY7'}
XFDTXXX,{'A5UMY7'}
IXXXXGR,{'A5UMY7'}
IXXXAXR,{'A5UMY7'}
IXXXAGX,{'A5UMY7'}
IXXTXXR,{'A5UMY7'}
IXXTXGX,{'A5UMY7'}
IXXTAXX,{'A5UMY7'}
IXDXXXR,{'A5UMY7'}
IXDXXGX,{'A5UMY7'}
IXDXAXX,{'A5UMY7'}
IXDTXXX,{'A5UMY7'}
IFXXXXR,{'A5UMY7'}
IFXXXGX,{'A5UMY7'}
IFXXAXX,{'A5UMY7'}
IFXTXXX,{'A5UMY7'}
IFDXXXX,{'A5UMY7'}
XXTXXKL,{'P75054'}
XXTXEXL,{'P75054'}
XXTXEKX,{'P75054'}
XXTSXXL,{'P75054'}
XXTSXKX,{'P75054'}
XXTSEXX,{'P75054'}
XGTXXXL,{'P75054'}
XGTXXKX,{'P75054'}
XGTXEXX,{'P75054'}
XGTSXXX,{'P75054'}
MXXXXKL,{'P75054'}
MXXXEXL,{'P75054'}
MXXXEKX,{'P75054'}
MXXSXXL,{'P75054'}
MXXSXKX,{'P75054'}
MXXSEXX,{'P75054'}
MXTXXXL,{'P75054'}
MXTXXKX,{'P75054'}
MXTXEXX,{'P75054'}
MXTSXXX,{'P75054'}
MGXXXXL,{'P75054'}
MGXXXKX,{'P75054'}
MGXXEXX,{'P75054'}
MGTXXXX,{'P75054'}
XXXXLPE,{'Q5JJC8'}
XXXSXPE,{'Q5JJC8'}
XXXSLXE,{'Q5JJC8'}
XXYXXPE,{'Q5JJC8'}
XXYXLXE,{'Q5JJC8'}
XXYSXXE,{'Q5JJC8'}
XGXXXPE,{'Q5JJC8'}
XGXXLXE,{'Q5JJC8'}
XGXSXXE,{'Q5JJC8'}
XGYXXXE,{'Q5JJC8'}
LXXXXPE,{'Q5JJC8'}
LXXXLXE,{'Q5JJC8'}
LXXXLPX,{'Q5JJC8'}
LXXSXPX,{'Q5JJC8'}
LXYXXXE,{'Q5JJC8'}
LXYXXPX,{'Q5JJC8'}
LXYXLXX,{'Q5JJC8'}
LXYSXXX,{'Q5JJC8'}
LGXXXXE,{'Q5JJC8'}
LGXXXPX,{'Q5JJC8'}
LGXXLXX,{'Q5JJC8'}
LGXSXXX,{'Q5JJC8'}
LGYXXXX,{'Q5JJC8'}
XXXXLSL,{'Q54ZR7'}
XXXSXSL,{'Q54ZR7'}
XXXSLXL,{'Q54ZR7'}
XXXSLSX,{'Q54ZR7'}
XXKXXSL,{'Q54ZR7'}
XXKXLXL,{'Q54ZR7'}
XXKXLSX,{'Q54ZR7'}
XXKSXXL,{'Q54ZR7'}
XXKSXSX,{'Q54ZR7'}
XXKSLXX,{'Q54ZR7'}
XDXXXSL,{'Q54ZR7'}
XDXXLXL,{'Q54ZR7'}
XDXXLSX,{'Q54ZR7'}
XDXSXXL,{'Q54ZR7'}
XDXSXSX,{'Q54ZR7'}
XDXSLXX,{'Q54ZR7'}
XDKXXXL,{'Q54ZR7'}
XDKXXSX,{'Q54ZR7'}
XDKXLXX,{'Q54ZR7'}
XDKSXXX,{'Q54ZR7'}
FXXXXSL,{'Q54ZR7'}
FXXXLXL,{'Q54ZR7'}
FXXXLSX,{'Q54ZR7'}
FXXSXXL,{'Q54ZR7'}
FXXSXSX,{'Q54ZR7'}
FXXSLXX,{'Q54ZR7'}
FXKXXXL,{'Q54ZR7'}
FXKXXSX,{'Q54ZR7'}
FXKXLXX,{'Q54ZR7'}
FXKSXXX,{'Q54ZR7'}
FDXXXXL,{'Q54ZR7'}
FDXXXSX,{'Q54ZR7'}
FDXXLXX,{'Q54ZR7'}
FDXSXXX,{'Q54ZR7'}
FDKXXXX,{'Q54ZR7'}
XXXXLLA,{'Q54ZR7'}
XXXSXLA,{'P47539', 'Q54ZR7'}
XXXSLXA,{'Q54ZR7'}
XXXSLLX,{'Q54ZR7'}
XXLXXLA,{'Q54ZR7'}
XXLXLXA,{'Q54ZR7'}
XXLXLLX,{'Q54ZR7'}
XXLSXXA,{'Q54ZR7'}
XXLSXLX,{'Q54ZR7'}
XXLSLXX,{'Q54ZR7'}
XSXXXLA,{'Q54ZR7'}
XSXXLXA,{'Q54ZR7'}
XSXXLLX,{'Q54ZR7'}
XSXSXXA,{'Q54ZR7'}
XSXSXLX,{'Q54ZR7'}
XSXSLXX,{'Q54ZR7'}
XSLXXXA,{'Q54ZR7'}
XSLXXLX,{'Q54ZR7'}
XSLXLXX,{'Q54ZR7'}
XSLSXXX,{'Q54ZR7'}
KXXXXLA,{'Q54ZR7'}
KXXXLXA,{'Q54ZR7'}
KXXXLLX,{'Q54ZR7'}
KXXSXXA,{'Q54ZR7'}
KXXSXLX,{'Q54ZR7'}
KXLXXXA,{'Q54ZR7'}
KXLXXLX,{'Q54ZR7'}
KXLXLXX,{'Q54ZR7'}
KXLSXXX,{'Q54ZR7'}
KSXXXXA,{'Q54ZR7'}
KSXXXLX,{'Q54ZR7'}
KSXXLXX,{'Q54ZR7'}
KSXSXXX,{'Q54ZR7'}
KSLXXXX,{'Q54ZR7'}
XXXXANT,{'Q54ZR7'}
XXXLXNT,{'Q54ZR7'}
XXXLAXT,{'Q54ZR7'}
XXXLANX,{'Q54ZR7'}
XXLXXNT,{'Q54ZR7'}
XXLXANX,{'Q54ZR7'}
XXLLXXT,{'Q54ZR7'}
XXLLXNX,{'Q54ZR7'}
XXLLAXX,{'Q54ZR7'}
XSXXXNT,{'Q54ZR7'}
XSXXAXT,{'Q54ZR7'}
XSXXANX,{'Q54ZR7'}
XSXLXXT,{'Q54ZR7'}
XSXLXNX,{'Q54ZR7'}
XSLXXXT,{'Q54ZR7'}
XSLXXNX,{'Q54ZR7'}
XSLXAXX,{'Q54ZR7'}
XSLLXXX,{'Q54ZR7'}
LXXXXNT,{'Q54ZR7'}
LXXXANX,{'Q54ZR7'}
LXXLXXT,{'Q54ZR7'}
LXXLXNX,{'Q54ZR7'}
LXLXXXT,{'Q8G736', 'P44870', 'Q54ZR7'}
LXLXXNX,{'Q54ZR7'}
LXLXAXX,{'Q8G736', 'P44870', 'Q54ZR7'}
LXLLXXX,{'Q54ZR7'}
LSXXXXT,{'Q54ZR7'}
LSXXXNX,{'Q54ZR7'}
LSLXXXX,{'Q54ZR7'}
XXXXVRK,{'O43032'}
XXXSVXK,{'O43032'}
XXXSVRX,{'O43032'}
XXRXXRK,{'O43032'}
XXRXVXK,{'O43032'}
XXRXVRX,{'O43032'}
XXRSXXK,{'O43032'}
XXRSXRX,{'O43032'}
XXRSVXX,{'O43032'}
XIXXXRK,{'O43032'}
XIXXVXK,{'O43032'}
XIXXVRX,{'O43032'}
XIXSXRX,{'O43032'}
XIXSVXX,{'O43032'}
XIRXXXK,{'O43032'}
XIRXXRX,{'O43032'}
XIRXVXX,{'O43032'}
XIRSXXX,{'O43032'}
SXXXXRK,{'O43032'}
SXXXVXK,{'O43032'}
SXXXVRX,{'O43032'}
SXXSXXK,{'O43032'}
SXXSXRX,{'O43032'}
SXXSVXX,{'O43032'}
SXRXXXK,{'O43032'}
SXRXXRX,{'O43032'}
SXRXVXX,{'O43032'}
SXRSXXX,{'O43032'}
SIXXXXK,{'O43032'}
SIXXXRX,{'O43032'}
SIXXVXX,{'O43032'}
SIXSXXX,{'O43032'}
SIRXXXX,{'O43032'}
XXXXDLR,{'O43032'}
XXXSXLR,{'O43032'}
XXXSDXR,{'O43032'}
XXXSDLX,{'O43032', 'P47539'}
XXYXXLR,{'O43032'}
XXYXDXR,{'O43032'}
XXYXDLX,{'O43032'}
XXYSXXR,{'O43032'}
XXYSXLX,{'O43032'}
XXYSDXX,{'O43032'}
XTXXXLR,{'O43032'}
XTXXDXR,{'O43032'}
XTXSXXR,{'O43032'}
XTXSXLX,{'O43032', 'Q1RKK5'}
XTXSDXX,{'O43032'}
XTYXXXR,{'O43032'}
XTYXXLX,{'O43032'}
XTYXDXX,{'O43032'}
XTYSXXX,{'O43032'}
QXXXXLR,{'O43032'}
QXXXDXR,{'O43032'}
QXXXDLX,{'O43032'}
QXXSXXR,{'O43032'}
QXXSXLX,{'O43032'}
QXXSDXX,{'O43032'}
QXYXXXR,{'O43032'}
QXYXXLX,{'O43032'}
QXYXDXX,{'O43032'}
QXYSXXX,{'O43032'}
QTXXXXR,{'O43032'}
QTXXXLX,{'O43032'}
QTXXDXX,{'O43032'}
QTXSXXX,{'O43032'}
QTYXXXX,{'O43032'}
XXXXETL,{'P47539'}
XXXSXTL,{'P47539'}
XXXSETX,{'P47539'}
XXPXXTL,{'P47539'}
XXPXEXL,{'P47539'}
XXPXETX,{'P47539'}
XXPSXXL,{'P47539'}
XXPSXTX,{'P47539'}
XXPSEXX,{'P47539'}
XEXXXTL,{'P47539'}
XEXXEXL,{'P47539'}
XEXXETX,{'P47539'}
XEXSXXL,{'P47539'}
XEXSXTX,{'P47539'}
XEXSEXX,{'P47539'}
XEPXXXL,{'P47539'}
XEPXXTX,{'P47539'}
XEPXEXX,{'P47539'}
XEPSXXX,{'P47539'}
SXXXXTL,{'P47539'}
SXXXEXL,{'P47539'}
SXXXETX,{'P47539'}
SXXSXXL,{'P47539'}
SXXSXTX,{'P47539'}
SXXSEXX,{'P47539'}
SXPXXXL,{'P47539'}
SXPXXTX,{'P47539'}
SXPXEXX,{'P47539'}
SXPSXXX,{'P47539'}
SEXXXXL,{'P47539'}
SEXXXTX,{'P47539'}
SEXXEXX,{'P47539'}
SEXSXXX,{'P47539'}
SEPXXXX,{'P47539'}
XXXSDXA,{'P47539'}
XXTSXXA,{'P47539'}
XXTSXLX,{'P47539'}
XXTSDXX,{'P47539'}
XKXXXLA,{'P47539'}
XKXXDXA,{'P47539'}
XKXXDLX,{'P47539'}
XKXSXXA,{'P47539'}
XKXSXLX,{'P47539'}
XKXSDXX,{'P47539'}
XKTXXXA,{'P47539'}
XKTXDXX,{'P47539'}
XKTSXXX,{'P47539'}
EXXSXXA,{'P47539'}
EXXSXLX,{'P47539'}
EXXSDXX,{'P47539'}
EXTSXXX,{'P47539'}
EKXXXXA,{'P47539'}
EKXXDXX,{'P47539'}
EKXSXXX,{'P47539'}
XXXXAGT,{'P44870'}
XXXDXGT,{'P44870'}
XXXDAGX,{'P44870'}
XXLXXGT,{'P44870'}
XXLXAGX,{'P44870'}
XXLDXXT,{'Q8G736', 'P44870'}
XXLDXGX,{'P44870'}
XTXXXGT,{'P44870'}
XTXXAGX,{'P44870'}
XTXDXGX,{'P44870'}
XTLXXXT,{'P44870'}
XTLXXGX,{'P44870'}
XTLXAXX,{'P44870'}
XTLDXXX,{'P44870'}
LXXXXGT,{'P44870'}
LXXDXGX,{'P44870'}
LXLXXGX,{'P44870'}
LXLDXXX,{'Q8G736', 'P44870'}
LTXXXGX,{'P44870'}
LTLXXXX,{'P44870'}
XXXXADL,{'P75362'}
XXXTXDL,{'P75362'}
XXXTAXL,{'P75362'}
XXXTADX,{'P75362'}
XXTXXDL,{'P75362'}
XXTXAXL,{'P75362'}
XXTXADX,{'P75362'}
XXTTXXL,{'P75362'}
XXTTXDX,{'P75362'}
XXTTAXX,{'P75362'}
XEXXXDL,{'P75362'}
XEXXAXL,{'P75362'}
XEXXADX,{'P75362'}
XEXTXXL,{'P75362'}
XEXTXDX,{'P75362'}
XEXTAXX,{'P75362'}
XETXXXL,{'P75362'}
XETXXDX,{'P75362'}
XETXAXX,{'P75362'}
XETTXXX,{'P75362'}
GXXXXDL,{'P75362'}
GXXXAXL,{'P75362'}
GXXXADX,{'P75362'}
GXXTXXL,{'P75362'}
GXXTXDX,{'P75362'}
GXXTAXX,{'P75362'}
GXTXXXL,{'P75362'}
GXTXXDX,{'P75362'}
GXTXAXX,{'P75362'}
GXTTXXX,{'P75362'}
GEXXXXL,{'P75362'}
GEXXXDX,{'P75362'}
GEXXAXX,{'P75362'}
GEXTXXX,{'P75362'}
GETXXXX,{'P75362'}
XXXXFGE,{'Q89B28'}
XXXSFXE,{'Q89B28'}
XXXSFGX,{'Q89B28'}
XXIXXGE,{'Q89B28', 'P73930'}
XXIXFXE,{'Q89B28'}
XXIXFGX,{'Q89B28'}
XXISXXE,{'Q89B28'}
XXISXGX,{'Q89B28'}
XXISFXX,{'Q89B28'}
XYXXXGE,{'Q89B28'}
XYXXFXE,{'Q89B28'}
XYXXFGX,{'Q89B28'}
XYXSXXE,{'Q89B28'}
XYXSXGX,{'Q89B28'}
XYXSFXX,{'Q89B28'}
XYIXXXE,{'Q89B28'}
XYIXXGX,{'Q89B28'}
XYIXFXX,{'Q89B28'}
XYISXXX,{'Q89B28'}
RXXXXGE,{'Q89B28', 'P73930'}
RXXXFXE,{'Q89B28'}
RXXXFGX,{'Q89B28'}
RXXSXXE,{'Q89B28'}
RXXSXGX,{'Q89B28'}
RXXSFXX,{'Q89B28'}
RXIXXXE,{'Q89B28', 'P73930'}
RXIXXGX,{'Q89B28', 'P73930'}
RXIXFXX,{'Q89B28'}
RXISXXX,{'Q89B28'}
RYXXXXE,{'Q89B28'}
RYXXXGX,{'Q89B28'}
RYXXFXX,{'Q89B28'}
RYXSXXX,{'Q89B28'}
RYIXXXX,{'Q89B28'}
XXXXATT,{'Q8G736'}
XXXDXTT,{'Q8G736'}
XXXDATX,{'Q8G736'}
XXLXATX,{'Q8G736'}
XXLDXTX,{'Q8G736'}
XVXXXTT,{'Q8G736'}
XVXXAXT,{'Q8G736', 'Q1RKK5'}
XVXXATX,{'Q8G736'}
XVXDXXT,{'Q8G736', 'Q1RKK5'}
XVXDXTX,{'Q8G736'}
XVXDAXX,{'Q8G736', 'Q1RKK5'}
XVLXXXT,{'Q8G736'}
XVLXXTX,{'Q8G736'}
XVLXAXX,{'Q8G736'}
XVLDXXX,{'Q8G736'}
LXXXXTT,{'Q8G736'}
LXXXATX,{'Q8G736'}
LXXDXTX,{'Q8G736'}
LXLXXTX,{'Q8G736'}
LVXXXXT,{'Q8G736', 'Q1RKK5'}
LVXXXTX,{'Q8G736'}
LVXDXXX,{'Q8G736', 'Q1RKK5'}
LVLXXXX,{'Q8G736'}
XXXXAGE,{'P73930'}
XXXGXGE,{'P73930'}
XXXGAXE,{'P73930'}
XXXGAGX,{'P73930'}
XXIXAXE,{'P73930'}
XXIXAGX,{'P73930'}
XXIGXXE,{'P73930'}
XXIGXGX,{'P73930'}
XXIGAXX,{'P73930'}
XFXXAXE,{'P73930'}
XFXGXXE,{'P73930'}
XFXGXGX,{'P73930'}
XFXGAXX,{'P73930'}
XFIXXXE,{'P73930'}
XFIXXGX,{'P73930'}
XFIXAXX,{'P73930'}
XFIGXXX,{'P73930'}
RXXXAXE,{'P73930'}
RXXXAGX,{'P73930'}
RXXGXXE,{'P73930'}
RXXGXGX,{'P73930'}
RXXGAXX,{'P73930'}
RXIXAXX,{'P73930'}
RXIGXXX,{'P73930'}
RFXXXXE,{'P73930'}
RFXXXGX,{'P73930'}
RFXXAXX,{'P73930'}
RFXGXXX,{'P73930'}
RFIXXXX,{'P73930'}
XXXXVLV,{'Q1RKK5'}
XXXSXLV,{'Q1RKK5'}
XXXSVXV,{'Q1RKK5'}
XXXSVLX,{'Q1RKK5'}
XXHXXLV,{'Q1RKK5'}
XXHXVXV,{'Q1RKK5'}
XXHXVLX,{'Q1RKK5'}
XXHSXXV,{'Q1RKK5'}
XXHSXLX,{'Q1RKK5'}
XXHSVXX,{'Q1RKK5'}
XTXXXLV,{'Q1RKK5'}
XTXXVXV,{'Q1RKK5'}
XTXXVLX,{'Q1RKK5'}
XTXSXXV,{'Q1RKK5'}
XTXSVXX,{'Q1RKK5'}
XTHXXXV,{'Q1RKK5'}
XTHXXLX,{'Q1RKK5'}
XTHXVXX,{'Q1RKK5'}
XTHSXXX,{'Q1RKK5'}
PXXXXLV,{'Q1RKK5'}
PXXXVXV,{'Q1RKK5'}
PXXXVLX,{'Q1RKK5'}
PXXSXXV,{'Q1RKK5'}
PXXSXLX,{'Q1RKK5'}
PXXSVXX,{'Q1RKK5'}
PXHXXXV,{'Q1RKK5'}
PXHXXLX,{'Q1RKK5'}
PXHXVXX,{'Q1RKK5'}
PXHSXXX,{'Q1RKK5'}
PTXXXXV,{'Q1RKK5'}
PTXXXLX,{'Q1RKK5'}
PTXXVXX,{'Q1RKK5'}
PTXSXXX,{'Q1RKK5'}
PTHXXXX,{'Q1RKK5'}
XXXXAIT,{'Q1RKK5'}
XXXDXIT,{'Q1RKK5'}
XXXDAIX,{'Q1RKK5'}
XXIXXIT,{'Q1RKK5'}
XXIXAIX,{'Q1RKK5'}
XXIDXIX,{'Q1RKK5'}
XVXXXIT,{'Q1RKK5'}
XVXXAIX,{'Q1RKK5'}
XVXDXIX,{'Q1RKK5'}
XVIXXXT,{'Q1RKK5'}
XVIXXIX,{'Q1RKK5'}
XVIXAXX,{'Q1RKK5'}
XVIDXXX,{'Q1RKK5'}
LXXXXIT,{'Q1RKK5'}
LXXXAIX,{'Q1RKK5'}
LXXDXIX,{'Q1RKK5'}
LXIXXIX,{'Q1RKK5'}
LVXXXIX,{'Q1RKK5'}
LVIXXXX,{'Q1RKK5'}
XXXVXGV,{'A9CHH2'}
XXXVAXV,{'A9CHH2'}
XXXVAGX,{'A9CHH2'}
XXNXXGV,{'A9CHH2'}
XXNXAXV,{'A9CHH2'}
XXNXAGX,{'A9CHH2'}
XXNVXXV,{'A9CHH2'}
XXNVXGX,{'A9CHH2'}
XXNVAXX,{'A9CHH2'}
XRXXXGV,{'A9CHH2'}
XRXXAXV,{'A9CHH2'}
XRXXAGX,{'A9CHH2'}
XRXVXXV,{'A9CHH2'}
XRXVXGX,{'A9CHH2'}
XRXVAXX,{'A9CHH2'}
XRNXXXV,{'A9CHH2'}
XRNXXGX,{'A9CHH2'}
XRNXAXX,{'A9CHH2'}
XRNVXXX,{'A9CHH2'}
FXXXXGV,{'A9CHH2'}
FXXXAXV,{'A9CHH2'}
FXXXAGX,{'A9CHH2'}
FXXVXXV,{'A9CHH2'}
FXXVXGX,{'A9CHH2'}
FXXVAXX,{'A9CHH2'}
FXNXXXV,{'A9CHH2'}
FXNXXGX,{'A9CHH2'}
FXNXAXX,{'A9CHH2'}
FXNVXXX,{'A9CHH2'}
FRXXXXV,{'A9CHH2'}
FRXXXGX,{'A9CHH2'}
FRXXAXX,{'A9CHH2'}
FRXVXXX,{'A9CHH2'}
FRNXXXX,{'A9CHH2'}
