XAISAAD,{'P32266'}
LXISAAD,{'P32266'}
LAXSAAD,{'P32266'}
LAIXAAD,{'P32266'}
LAISXAD,{'P32266'}
LAISAXD,{'P32266'}
LAISAAX,{'P32266'}
XEGSATV,{'P20592'}
EXGSATV,{'P20592'}
EEXSATV,{'P20592'}
EEGXATV,{'Q4ADG8', 'Q9N0Y3', 'Q5R5G3', 'A7VK00', 'Q4ADG6', 'Q4ADG7', 'Q9N0Y2', 'P20591', 'P20592'}
EEGSXTV,{'P20592'}
EEGSAXV,{'P20592'}
EEGSATX,{'P20592'}
XEESAEQ,{'Q8BZ98'}
MXESAEQ,{'Q8BZ98'}
MEXSAEQ,{'Q8BZ98'}
MEEXAEQ,{'Q8BZ98'}
MEESXEQ,{'Q8BZ98'}
MEESAXQ,{'Q8BZ98'}
MEESAEX,{'Q8BZ98'}
XILSARA,{'P38297'}
EXLSARA,{'P38297'}
EIXSARA,{'P38297'}
EILXARA,{'P38297'}
EILSXRA,{'P38297'}
EILSAXA,{'P38297'}
EILSARX,{'P38297'}
XSRSAIH,{'Q23424'}
IXRSAIH,{'Q23424'}
ISXSAIH,{'Q23424'}
ISRXAIH,{'Q23424'}
ISRSXIH,{'Q23424'}
ISRSAXH,{'Q23424'}
ISRSAIX,{'Q23424'}
XDKSATL,{'Q2KIA5', 'O00429'}
DXKSATL,{'Q2KIA5', 'O00429'}
DDXSATL,{'Q2KIA5', 'O00429'}
DDKXATL,{'Q2KIA5', 'O00429'}
DDKSXTL,{'Q2KIA5', 'O00429'}
DDKSAXL,{'Q2KIA5', 'O00429'}
DDKSATX,{'Q2KIA5', 'O00429'}
XDMSATL,{'Q7SXN5'}
EXMSATL,{'Q7SXN5'}
EDXSATL,{'Q7SXN5'}
EDMXATL,{'Q7SXN5'}
EDMSXTL,{'Q7SXN5'}
EDMSAXL,{'Q7SXN5'}
EDMSATX,{'Q7SXN5'}
XFVSARE,{'Q7YU24'}
FXVSARE,{'Q7YU24'}
FFXSARE,{'Q7YU24'}
FFVXARE,{'Q7YU24'}
FFVSXRE,{'Q23424', 'Q7YU24'}
FFVSAXE,{'Q80U63', 'Q8R4Z9', 'Q7YU24', 'Q811U4'}
FFVSARX,{'Q7YU24'}
XEESAVN,{'P09922'}
LXESAVN,{'P09922'}
LEXSAVN,{'P09922'}
LEEXAVN,{'P09922'}
LEESXVN,{'P09922'}
LEESAXN,{'P09922'}
LEESAVX,{'P09922'}
XFVSAKE,{'Q80U63', 'Q8R4Z9', 'Q811U4'}
FXVSAKE,{'Q80U63', 'Q8R4Z9', 'Q811U4'}
FFXSAKE,{'Q80U63', 'Q8R4Z9', 'Q811U4'}
FFVXAKE,{'Q80U63', 'Q8R4Z9', 'Q811U4'}
FFVSXKE,{'Q80U63', 'Q8R4Z9', 'Q811U4'}
FFVSAKX,{'Q80U63', 'Q8R4Z9', 'Q811U4'}
XFTSAIQ,{'Q90597'}
SXTSAIQ,{'Q90597'}
SFXSAIQ,{'Q90597'}
SFTXAIQ,{'Q90597'}
SFTSXIQ,{'Q90597'}
SFTSAXQ,{'Q90597'}
SFTSAIX,{'Q90597'}
XLASAIH,{'P33238'}
TXASAIH,{'P33238'}
TLXSAIH,{'P33238'}
TLAXAIH,{'P33238'}
TLASXIH,{'P33238'}
TLASAXH,{'P33238'}
TLASAIX,{'P33238'}
XTESAFF,{'Q8JH68', 'Q800G8'}
EXESAFF,{'Q8JH68', 'Q800G8'}
ETXSAFF,{'Q8JH68', 'Q800G8'}
ETEXAFF,{'Q8JH68', 'Q800G8'}
ETESXFF,{'Q8JH68', 'Q800G8'}
ETESAXF,{'Q8JH68', 'Q800G8'}
ETESAFX,{'Q8JH68', 'Q800G8'}
XVLSARV,{'Q80U63'}
EXLSARV,{'Q80U63'}
EVXSARV,{'Q80U63'}
EVLXARV,{'Q80U63'}
EVLSXRV,{'Q80U63'}
EVLSAXV,{'Q80U63'}
EVLSARX,{'Q80U63'}
XIASAQS,{'Q9SE83', 'Q9LQ55'}
SXASAQS,{'Q9SE83', 'Q9LQ55'}
SIXSAQS,{'Q9SE83', 'Q9LQ55'}
SIAXAQS,{'Q9SE83', 'Q9LQ55'}
SIASXQS,{'Q9SE83', 'Q9LQ55'}
SIASAXS,{'Q9SE83', 'Q9LQ55'}
SIASAQX,{'Q9SE83', 'Q9LQ55'}
XHVSALE,{'O18412'}
YXVSALE,{'O18412'}
YHXSALE,{'O18412'}
YHVXALE,{'O18412'}
YHVSXLE,{'O18412'}
YHVSAXE,{'O18412'}
YHVSALX,{'O18412'}
XSNSASS,{'Q55AX0'}
SXNSASS,{'Q55AX0'}
SSXSASS,{'Q55AX0'}
SSNXASS,{'Q55AX0'}
SSNSXSS,{'Q55AX0'}
SSNSAXS,{'Q55AX0'}
SSNSASX,{'Q55AX0'}
XRHAALR,{'Q8BH64', 'Q9NZN4', 'Q4V8H8'}
PXHAALR,{'Q8BH64', 'Q9NZN4', 'Q4V8H8'}
PRXAALR,{'Q8BH64', 'Q9NZN4', 'Q4V8H8'}
PRHXALR,{'Q8BH64', 'Q9NZN4', 'Q4V8H8'}
PRHAXLR,{'Q8BH64', 'Q9NZN4', 'Q4V8H8'}
PRHAAXR,{'Q8BH64', 'Q9NZN4', 'Q4V8H8'}
PRHAALX,{'Q8BH64', 'Q9NZN4', 'Q4V8H8'}
XHAALRK,{'Q8BH64', 'Q9NZN4', 'Q4V8H8'}
RXAALRK,{'Q8BH64', 'Q9NZN4', 'Q4V8H8'}
RHXALRK,{'Q8BH64', 'Q9NZN4', 'Q4V8H8'}
RHAXLRK,{'Q8BH64', 'Q9NZN4', 'Q4V8H8'}
RHAAXRK,{'Q8BH64', 'Q9NZN4', 'Q4V8H8'}
RHAALXK,{'Q8BH64', 'Q9NZN4', 'Q4V8H8'}
RHAALRX,{'Q8BH64', 'Q9NZN4', 'Q4V8H8'}
XKRARLV,{'Q8BH64', 'Q9NZN4', 'Q4V8H8'}
VXRARLV,{'Q8BH64', 'Q9NZN4', 'Q4V8H8'}
VKXARLV,{'Q8BH64', 'Q9NZN4', 'Q4V8H8'}
VKRXRLV,{'Q8BH64', 'Q9NZN4', 'Q4V8H8'}
VKRAXLV,{'Q8BH64', 'Q9NZN4', 'Q4V8H8'}
VKRARXV,{'Q8BH64', 'Q9NZN4', 'Q4V8H8'}
VKRARLX,{'Q8BH64', 'Q9NZN4', 'Q4V8H8'}
XFEAEEQ,{'Q9NZN3', 'Q9QXY6', 'Q8R491'}
LXEAEEQ,{'Q9NZN3', 'Q9QXY6', 'Q8R491'}
LFXAEEQ,{'Q9NZN3', 'Q9QXY6', 'Q8R491'}
LFEXEEQ,{'Q9NZN3', 'Q9QXY6', 'Q8R491'}
LFEAXEQ,{'Q9NZN3', 'Q9QXY6', 'Q8R491'}
LFEAEXQ,{'Q9NZN3', 'Q9QXY6', 'Q8R491'}
LFEAEEX,{'Q9NZN3', 'Q9QXY6', 'Q8R491'}
XDPARKT,{'Q05193', 'P21575', 'P39053', 'Q08DF4'}
DXPARKT,{'Q05193', 'P21575', 'P39053', 'Q08DF4'}
DDXARKT,{'Q05193', 'P21575', 'P39053', 'Q08DF4'}
DDPXRKT,{'Q05193', 'P21575', 'P39053', 'Q08DF4'}
DDPAXKT,{'Q05193', 'P21575', 'P39053', 'Q08DF4'}
DDPARXT,{'Q05193', 'P21575', 'P39053', 'Q08DF4'}
DDPARKX,{'Q05193', 'P21575', 'P39053', 'Q08DF4'}
XVEAYKN,{'Q9UQ16'}
EXEAYKN,{'Q9UQ16'}
EVXAYKN,{'Q9UQ16'}
EVEXYKN,{'Q9UQ16'}
EVEAXKN,{'Q8BZ98', 'Q9UQ16', 'Q08877'}
EVEAYXN,{'Q9UQ16'}
EVEAYKX,{'Q9UQ16'}
XGGARIS,{'Q94464'}
YXGARIS,{'Q94464'}
YGXARIS,{'Q94464'}
YGGXRIS,{'Q94464'}
YGGAXIS,{'Q94464'}
YGGARXS,{'Q94464'}
YGGARIX,{'Q94464'}
XVEAGVQ,{'Q8BH64', 'Q4V8H8'}
SXEAGVQ,{'Q8BH64', 'Q4V8H8'}
SVXAGVQ,{'Q8BH64', 'Q4V8H8'}
SVEXGVQ,{'Q8BH64', 'Q4V8H8'}
SVEAXVQ,{'Q8BH64', 'Q4V8H8'}
SVEAGXQ,{'Q8BH64', 'Q4V8H8'}
SVEAGVX,{'Q8BH64', 'Q4V8H8'}
XMGAIAE,{'Q7YU24'}
HXGAIAE,{'Q7YU24'}
HMXAIAE,{'Q7YU24'}
HMGXIAE,{'Q7YU24'}
HMGAXAE,{'Q7YU24'}
HMGAIXE,{'Q7YU24'}
HMGAIAX,{'Q7YU24'}
XAIAEGF,{'Q7YU24'}
GXIAEGF,{'Q7YU24'}
GAXAEGF,{'Q80U63', 'Q8R4Z9', 'Q7YU24', 'Q811U4'}
GAIXEGF,{'Q7YU24'}
GAIAXGF,{'Q7YU24'}
GAIAEXF,{'Q7YU24'}
GAIAEGX,{'Q7YU24'}
XGKATVP,{'Q5I2P5', 'P09922', 'P18589', 'P18590', 'Q5R5G3', 'Q9BDI7', 'A7VK00', 'Q9N0Y2', 'P20591', 'P18588', 'Q9WVP9'}
EXKATVP,{'Q5I2P5', 'Q5R5G3', 'Q9BDI7', 'A7VK00', 'Q9N0Y2', 'P20591'}
EGXATVP,{'Q5I2P5', 'Q6PW23', 'Q4ADG8', 'Q9N0Y3', 'Q6TN15', 'Q5R5G3', 'Q9BDI7', 'A7VK00', 'Q4ADG6', 'Q4ADG7', 'Q9N0Y2', 'P20591', 'P20592'}
EGKXTVP,{'Q5I2P5', 'Q5R5G3', 'Q9BDI7', 'A7VK00', 'Q9N0Y2', 'P20591'}
EGKAXVP,{'Q5I2P5', 'Q5R5G3', 'Q9BDI7', 'A7VK00', 'Q9N0Y2', 'P20591'}
EGKATXP,{'Q5I2P5', 'Q6TKS7', 'A1E2I4', 'P79135', 'Q5R5G3', 'Q9BDI7', 'A7VK00', 'Q9N0Y2', 'P20591'}
EGKATVX,{'Q5I2P5', 'Q5R5G3', 'Q9BDI7', 'A7VK00', 'Q9N0Y2', 'P20591'}
XCLAEKL,{'P20591', 'Q5R5G3', 'A1E2I4'}
PXLAEKL,{'Q6PW23', 'Q8JH68', 'Q4U4N4', 'Q91196', 'A1E2I4', 'Q9N0Y3', 'Q000A9', 'Q6TN15', 'P20593', 'Q91197', 'Q5R5G3', 'Q5U752', 'Q91192', 'P20591', 'Q2KTC2', 'Q800G8', 'Q7T2P0'}
PCXAEKL,{'P20591', 'Q5R5G3', 'A1E2I4'}
PCLXEKL,{'P20591', 'Q5R5G3', 'A1E2I4'}
PCLAXKL,{'P20591', 'Q5R5G3', 'A1E2I4', 'Q4ADG6'}
PCLAEXL,{'P09922', 'A1E2I4', 'Q28379', 'P79135', 'P18590', 'P18589', 'Q5R5G3', 'Q9N0Y2', 'P20591', 'P27594', 'P33237', 'Q9WVP9'}
PCLAEKX,{'P20591', 'Q5R5G3', 'A1E2I4'}
XGKATIP,{'A1E2I4', 'Q6TKS7', 'P79135', 'Q6DKF0'}
EXKATIP,{'A1E2I4', 'Q90597', 'P79135', 'Q6TKS7'}
EGXATIP,{'P33237', 'Q91196', 'Q6TKS7', 'A1E2I4', 'P79135', 'Q91197', 'Q91192', 'Q8JH68', 'P27594', 'Q800G8', 'Q7T2P0'}
EGKXTIP,{'A1E2I4', 'P79135', 'Q6TKS7'}
EGKAXIP,{'A1E2I4', 'P79135', 'Q6TKS7'}
EGKATIX,{'A1E2I4', 'P79135', 'Q6TKS7'}
XCLAERL,{'P09922', 'Q28379', 'P18589', 'P18590', 'P79135', 'Q9N0Y2', 'P27594', 'P33237', 'Q9WVP9'}
PXLAERL,{'Q5I2P5', 'P09922', 'Q6TKS7', 'Q800G5', 'Q28379', 'P79135', 'P18590', 'P18589', 'Q9BDI7', 'A7VK00', 'Q9N0Y2', 'P20592', 'P27594', 'P33237', 'Q9WVP9'}
PCXAERL,{'P09922', 'Q28379', 'P18589', 'P18590', 'P79135', 'Q9N0Y2', 'P27594', 'P33237', 'Q9WVP9'}
PCLXERL,{'P09922', 'Q28379', 'P18589', 'P18590', 'P79135', 'Q9N0Y2', 'P27594', 'P33237', 'Q9WVP9'}
PCLAXRL,{'P33237', 'Q4ADG8', 'P09922', 'Q28379', 'P79135', 'P18590', 'P18589', 'Q4ADG7', 'Q9N0Y2', 'P27594', 'P18588', 'Q9WVP9'}
PCLAERX,{'P09922', 'Q28379', 'P18589', 'P18590', 'P79135', 'Q9N0Y2', 'P27594', 'P33237', 'Q9WVP9'}
DXKATVP,{'P09922', 'P18589', 'P18590', 'P18588', 'Q9WVP9'}
DGXATVP,{'P09922', 'Q000A9', 'P20593', 'P18590', 'P18589', 'Q5U752', 'Q2KTC2', 'P18588', 'Q9WVP9'}
DGKXTVP,{'P09922', 'P18589', 'P18590', 'P18588', 'Q9WVP9'}
DGKAXVP,{'P09922', 'P18589', 'P18590', 'P18588', 'Q9WVP9'}
DGKATXP,{'P09922', 'P18589', 'Q6DKF0', 'P18590', 'P18588', 'Q9WVP9'}
DGKATVX,{'P09922', 'P18589', 'P18590', 'P18588', 'Q9WVP9'}
XCTAKSK,{'P09922'}
CXTAKSK,{'P09922'}
CCXAKSK,{'P09922'}
CCTXKSK,{'P09922'}
CCTAXSK,{'P09922'}
CCTAKXK,{'P09922'}
CCTAKSX,{'P09922'}
XGGALAE,{'Q80U63', 'Q8R4Z9', 'Q811U4'}
GXGALAE,{'Q80U63', 'Q8R4Z9', 'Q811U4'}
GGXALAE,{'Q80U63', 'Q8R4Z9', 'Q811U4'}
GGGXLAE,{'Q80U63', 'Q8R4Z9', 'Q811U4'}
GGGAXAE,{'Q80U63', 'Q8R4Z9', 'Q811U4'}
GGGALXE,{'Q80U63', 'Q8R4Z9', 'Q811U4'}
GGGALAX,{'Q80U63', 'Q8R4Z9', 'Q811U4'}
XALAEGF,{'Q80U63', 'Q8R4Z9', 'Q811U4'}
GXLAEGF,{'Q80U63', 'Q8R4Z9', 'Q811U4'}
GALXEGF,{'Q80U63', 'Q8R4Z9', 'Q811U4'}
GALAXGF,{'Q80U63', 'Q8R4Z9', 'Q811U4'}
GALAEXF,{'Q80U63', 'Q8R4Z9', 'Q811U4'}
GALAEGX,{'Q80U63', 'Q8R4Z9', 'Q811U4'}
XFQARLQ,{'Q8R4Z9', 'Q811U4'}
GXQARLQ,{'Q8R4Z9', 'Q811U4'}
GFXARLQ,{'Q8R4Z9', 'Q811U4'}
GFQXRLQ,{'Q8R4Z9', 'Q811U4'}
GFQAXLQ,{'Q8R4Z9', 'Q811U4'}
GFQARXQ,{'Q8R4Z9', 'Q811U4'}
GFQARLX,{'Q8R4Z9', 'Q811U4'}
XLTAPNI,{'P32266'}
YXTAPNI,{'P32266'}
YLXAPNI,{'P32266'}
YLTXPNI,{'P32266'}
YLTAXNI,{'P32266'}
YLTAPXI,{'P32266'}
YLTAPNX,{'P32266'}
XILAISA,{'P32266'}
IXLAISA,{'P32266'}
IIXAISA,{'P32266'}
IILXISA,{'P32266'}
IILAXSA,{'P32266'}
IILAIXA,{'P32266'}
IILAISX,{'P32266'}
XEKAYFK,{'P32266'}
FXKAYFK,{'P32266'}
FEXAYFK,{'P32266'}
FEKXYFK,{'P32266'}
FEKAXFK,{'P32266'}
FEKAYXK,{'P32266'}
FEKAYFX,{'P32266'}
XGRATIP,{'P27594', 'P33237'}
EXRATIP,{'P27594', 'P33237'}
EGRXTIP,{'P27594', 'P33237'}
EGRAXIP,{'P27594', 'P33237'}
EGRATXP,{'Q4ADG8', 'Q9N0Y3', 'Q4ADG6', 'Q4ADG7', 'P27594', 'P33237'}
EGRATIX,{'P27594', 'P33237'}
XNKATIP,{'P33238', 'Q90597'}
ENXATIP,{'Q90597'}
ENKXTIP,{'Q90597'}
ENKAXIP,{'Q90597'}
ENKATXP,{'Q90597'}
ENKATIX,{'Q90597'}
XHLANKL,{'Q90597'}
PXLANKL,{'Q90597'}
PHXANKL,{'Q90597'}
PHLXNKL,{'Q90597'}
PHLAXKL,{'P33238', 'Q90597'}
PHLANXL,{'Q90597'}
PHLANKX,{'Q90597'}
XGRATVP,{'Q9N0Y3', 'Q4ADG6', 'Q4ADG8', 'Q4ADG7'}
EXRATVP,{'Q9N0Y3', 'Q4ADG6', 'Q4ADG8', 'Q4ADG7'}
EGRXTVP,{'Q9N0Y3', 'Q4ADG6', 'Q4ADG8', 'Q4ADG7'}
EGRAXVP,{'Q4ADG8', 'Q9N0Y3', 'Q28379', 'Q4ADG6', 'Q4ADG7'}
EGRATVX,{'Q9N0Y3', 'Q4ADG6', 'Q4ADG8', 'Q4ADG7'}
XCLADRL,{'Q4ADG8', 'Q4ADG7'}
PXLADRL,{'Q4ADG8', 'Q4ADG7'}
PCXADRL,{'Q4ADG8', 'Q4ADG7'}
PCLXDRL,{'Q4ADG8', 'Q4ADG7'}
PCLADXL,{'Q4ADG6', 'Q4ADG8', 'Q4ADG7'}
PCLADRX,{'Q4ADG8', 'Q4ADG7'}
XLLAERL,{'Q5I2P5', 'Q800G5', 'Q9BDI7', 'Q6TKS7'}
PLXAERL,{'Q5I2P5', 'Q800G5', 'Q9BDI7', 'Q6TKS7'}
PLLXERL,{'Q5I2P5', 'Q800G5', 'Q9BDI7', 'Q6TKS7'}
PLLAXRL,{'Q5I2P5', 'Q800G5', 'Q9BDI7', 'Q6TKS7'}
PLLAEXL,{'Q5I2P5', 'Q800G5', 'Q9BDI7', 'Q6TKS7'}
PLLAERX,{'Q5I2P5', 'Q800G5', 'Q9BDI7', 'Q6TKS7'}
XQKAMMQ,{'Q9BDI7'}
VXKAMMQ,{'Q9BDI7'}
VQXAMMQ,{'Q9BDI7'}
VQKXMMQ,{'Q9BDI7'}
VQKAXMQ,{'Q9BDI7'}
VQKAMXQ,{'Q9BDI7'}
VQKAMMX,{'Q9BDI7'}
QXKATIP,{'P33238'}
QNXATIP,{'P33238'}
QNKXTIP,{'P33238'}
QNKAXIP,{'P33238'}
QNKATXP,{'P33238'}
QNKATIX,{'P33238'}
XHLAMKL,{'P33238'}
PXLAMKL,{'P33238'}
PHXAMKL,{'P33238'}
PHLXMKL,{'P33238'}
PHLAMXL,{'P33238'}
PHLAMKX,{'P33238'}
XGQATVP,{'Q5U752', 'Q6PW23'}
EXQATVP,{'Q6PW23'}
EGQXTVP,{'Q6PW23'}
EGQAXVP,{'Q6PW23'}
EGQATXP,{'Q6PW23'}
EGQATVX,{'Q6PW23'}
XKLAEKL,{'Q6PW23', 'Q91196', 'Q000A9', 'Q6TN15', 'P20593', 'Q91197', 'Q91192', 'Q8JH68', 'Q2KTC2', 'Q800G8'}
PKXAEKL,{'Q6PW23', 'Q91196', 'Q000A9', 'Q6TN15', 'P20593', 'Q91197', 'Q91192', 'Q8JH68', 'Q2KTC2', 'Q800G8'}
PKLXEKL,{'Q6PW23', 'Q91196', 'Q000A9', 'Q6TN15', 'P20593', 'Q91197', 'Q91192', 'Q8JH68', 'Q2KTC2', 'Q800G8'}
PKLAXKL,{'Q6PW23', 'Q91196', 'Q000A9', 'Q6TN15', 'P20593', 'Q91197', 'Q91192', 'Q8JH68', 'Q2KTC2', 'Q800G8'}
PKLAEXL,{'Q6PW23', 'Q91196', 'Q000A9', 'Q6TN15', 'P20593', 'Q91197', 'Q91192', 'Q8JH68', 'Q2KTC2', 'Q800G8'}
PKLAEKX,{'Q6PW23', 'Q91196', 'Q000A9', 'Q6TN15', 'P20593', 'Q91197', 'Q91192', 'Q8JH68', 'Q2KTC2', 'Q800G8'}
XGHATVP,{'Q2KTC2', 'Q000A9', 'Q6TN15', 'P20593'}
DXHATVP,{'Q2KTC2', 'Q000A9', 'P20593'}
DGHXTVP,{'Q2KTC2', 'Q000A9', 'P20593'}
DGHAXVP,{'Q2KTC2', 'Q000A9', 'P20593'}
DGHATXP,{'Q2KTC2', 'Q000A9', 'P20593'}
DGHATVX,{'Q2KTC2', 'Q000A9', 'P20593'}
DXQATVP,{'Q5U752'}
DGQXTVP,{'Q5U752'}
DGQAXVP,{'Q5U752'}
DGQATXP,{'Q5U752'}
DGQATVX,{'Q5U752'}
XRLAEKL,{'Q5U752'}
PRXAEKL,{'Q5U752'}
PRLXEKL,{'Q5U752'}
PRLAXKL,{'Q5U752'}
PRLAEXL,{'Q5U752', 'A7VK00', 'P20592'}
PRLAEKX,{'Q5U752'}
XGFATIP,{'Q8JH68', 'Q800G8'}
EXFATIP,{'Q8JH68', 'Q800G8'}
EGFXTIP,{'Q8JH68', 'Q800G8'}
EGFAXIP,{'Q8JH68', 'Q800G8'}
EGFATXP,{'Q8JH68', 'Q800G8'}
EGFATIX,{'Q8JH68', 'Q800G8'}
DXKATIP,{'Q800G5', 'Q6DKF0'}
DGXATIP,{'Q6DKF0'}
DGKXTIP,{'Q6DKF0'}
DGKAXIP,{'Q6DKF0'}
DGKATIX,{'Q6DKF0'}
XCLADKL,{'Q4ADG6'}
PXLADKL,{'Q4ADG6'}
PCXADKL,{'Q4ADG6'}
PCLXDKL,{'Q4ADG6'}
PCLADKX,{'Q4ADG6'}
XRKATIP,{'Q800G5', 'Q4U4N4'}
NXKATIP,{'Q4U4N4'}
NRXATIP,{'Q4U4N4'}
NRKXTIP,{'Q4U4N4'}
NRKAXIP,{'Q4U4N4'}
NRKATXP,{'Q4U4N4'}
NRKATIX,{'Q4U4N4'}
XNLAEKL,{'Q9N0Y3', 'Q4U4N4', 'Q7T2P0'}
PNXAEKL,{'Q9N0Y3', 'Q4U4N4', 'Q7T2P0'}
PNLXEKL,{'Q9N0Y3', 'Q4U4N4', 'Q7T2P0'}
PNLAXKL,{'Q9N0Y3', 'Q4U4N4', 'Q7T2P0'}
PNLAEXL,{'Q9N0Y3', 'Q4U4N4', 'Q7T2P0'}
PNLAEKX,{'Q9N0Y3', 'Q4U4N4', 'Q7T2P0'}
XEHAHFR,{'Q6TKS7'}
DXHAHFR,{'Q6TKS7'}
DEXAHFR,{'Q6TKS7'}
DEHXHFR,{'Q6TKS7'}
DEHAXFR,{'Q6TKS7'}
DEHAHXR,{'Q6TKS7'}
DEHAHFX,{'Q6TKS7'}
XFRALLE,{'P18589'}
QXRALLE,{'P18589'}
QFXALLE,{'P18589'}
QFRXLLE,{'P18589'}
QFRAXLE,{'P18589'}
QFRALXE,{'P18589'}
QFRALLX,{'P18589'}
XGRASVP,{'Q28379'}
EXRASVP,{'Q28379'}
EGXASVP,{'Q28379'}
EGRXSVP,{'Q28379'}
EGRASXP,{'Q28379'}
EGRASVX,{'Q28379'}
XGMATIP,{'Q7T2P0'}
EXMATIP,{'Q7T2P0'}
EGMXTIP,{'Q7T2P0'}
EGMAXIP,{'Q7T2P0'}
EGMATXP,{'Q7T2P0'}
EGMATIX,{'Q7T2P0'}
XCLAKRL,{'P18588'}
PXLAKRL,{'P18588'}
PCXAKRL,{'P18588'}
PCLXKRL,{'P18588'}
PCLAKXL,{'P18588'}
PCLAKRX,{'P18588'}
XLTAELI,{'Q9WVP9'}
RXTAELI,{'Q9WVP9'}
RLXAELI,{'Q9WVP9'}
RLTXELI,{'Q4ADG8', 'P79135', 'Q4ADG7', 'P27594', 'Q9WVP9'}
RLTAXLI,{'Q9WVP9'}
RLTAEXI,{'Q9WVP9'}
RLTAELX,{'Q9WVP9'}
XGHATIP,{'Q91197', 'Q91192', 'Q91196'}
EXHATIP,{'Q91197', 'Q91192', 'Q91196'}
EGHXTIP,{'Q91197', 'Q91192', 'Q91196'}
EGHAXIP,{'Q91197', 'Q91192', 'Q91196'}
EGHATXP,{'Q91197', 'Q91192', 'Q6TN15', 'Q91196'}
EGHATIX,{'Q91197', 'Q91192', 'Q91196'}
XRLAERL,{'P20592', 'A7VK00'}
PRXAERL,{'P20592', 'A7VK00'}
PRLXERL,{'P20592', 'A7VK00'}
PRLAXRL,{'P20592', 'A7VK00'}
PRLAERX,{'P20592', 'A7VK00'}
XCGASVP,{'A7VK00'}
LXGASVP,{'A7VK00'}
LCXASVP,{'A7VK00'}
LCGXSVP,{'A7VK00'}
LCGAXVP,{'A7VK00'}
LCGASXP,{'A7VK00'}
LCGASVX,{'A7VK00'}
XNDADKM,{'A7VK00'}
SXDADKM,{'A7VK00'}
SNXADKM,{'A7VK00'}
SNDXDKM,{'A7VK00'}
SNDAXKM,{'A7VK00'}
SNDADXM,{'A7VK00'}
SNDADKX,{'A7VK00'}
DRXATIP,{'Q800G5'}
DRKXTIP,{'Q800G5'}
DRKAXIP,{'Q800G5'}
DRKATXP,{'Q800G5'}
DRKATIX,{'Q800G5'}
XGSATVP,{'P20592'}
EXSATVP,{'P20592'}
EGSXTVP,{'P20592'}
EGSAXVP,{'P20592'}
EGSATXP,{'P20592'}
EGSATVX,{'P20592'}
XQKAMEI,{'P20592'}
LXKAMEI,{'P20592'}
LQXAMEI,{'P20592'}
LQKXMEI,{'P20592'}
LQKAXEI,{'P20592'}
LQKAMXI,{'P20592'}
LQKAMEX,{'P20592'}
XQQAFIN,{'P20592'}
IXQAFIN,{'P20592'}
IQXAFIN,{'P20592'}
IQQXFIN,{'P20592'}
IQQAXIN,{'P20592'}
IQQAFXN,{'P20592'}
IQQAFIX,{'P20592'}
XNVAKKH,{'P20592'}
IXVAKKH,{'P20592'}
INXAKKH,{'P20592'}
INVXKKH,{'P20592'}
INVAXKH,{'P20592'}
INVAKXH,{'P20592'}
INVAKKX,{'P20592'}
EXHATVP,{'Q6TN15'}
EGHXTVP,{'Q6TN15'}
EGHAXVP,{'Q6TN15'}
EGHATVX,{'Q6TN15'}
XVEAFKN,{'Q8BZ98', 'Q08877'}
EXEAFKN,{'Q8BZ98', 'Q08877'}
EVXAFKN,{'Q8BZ98', 'Q08877'}
EVEXFKN,{'Q8BZ98', 'Q08877'}
EVEAFXN,{'Q8BZ98', 'Q08877'}
EVEAFKX,{'Q8BZ98', 'Q08877'}
XESAEQA,{'Q8BZ98'}
EXSAEQA,{'Q8BZ98'}
EEXAEQA,{'Q8BZ98'}
EESXEQA,{'Q8BZ98'}
EESAXQA,{'Q8BZ98'}
EESAEXA,{'Q8BZ98'}
EESAEQX,{'Q8BZ98'}
XNTATVS,{'Q8BZ98'}
IXTATVS,{'Q8BZ98'}
INXATVS,{'Q8BZ98'}
INTXTVS,{'Q8BZ98'}
INTAXVS,{'Q8BZ98'}
INTATXS,{'Q8BZ98'}
INTATVX,{'Q8BZ98'}
XTPAPPP,{'Q8BZ98'}
SXPAPPP,{'Q8BZ98'}
STXAPPP,{'Q8BZ98'}
STPXPPP,{'Q8BZ98'}
STPAXPP,{'Q8BZ98'}
STPAPXP,{'Q8BZ98'}
STPAPPX,{'Q8BZ98'}
XHLAKML,{'Q39821', 'P42697'}
EXLAKML,{'Q39821', 'P42697'}
EHXAKML,{'Q39821', 'P42697'}
EHLXKML,{'Q39821', 'P42697'}
EHLAXML,{'Q39821', 'P42697'}
EHLAKXL,{'Q39821', 'P42697'}
EHLAKMX,{'Q39821', 'P42697'}
XVHAILK,{'P42697'}
TXHAILK,{'P42697'}
TVXAILK,{'P42697'}
TVHXILK,{'P42697'}
TVHAXLK,{'P42697'}
TVHAIXK,{'P42697'}
TVHAILX,{'P42697'}
XVLAQKL,{'Q9ZP55'}
PXLAQKL,{'Q9ZP55'}
PVXAQKL,{'Q9ZP55'}
PVLXQKL,{'Q9ZP55'}
PVLAXKL,{'Q9ZP55'}
PVLAQXL,{'Q9ZP55'}
PVLAQKX,{'Q9ZP55'}
XMIARCL,{'Q9ZP55'}
SXIARCL,{'Q9ZP55'}
SMXARCL,{'Q9ZP55'}
SMIXRCL,{'Q9ZP55'}
SMIAXCL,{'Q9ZP55'}
SMIARXL,{'Q9ZP55'}
SMIARCX,{'Q9ZP55'}
XYLAKLL,{'Q9FNX5', 'Q8LF21', 'Q8S3C9'}
EXLAKLL,{'Q9FNX5', 'Q8LF21', 'Q8S3C9'}
EYXAKLL,{'Q9FNX5', 'Q8LF21', 'Q8S3C9'}
EYLXKLL,{'Q9FNX5', 'Q8LF21', 'Q8S3C9'}
EYLAXLL,{'Q9FNX5', 'Q8LF21', 'Q8S3C9'}
EYLAKXL,{'Q9FNX5', 'Q8LF21', 'Q8S3C9'}
EYLAKLX,{'Q9FNX5', 'Q8LF21', 'Q8S3C9'}
XQLAKKL,{'Q8LFT2'}
PXLAKKL,{'Q8LFT2'}
PQXAKKL,{'Q8LFT2'}
PQLXKKL,{'Q8LFT2'}
PQLAXKL,{'Q8LFT2'}
PQLAKXL,{'Q8LFT2'}
PQLAKKX,{'Q8LFT2'}
XTGAPQS,{'Q9SE83', 'Q9LQ55'}
LXGAPQS,{'Q9SE83', 'Q9LQ55'}
LTXAPQS,{'Q9SE83', 'Q9LQ55'}
LTGXPQS,{'Q9SE83', 'Q9LQ55'}
LTGAXQS,{'Q9SE83', 'Q9LQ55'}
LTGAPXS,{'Q9SE83', 'Q9LQ55'}
LTGAPQX,{'Q9SE83', 'Q9LQ55'}
XRIALVD,{'Q9SE83', 'Q9LQ55'}
GXIALVD,{'Q9SE83', 'Q9LQ55'}
GRXALVD,{'Q9SE83', 'Q9LQ55'}
GRIXLVD,{'Q9SE83', 'Q9LQ55'}
GRIAXVD,{'Q9SE83', 'Q9LQ55'}
GRIALXD,{'Q9SE83', 'Q9LQ55'}
GRIALVX,{'Q9SE83', 'Q9LQ55'}
XPRASGG,{'Q9SE83'}
SXRASGG,{'Q9SE83'}
SPXASGG,{'Q9SE83'}
SPRXSGG,{'Q9SE83'}
SPRAXGG,{'Q9SE83'}
SPRASXG,{'Q9SE83'}
SPRASGX,{'Q9SE83'}
XDLAALR,{'Q2TA68', 'Q5RAM3', 'O60313'}
EXLAALR,{'Q2TA68', 'Q5RAM3', 'O60313'}
EDXAALR,{'Q2TA68', 'Q5RAM3', 'O60313'}
EDLXALR,{'Q2TA68', 'Q5RAM3', 'O60313'}
EDLAXLR,{'Q2TA68', 'Q5RAM3', 'O60313'}
EDLAAXR,{'Q2TA68', 'Q5RAM3', 'O60313'}
EDLAALX,{'Q2TA68', 'Q5RAM3', 'O60313'}
XLAALRH,{'Q2TA68', 'Q5RAM3', 'O60313'}
DXAALRH,{'Q2TA68', 'Q5RAM3', 'O60313'}
DLXALRH,{'Q2TA68', 'Q5RAM3', 'O60313'}
DLAXLRH,{'Q2TA68', 'Q5RAM3', 'O60313'}
DLAAXRH,{'Q2TA68', 'Q5RAM3', 'O60313'}
DLAALXH,{'Q2TA68', 'Q5RAM3', 'O60313'}
DLAALRX,{'Q2TA68', 'Q5RAM3', 'O60313'}
XLKAHQV,{'O93248', 'Q2TA68', 'O60313', 'Q5F499', 'Q5U3A7', 'Q5RAM3'}
MXKAHQV,{'O93248', 'Q2TA68', 'O60313', 'Q5F499', 'Q5U3A7', 'Q5RAM3'}
MLXAHQV,{'O93248', 'Q2TA68', 'O60313', 'Q5F499', 'Q5U3A7', 'Q5RAM3'}
MLKXHQV,{'O93248', 'Q2TA68', 'O60313', 'Q5F499', 'Q5U3A7', 'Q5RAM3'}
MLKAXQV,{'O93248', 'Q2TA68', 'O60313', 'Q5F499', 'Q5U3A7', 'Q5RAM3'}
MLKAHXV,{'O93248', 'Q2TA68', 'O60313', 'Q5F499', 'Q5U3A7', 'Q5RAM3'}
MLKAHQX,{'O93248', 'Q2TA68', 'O60313', 'Q5F499', 'Q5U3A7', 'Q5RAM3'}
XSLAVSD,{'O93248', 'Q2TA68', 'O60313', 'Q5F499', 'Q5U3A7', 'Q5RAM3'}
LXLAVSD,{'O93248', 'Q2TA68', 'O60313', 'Q5F499', 'Q5U3A7', 'Q5RAM3'}
LSXAVSD,{'O93248', 'Q2TA68', 'O60313', 'Q5F499', 'Q5U3A7', 'Q5RAM3'}
LSLXVSD,{'O93248', 'Q2TA68', 'O60313', 'Q5F499', 'Q5U3A7', 'Q5RAM3'}
LSLAXSD,{'O93248', 'Q2TA68', 'O60313', 'Q5F499', 'Q5U3A7', 'Q5RAM3'}
LSLAVXD,{'O93248', 'Q2TA68', 'O60313', 'Q5F499', 'Q5U3A7', 'Q5RAM3'}
LSLAVSX,{'O93248', 'Q2TA68', 'O60313', 'Q5F499', 'Q5U3A7', 'Q5RAM3'}
XWDAAIY,{'Q2TA68', 'Q5RAM3', 'O60313'}
QXDAAIY,{'Q2TA68', 'Q5RAM3', 'O60313'}
QWXAAIY,{'Q2TA68', 'Q5RAM3', 'O60313'}
QWDXAIY,{'Q2TA68', 'Q5RAM3', 'O60313'}
QWDAXIY,{'Q2TA68', 'Q5RAM3', 'O60313'}
QWDAAXY,{'Q2TA68', 'Q5RAM3', 'O60313'}
QWDAAIX,{'Q2TA68', 'Q5RAM3', 'O60313', 'Q5F499'}
XDAAIYF,{'Q2TA68', 'Q5RAM3', 'O60313'}
WXAAIYF,{'Q2TA68', 'Q5RAM3', 'O60313'}
WDXAIYF,{'Q2TA68', 'Q5RAM3', 'O60313'}
WDAXIYF,{'Q2TA68', 'Q5RAM3', 'O60313'}
WDAAXYF,{'Q2TA68', 'Q5RAM3', 'O60313'}
WDAAIXF,{'Q2TA68', 'Q5RAM3', 'O60313', 'Q5F499'}
WDAAIYX,{'Q2TA68', 'Q5RAM3', 'O60313'}
XKLAPVR,{'Q9USY7'}
SXLAPVR,{'Q9USY7'}
SKXAPVR,{'Q9USY7'}
SKLXPVR,{'Q9USY7'}
SKLAXVR,{'Q9USY7'}
SKLAPXR,{'Q9USY7'}
SKLAPVX,{'Q9USY7'}
XLSARAK,{'P38297'}
IXSARAK,{'P38297'}
ILXARAK,{'P38297'}
ILSXRAK,{'P38297'}
ILSAXAK,{'P38297'}
ILSARXK,{'P38297'}
ILSARAX,{'P38297'}
XYQAEGH,{'Q23424'}
AXQAEGH,{'Q23424'}
AYXAEGH,{'Q23424'}
AYQXEGH,{'Q23424'}
AYQAXGH,{'Q23424'}
AYQAEXH,{'Q23424'}
AYQAEGX,{'Q23424'}
XTRALEF,{'Q23424'}
GXRALEF,{'Q23424'}
GTXALEF,{'Q23424'}
GTRXLEF,{'Q23424'}
GTRAXEF,{'Q23424'}
GTRALXF,{'Q23424'}
GTRALEX,{'Q23424'}
XRSAIHT,{'Q23424'}
SXSAIHT,{'Q23424'}
SRXAIHT,{'Q23424'}
SRSXIHT,{'Q23424'}
SRSAXHT,{'Q23424'}
SRSAIXT,{'Q23424'}
SRSAIHX,{'Q23424'}
XMIAQAR,{'Q5F499'}
EXIAQAR,{'Q5F499'}
EMXAQAR,{'Q5F499'}
EMIXQAR,{'Q5F499'}
EMIAXAR,{'Q5F499'}
EMIAQXR,{'Q5F499'}
EMIAQAX,{'Q5F499'}
XAQARIF,{'Q5F499'}
IXQARIF,{'Q5F499'}
IAXARIF,{'Q5F499'}
IAQXRIF,{'Q5F499'}
IAQAXIF,{'Q5F499'}
IAQARXF,{'Q5F499'}
IAQARIX,{'Q5F499'}
XWDAAIH,{'Q5F499'}
QXDAAIH,{'Q5F499'}
QWXAAIH,{'Q5F499'}
QWDXAIH,{'Q5F499'}
QWDAXIH,{'Q5F499'}
QWDAAXH,{'Q5F499'}
XDAAIHF,{'Q5F499'}
WXAAIHF,{'Q5F499'}
WDXAIHF,{'Q5F499'}
WDAXIHF,{'Q5F499'}
WDAAXHF,{'Q5F499'}
WDAAIHX,{'Q5F499'}
XREAYKD,{'Q7TQ48', 'P13666', 'Q86TD4', 'Q90577'}
NXEAYKD,{'Q7TQ48', 'P13666', 'Q86TD4'}
NRXAYKD,{'Q7TQ48', 'P13666', 'Q86TD4'}
NREXYKD,{'Q7TQ48', 'P13666', 'Q86TD4'}
NREAXKD,{'Q7TQ48', 'P13666', 'Q86TD4'}
NREAYXD,{'Q7TQ48', 'P13666', 'Q86TD4'}
NREAYKX,{'Q7TQ48', 'P13666', 'Q86TD4'}
QXEAYKD,{'Q90577'}
QRXAYKD,{'Q90577'}
QREXYKD,{'Q90577'}
QREAXKD,{'Q90577'}
QREAYXD,{'Q90577'}
QREAYKX,{'Q90577'}
XGEAGEP,{'Q7TQ48'}
PXEAGEP,{'Q7TQ48'}
PGXAGEP,{'Q7TQ48'}
PGEXGEP,{'Q7TQ48'}
PGEAXEP,{'Q7TQ48'}
PGEAGXP,{'Q7TQ48'}
PGEAGEX,{'Q7TQ48'}
XPGATGH,{'Q7TQ48'}
TXGATGH,{'Q7TQ48'}
TPXATGH,{'Q7TQ48'}
TPGXTGH,{'Q7TQ48'}
TPGAXGH,{'Q7TQ48'}
TPGATXH,{'Q7TQ48'}
TPGATGX,{'Q7TQ48'}
XHKAMSE,{'Q39821'}
VXKAMSE,{'Q39821'}
VHXAMSE,{'Q39821'}
VHKXMSE,{'Q39821'}
VHKAXSE,{'Q39821'}
VHKAMXE,{'Q39821'}
VHKAMSX,{'Q39821'}
XKSATLL,{'Q2KIA5', 'O00429'}
DXSATLL,{'Q2KIA5', 'O00429', 'Q7SXN5'}
DKXATLL,{'Q2KIA5', 'O00429'}
DKSXTLL,{'Q2KIA5', 'O00429'}
DKSAXLL,{'Q2KIA5', 'O00429'}
DKSATXL,{'Q2KIA5', 'O00429'}
DKSATLX,{'Q2KIA5', 'O00429'}
XHDAIVE,{'Q2KIA5', 'O00429'}
LXDAIVE,{'Q2KIA5', 'O00429'}
LHXAIVE,{'Q2KIA5', 'O00429'}
LHDXIVE,{'Q2KIA5', 'O00429'}
LHDAXVE,{'Q2KIA5', 'O00429'}
LHDAIXE,{'Q2KIA5', 'O00429'}
LHDAIVX,{'Q2KIA5', 'O00429'}
XREAVAR,{'B2IZD3'}
TXEAVAR,{'B2IZD3'}
TRXAVAR,{'B2IZD3'}
TREXVAR,{'B2IZD3'}
TREAXAR,{'B2IZD3'}
TREAVXR,{'B2IZD3'}
TREAVAX,{'B2IZD3'}
XAVARRI,{'B2IZD3'}
EXVARRI,{'B2IZD3'}
EAXARRI,{'B2IZD3'}
EAVXRRI,{'B2IZD3'}
EAVAXRI,{'B2IZD3'}
EAVARXI,{'B2IZD3'}
EAVARRX,{'B2IZD3'}
XMSATLL,{'Q7SXN5'}
DMXATLL,{'Q7SXN5'}
DMSXTLL,{'Q7SXN5'}
DMSAXLL,{'Q7SXN5'}
DMSATXL,{'Q7SXN5'}
DMSATLX,{'Q7SXN5'}
XVGATTN,{'P54861'}
GXGATTN,{'P54861'}
GVXATTN,{'P54861'}
GVGXTTN,{'P54861'}
GVGAXTN,{'P54861'}
GVGATXN,{'P54861'}
GVGATTX,{'P54861'}
XSRASLV,{'P54861'}
EXRASLV,{'P54861'}
ESXASLV,{'P54861'}
ESRXSLV,{'P54861'}
ESRAXLV,{'P54861'}
ESRASXV,{'P54861'}
ESRASLX,{'P54861'}
XDIASLE,{'Q84N64'}
EXIASLE,{'Q84N64'}
EDXASLE,{'Q84N64'}
EDIXSLE,{'Q84N64'}
EDIAXLE,{'Q84N64'}
EDIASXE,{'Q84N64'}
EDIASLX,{'Q84N64'}
XYGALMW,{'Q9NZN3', 'Q9QXY6', 'Q8R491'}
VXGALMW,{'Q9NZN3', 'Q9QXY6', 'Q8R491'}
VYXALMW,{'Q9NZN3', 'Q9QXY6', 'Q8R491'}
VYGXLMW,{'Q9NZN3', 'Q9QXY6', 'Q8R491'}
VYGAXMW,{'Q9NZN3', 'Q9QXY6', 'Q8R491'}
VYGALXW,{'Q9NZN3', 'Q9QXY6', 'Q8R491'}
VYGALMX,{'Q9NZN3', 'Q9QXY6', 'Q8R491'}
XIRAALA,{'P50570', 'P39054', 'P39052'}
DXRAALA,{'P50570', 'P39054', 'P39052'}
DIXAALA,{'P21575', 'P39054', 'P50570', 'Q08DF4', 'Q05193', 'P39052', 'P39053'}
DIRXALA,{'P50570', 'P39054', 'P39052', 'A6H7I5'}
DIRAXLA,{'P50570', 'P39054', 'P39052'}
DIRAAXA,{'P50570', 'P39054', 'P39052'}
DIRAALX,{'P50570', 'P39054', 'P39055', 'P39052'}
XRAALAA,{'P50570', 'P39054', 'P39052'}
IXAALAA,{'P21575', 'P39054', 'P50570', 'Q08DF4', 'Q05193', 'P39052', 'P39053'}
IRXALAA,{'P50570', 'P39054', 'P39052', 'A6H7I5'}
IRAXLAA,{'P50570', 'P39054', 'P39052'}
IRAAXAA,{'P50570', 'P39054', 'P39052'}
IRAALXA,{'P50570', 'P39054', 'P39055', 'P39052'}
IRAALAX,{'P50570', 'P39054', 'P39052'}
XALAAER,{'P21575', 'P39054', 'P50570', 'Q08DF4', 'Q05193', 'P39052', 'A6H7I5', 'P39053', 'P27619'}
AXLAAER,{'P21575', 'P39054', 'P50570', 'Q08DF4', 'Q05193', 'P39052', 'P39053'}
AAXAAER,{'P21575', 'P39054', 'P50570', 'Q08DF4', 'Q05193', 'P39052', 'P39053'}
AALXAER,{'P21575', 'P39054', 'P39055', 'P50570', 'Q08DF4', 'Q05193', 'P39052', 'P39053'}
AALAXER,{'P21575', 'P39054', 'P50570', 'Q08DF4', 'Q05193', 'P39052', 'P39053'}
AALAAXR,{'P21575', 'P39054', 'P50570', 'Q08DF4', 'Q05193', 'P39052', 'P39053'}
AALAAEX,{'P21575', 'P39054', 'P50570', 'Q08DF4', 'Q05193', 'P39052', 'P39053'}
XLAAERK,{'P21575', 'P39054', 'P50570', 'Q08DF4', 'Q05193', 'P39052', 'A6H7I5', 'P39053', 'P27619'}
AXAAERK,{'P21575', 'P39054', 'P50570', 'Q08DF4', 'Q05193', 'P39052', 'A6H7I5', 'P39053', 'P27619'}
ALXAERK,{'P21575', 'P39054', 'P39055', 'P50570', 'Q08DF4', 'Q05193', 'P39052', 'A6H7I5', 'P39053', 'P27619'}
ALAXERK,{'P21575', 'P39054', 'P50570', 'Q08DF4', 'Q05193', 'P39052', 'A6H7I5', 'P39053', 'P27619'}
ALAAXRK,{'P21575', 'P39054', 'P50570', 'Q08DF4', 'Q05193', 'P39052', 'A6H7I5', 'P39053', 'P27619'}
ALAAEXK,{'P21575', 'P39054', 'P50570', 'Q08DF4', 'Q05193', 'P39052', 'A6H7I5', 'P39053', 'P27619'}
ALAAERX,{'P21575', 'P39054', 'P50570', 'Q08DF4', 'Q05193', 'P39052', 'A6H7I5', 'P39053', 'P27619'}
XITAALA,{'Q05193', 'P21575', 'P39053', 'Q08DF4'}
DXTAALA,{'Q05193', 'P21575', 'P39053', 'Q08DF4'}
DITXALA,{'Q05193', 'P21575', 'P39053', 'Q08DF4'}
DITAXLA,{'Q05193', 'P21575', 'P39053', 'Q08DF4'}
DITAAXA,{'Q05193', 'P21575', 'P39053', 'Q08DF4'}
DITAALX,{'Q05193', 'P21575', 'P39053', 'Q08DF4'}
XTAALAA,{'Q05193', 'P21575', 'P39053', 'Q08DF4'}
ITXALAA,{'Q05193', 'P21575', 'P39053', 'Q08DF4'}
ITAXLAA,{'Q05193', 'P21575', 'P39053', 'Q08DF4'}
ITAAXAA,{'Q05193', 'P21575', 'P39053', 'Q08DF4'}
ITAALXA,{'Q05193', 'P21575', 'P39053', 'Q08DF4'}
ITAALAX,{'Q05193', 'P21575', 'P39053', 'Q08DF4'}
XIKAAML,{'Q8BZ98', 'Q9UQ16', 'Q08877'}
DXKAAML,{'Q8BZ98', 'Q9UQ16', 'Q08877'}
DIXAAML,{'Q8BZ98', 'Q9UQ16', 'Q08877'}
DIKXAML,{'Q8BZ98', 'Q9UQ16', 'Q08877'}
DIKAXML,{'Q8BZ98', 'Q9UQ16', 'Q08877'}
DIKAAXL,{'Q8BZ98', 'Q9UQ16', 'Q08877'}
DIKAAMX,{'Q8BZ98', 'Q9UQ16', 'Q08877'}
XKAAMLA,{'Q8BZ98', 'Q9UQ16', 'Q08877'}
IXAAMLA,{'Q8BZ98', 'Q9UQ16', 'Q08877'}
IKXAMLA,{'Q8BZ98', 'Q9UQ16', 'Q08877'}
IKAXMLA,{'Q8BZ98', 'Q9UQ16', 'Q08877'}
IKAAXLA,{'Q8BZ98', 'Q9UQ16', 'Q08877'}
IKAAMXA,{'Q8BZ98', 'Q9UQ16', 'Q08877'}
IKAAMLX,{'Q8BZ98', 'Q9UQ16', 'Q08877'}
XMLAERK,{'Q8BZ98', 'Q9UQ16', 'Q08877'}
AXLAERK,{'Q8BZ98', 'Q9UQ16', 'Q08877'}
AMXAERK,{'Q8BZ98', 'Q9UQ16', 'Q08877'}
AMLXERK,{'Q8BZ98', 'Q9UQ16', 'Q08877'}
AMLAXRK,{'Q8BZ98', 'Q9UQ16', 'Q08877'}
AMLAEXK,{'Q8BZ98', 'Q9UQ16', 'Q08877'}
AMLAERX,{'Q8BZ98', 'Q9UQ16', 'Q08877'}
XKEALGI,{'Q9UQ16'}
LXEALGI,{'Q9UQ16'}
LKXALGI,{'Q9UQ16'}
LKEXLGI,{'Q9UQ16'}
LKEAXGI,{'Q9UQ16'}
LKEALXI,{'Q8BZ98', 'Q9UQ16', 'Q08877'}
LKEALGX,{'Q9UQ16'}
XQGALLL,{'Q94464'}
SXGALLL,{'Q94464'}
SQXALLL,{'Q94464'}
SQGXLLL,{'Q94464'}
SQGAXLL,{'Q94464'}
SQGALXL,{'Q94464'}
SQGALLX,{'Q94464'}
XIRAALD,{'P39055'}
DXRAALD,{'P39055'}
DIXAALD,{'P39055'}
DIRXALD,{'P39055'}
DIRAXLD,{'P39055'}
DIRAAXD,{'P39055'}
XRAALDA,{'P39055'}
IXAALDA,{'P39055'}
IRXALDA,{'P39055'}
IRAXLDA,{'P39055'}
IRAAXDA,{'P39055'}
IRAALDX,{'P39055'}
XLDAERK,{'P39055'}
AXDAERK,{'P39055'}
ALDXERK,{'P39055'}
ALDAXRK,{'P39055'}
ALDAEXK,{'P39055'}
ALDAERX,{'P39055'}
XHMADRL,{'P39055', 'P27619'}
RXMADRL,{'P39055', 'P27619'}
RHXADRL,{'P39055', 'P27619'}
RHMXDRL,{'P39055', 'P27619'}
RHMAXRL,{'P39055', 'P27619'}
RHMADXL,{'P39055', 'P27619'}
RHMADRX,{'P39055', 'P27619'}
XVSARET,{'Q7YU24'}
FXSARET,{'Q7YU24'}
FVXARET,{'Q7YU24'}
FVSXRET,{'Q7YU24'}
FVSAXET,{'Q7YU24'}
FVSARXT,{'Q7YU24'}
FVSAREX,{'Q7YU24'}
XSEALQR,{'P20591', 'Q5R5G3', 'A1E2I4'}
LXEALQR,{'P20591', 'Q5R5G3', 'A1E2I4', 'Q28379'}
LSXALQR,{'P20591', 'Q5R5G3', 'A1E2I4'}
LSEXLQR,{'P20591', 'Q5R5G3', 'A1E2I4'}
LSEAXQR,{'P20591', 'Q5R5G3', 'A1E2I4'}
LSEALXR,{'P20591', 'Q5R5G3', 'A1E2I4'}
LSEALQX,{'P20591', 'Q5R5G3', 'A1E2I4'}
XDKALQR,{'P33237', 'P79135'}
LXKALQR,{'P33237', 'P79135'}
LDXALQR,{'P33237', 'P79135'}
LDKXLQR,{'P33237', 'P79135'}
LDKAXQR,{'P33237', 'P79135'}
LDKALXR,{'P33237', 'P79135'}
LDKALQX,{'P33237', 'P79135'}
XTEAFQK,{'P09922'}
LXEAFQK,{'P09922'}
LTXAFQK,{'P09922'}
LTEXFQK,{'P09922'}
LTEAXQK,{'Q4ADG6', 'Q4ADG7', 'Q4ADG8', 'P09922'}
LTEAFXK,{'P09922'}
LTEAFQX,{'P09922'}
XESAVNM,{'P09922'}
EXSAVNM,{'P09922'}
EEXAVNM,{'P09922'}
EESXVNM,{'P09922'}
EESAXNM,{'P09922'}
EESAVXM,{'P09922'}
EESAVNX,{'P09922'}
XVSAKEV,{'Q80U63', 'Q8R4Z9', 'Q811U4'}
FXSAKEV,{'Q80U63', 'Q8R4Z9', 'Q811U4'}
FVXAKEV,{'Q80U63', 'Q8R4Z9', 'Q811U4'}
FVSXKEV,{'Q80U63', 'Q8R4Z9', 'Q811U4'}
FVSAXEV,{'Q80U63', 'Q8R4Z9', 'Q811U4'}
FVSAKXV,{'Q80U63', 'Q8R4Z9', 'Q811U4'}
FVSAKEX,{'Q80U63', 'Q8R4Z9', 'Q811U4'}
XGEAPSS,{'P32266'}
FXEAPSS,{'P32266'}
FGXAPSS,{'P32266'}
FGEXPSS,{'P32266'}
FGEAXSS,{'P32266'}
FGEAPXS,{'P32266'}
FGEAPSX,{'P32266'}
XSLAKAL,{'P27594'}
LXLAKAL,{'P27594'}
LSXAKAL,{'P27594'}
LSLXKAL,{'P27594'}
LSLAXAL,{'Q28379', 'P18589', 'P18590', 'P27594', 'P18588'}
LSLAKXL,{'P27594'}
LSLAKAX,{'P27594'}
XAKALQK,{'P27594'}
LXKALQK,{'P27594'}
LAXALQK,{'Q9N0Y3', 'P18589', 'P18590', 'P27594', 'P18588'}
LAKXLQK,{'P27594'}
LAKAXQK,{'P27594'}
LAKALXK,{'P27594'}
LAKALQX,{'P27594'}
XTSAIQQ,{'Q90597'}
FXSAIQQ,{'Q90597'}
FTXAIQQ,{'Q90597'}
FTSXIQQ,{'Q90597'}
FTSAXQQ,{'Q90597'}
FTSAIXQ,{'Q90597'}
FTSAIQX,{'Q90597'}
XRTALAA,{'A6H7I5'}
IXTALAA,{'A6H7I5'}
IRTXLAA,{'A6H7I5'}
IRTAXAA,{'A6H7I5'}
IRTALXA,{'A6H7I5'}
IRTALAX,{'A6H7I5'}
TXLAAER,{'A6H7I5'}
TAXAAER,{'A6H7I5'}
TALXAER,{'A6H7I5'}
TALAXER,{'A6H7I5'}
TALAAXR,{'A6H7I5'}
TALAAEX,{'A6H7I5'}
XSQADIN,{'Q84XF3'}
RXQADIN,{'Q84XF3'}
RSXADIN,{'Q84XF3'}
RSQXDIN,{'Q84XF3'}
RSQAXIN,{'Q84XF3'}
RSQADXN,{'Q84XF3'}
RSQADIX,{'Q84XF3'}
XMIAARR,{'Q39821', 'Q84XF3', 'Q8LF21'}
DXIAARR,{'Q39821', 'Q84XF3', 'Q8LF21'}
DMXAARR,{'Q39821', 'Q84XF3', 'Q8LF21'}
DMIXARR,{'Q39821', 'Q84XF3', 'Q8LF21'}
DMIAXRR,{'Q39821', 'Q84XF3', 'Q8LF21'}
DMIAAXR,{'Q39821', 'Q84XF3', 'Q8LF21'}
DMIAARX,{'Q39821', 'Q84XF3', 'Q8LF21', 'P42697'}
XIAARRR,{'Q84XF3', 'Q39821'}
MXAARRR,{'Q84XF3', 'Q39821'}
MIXARRR,{'Q84XF3', 'Q39821'}
MIAXRRR,{'Q84XF3', 'Q39821'}
MIAAXRR,{'Q84XF3', 'Q39821'}
MIAARXR,{'Q84XF3', 'Q39821', 'P42697'}
MIAARRX,{'Q39821', 'Q84XF3', 'Q8LF21'}
XTEALQK,{'Q4ADG6', 'Q4ADG8', 'Q4ADG7'}
LXEALQK,{'Q4ADG8', 'Q9N0Y3', 'P18589', 'P18590', 'Q4ADG6', 'Q4ADG7', 'P18588'}
LTXALQK,{'Q4ADG6', 'Q4ADG8', 'Q4ADG7'}
LTEXLQK,{'Q4ADG6', 'Q4ADG8', 'Q4ADG7'}
LTEALXK,{'Q4ADG6', 'Q4ADG8', 'Q4ADG7'}
LTEALQX,{'Q9WVP9', 'Q4ADG6', 'Q4ADG8', 'Q4ADG7'}
XSLAEAT,{'Q5I2P5', 'Q9BDI7', 'A7VK00', 'Q9N0Y2', 'P20592'}
LXLAEAT,{'Q5I2P5', 'Q9BDI7', 'A7VK00', 'Q9N0Y2', 'P20592'}
LSXAEAT,{'Q5I2P5', 'Q9BDI7', 'A7VK00', 'Q9N0Y2', 'P20592'}
LSLXEAT,{'Q5I2P5', 'Q9BDI7', 'A7VK00', 'Q9N0Y2', 'P20592'}
LSLAXAT,{'Q5I2P5', 'Q9BDI7', 'A7VK00', 'Q9N0Y2', 'P20592'}
LSLAEXT,{'Q5I2P5', 'Q9BDI7', 'A7VK00', 'Q9N0Y2', 'P20592'}
LSLAEAX,{'Q5I2P5', 'Q28379', 'P18589', 'P18590', 'Q9BDI7', 'A7VK00', 'Q9N0Y2', 'P20592', 'P18588'}
XAEATRK,{'Q5I2P5', 'Q9BDI7'}
LXEATRK,{'Q5I2P5', 'Q9BDI7'}
LAXATRK,{'Q5I2P5', 'Q9BDI7'}
LAEXTRK,{'Q5I2P5', 'Q9BDI7'}
LAEAXRK,{'Q5I2P5', 'Q9BDI7'}
LAEATXK,{'Q5I2P5', 'P20592', 'Q9BDI7', 'Q9N0Y2'}
LAEATRX,{'Q5I2P5', 'Q9BDI7'}
XRLANQI,{'Q9BDI7'}
KXLANQI,{'Q9BDI7'}
KRXANQI,{'Q9BDI7'}
KRLXNQI,{'Q9BDI7'}
KRLAXQI,{'Q9BDI7'}
KRLANXI,{'Q9BDI7'}
KRLANQX,{'Q9BDI7'}
XTLASAI,{'P33238'}
LXLASAI,{'P33238'}
LTXASAI,{'P33238'}
LTLXSAI,{'P33238'}
LTLAXAI,{'P33238'}
LTLASXI,{'P33238'}
LTLASAX,{'P33238'}
XASAIHQ,{'P33238'}
LXSAIHQ,{'P33238'}
LAXAIHQ,{'P33238'}
LASXIHQ,{'P33238'}
LASAXHQ,{'P33238'}
LASAIXQ,{'P33238'}
LASAIHX,{'P33238'}
XLVAHII,{'P33238'}
EXVAHII,{'P33238'}
ELXAHII,{'P33238'}
ELVXHII,{'P33238'}
ELVAXII,{'P33238'}
ELVAHXI,{'P33238'}
ELVAHIX,{'P33238'}
XTEALES,{'Q6PW23'}
LXEALES,{'Q6PW23'}
LTXALES,{'Q6PW23'}
LTEXLES,{'Q6PW23'}
LTEAXES,{'Q6PW23'}
LTEALXS,{'Q6PW23'}
LTEALEX,{'Q6PW23'}
XPEAIER,{'Q000A9'}
LXEAIER,{'Q000A9', 'Q6TN15', 'P20593', 'Q5U752', 'Q2KTC2'}
LPXAIER,{'Q000A9'}
LPEXIER,{'Q000A9'}
LPEAXER,{'Q000A9'}
LPEAIXR,{'Q000A9'}
LPEAIEX,{'Q000A9'}
XTEAIER,{'Q2KTC2', 'Q6TN15', 'P20593'}
LTXAIER,{'Q2KTC2', 'Q6TN15', 'P20593'}
LTEXIER,{'Q2KTC2', 'Q6TN15', 'P20593'}
LTEAXER,{'Q91196', 'Q6TN15', 'P20593', 'Q91197', 'Q91192', 'Q2KTC2'}
LTEAIXR,{'Q2KTC2', 'Q6TN15', 'P20593'}
LTEAIEX,{'Q2KTC2', 'Q6TN15', 'P20593'}
XSLAEAI,{'Q5U752'}
VXLAEAI,{'Q5U752'}
VSXAEAI,{'Q5U752'}
VSLXEAI,{'Q5U752'}
VSLAXAI,{'Q5U752'}
VSLAEXI,{'Q5U752'}
VSLAEAX,{'Q9N0Y3', 'Q5U752'}
XAEAIER,{'Q5U752'}
LAXAIER,{'Q5U752'}
LAEXIER,{'Q5U752'}
LAEAXER,{'Q5U752'}
LAEAIXR,{'Q5U752'}
LAEAIEX,{'Q5U752'}
XSLAEAL,{'Q9N0Y3', 'Q28379', 'P18589', 'P18590', 'P18588'}
LXLAEAL,{'Q28379', 'P18588', 'P18589', 'P18590'}
LSXAEAL,{'Q28379', 'P18588', 'P18589', 'P18590'}
LSLXEAL,{'A1E2I4', 'Q28379', 'P18589', 'P18590', 'Q5R5G3', 'P20591', 'P18588'}
LSLAEXL,{'Q28379', 'P18588', 'P18589', 'P18590'}
XAEALQK,{'Q9N0Y3', 'P18588', 'P18589', 'P18590'}
LAEXLQK,{'Q9N0Y3', 'P18588', 'P18589', 'P18590'}
LAEAXQK,{'Q9N0Y3', 'P18588', 'P18589', 'P18590'}
LAEALXK,{'Q9N0Y3', 'P18588', 'P18589', 'P18590'}
LAEALQX,{'Q9N0Y3', 'Q28379', 'P18589', 'P18590', 'P18588'}
XNEATET,{'Q8JH68', 'Q800G8'}
LXEATET,{'Q8JH68', 'Q800G8'}
LNXATET,{'Q8JH68', 'Q800G8'}
LNEXTET,{'Q8JH68', 'Q800G8'}
LNEAXET,{'Q8JH68', 'Q800G8'}
LNEATXT,{'Q8JH68', 'Q800G8'}
LNEATEX,{'Q8JH68', 'Q800G8'}
XVEALEK,{'Q800G5', 'Q6TKS7', 'Q6DKF0'}
LXEALEK,{'Q800G5', 'Q6TKS7', 'Q6DKF0'}
LVXALEK,{'Q800G5', 'Q6TKS7', 'Q6DKF0'}
LVEXLEK,{'Q800G5', 'Q6TKS7', 'Q6DKF0'}
LVEAXEK,{'Q800G5', 'Q6TKS7', 'Q6DKF0'}
LVEALXK,{'Q800G5', 'Q6TKS7', 'Q6DKF0'}
LVEALEX,{'Q800G5', 'Q6TKS7', 'Q6DKF0'}
XAEALQR,{'Q28379'}
LAXALQR,{'Q28379'}
LAEXLQR,{'Q28379'}
LAEAXQR,{'Q28379'}
LAEALXR,{'Q28379'}
XHEATEK,{'Q7T2P0'}
LXEATEK,{'Q9N0Y2', 'Q7T2P0'}
LHXATEK,{'Q7T2P0'}
LHEXTEK,{'Q7T2P0'}
LHEAXEK,{'Q7T2P0'}
LHEATXK,{'Q7T2P0'}
LHEATEX,{'Q7T2P0'}
XTEALQN,{'Q9WVP9'}
LXEALQN,{'Q9WVP9'}
LTXALQN,{'Q9WVP9'}
LTEXLQN,{'Q9WVP9'}
LTEAXQN,{'Q9WVP9'}
LTEALXN,{'Q9WVP9'}
XTEATER,{'Q91197', 'Q91192', 'Q91196'}
LXEATER,{'Q91197', 'Q91192', 'Q91196'}
LTXATER,{'Q91197', 'Q91192', 'Q91196'}
LTEXTER,{'Q91197', 'Q91192', 'Q91196'}
LTEATXR,{'Q91197', 'Q91192', 'Q91196'}
LTEATEX,{'Q91197', 'Q91192', 'Q91196'}
XAEATKR,{'A7VK00'}
LXEATKR,{'A7VK00'}
LAXATKR,{'A7VK00'}
LAEXTKR,{'A7VK00'}
LAEAXKR,{'A7VK00'}
LAEATXR,{'A7VK00'}
LAEATKX,{'P20592', 'A7VK00'}
VXLAEAL,{'Q9N0Y3'}
VSXAEAL,{'Q9N0Y3'}
VSLXEAL,{'Q9N0Y3'}
VSLAXAL,{'Q9N0Y3'}
VSLAEXL,{'Q9N0Y3'}
XAEATKK,{'P20592'}
LXEATKK,{'P20592'}
LAXATKK,{'P20592'}
LAEXTKK,{'P20592'}
LAEAXKK,{'P20592'}
XAEATEK,{'Q9N0Y2'}
LAXATEK,{'Q9N0Y2'}
LAEXTEK,{'Q9N0Y2'}
LAEAXEK,{'Q9N0Y2'}
LAEATEX,{'Q9N0Y2'}
XEQAQRR,{'Q8BZ98'}
AXQAQRR,{'Q8BZ98'}
AEXAQRR,{'Q8BZ98'}
AEQXQRR,{'Q8BZ98'}
AEQAXRR,{'Q8BZ98'}
AEQAQXR,{'Q8BZ98'}
AEQAQRX,{'Q8BZ98'}
XKEALAI,{'Q8BZ98', 'Q08877'}
LXEALAI,{'Q8BZ98', 'Q08877'}
LKXALAI,{'Q8BZ98', 'Q08877'}
LKEXLAI,{'Q8BZ98', 'Q08877'}
LKEAXAI,{'Q8BZ98', 'Q08877'}
LKEALAX,{'Q8BZ98', 'Q08877'}
XALAIIG,{'Q8BZ98', 'Q08877'}
EXLAIIG,{'Q8BZ98', 'Q08877'}
EAXAIIG,{'Q8BZ98', 'Q08877'}
EALXIIG,{'Q8BZ98', 'Q08877'}
EALAXIG,{'Q8BZ98', 'Q08877'}
EALAIXG,{'Q8BZ98', 'Q08877'}
EALAIIX,{'Q8BZ98', 'Q08877'}
XMIAARK,{'P42697'}
DXIAARK,{'P42697'}
DMXAARK,{'P42697'}
DMIXARK,{'P42697'}
DMIAXRK,{'P42697'}
DMIAAXK,{'P42697'}
XIAARKR,{'P42697'}
MXAARKR,{'P42697'}
MIXARKR,{'P42697'}
MIAXRKR,{'P42697'}
MIAAXKR,{'P42697'}
MIAARKX,{'P42697'}
XEEARMQ,{'Q9ZP55'}
YXEARMQ,{'Q9ZP55'}
YEXARMQ,{'Q9ZP55'}
YEEXRMQ,{'Q9ZP55'}
YEEAXMQ,{'Q9ZP55'}
YEEARXQ,{'Q9ZP55'}
YEEARMX,{'Q9ZP55'}
XIAARRK,{'Q8LF21'}
MXAARRK,{'Q8LF21'}
MIXARRK,{'Q8LF21'}
MIAXRRK,{'Q8LF21'}
MIAAXRK,{'Q8LF21'}
MIAARXK,{'Q8LF21'}
XMLARRK,{'Q9FNX5'}
MXLARRK,{'Q9FNX5'}
MMXARRK,{'Q9FNX5', 'Q8S3C9'}
MMLXRRK,{'Q9FNX5'}
MMLAXRK,{'Q9FNX5'}
MMLARXK,{'Q9FNX5'}
MMLARRX,{'Q9FNX5'}
XHQALAA,{'P27619'}
IXQALAA,{'P27619'}
IHXALAA,{'P27619'}
IHQXLAA,{'P27619'}
IHQAXAA,{'P27619'}
IHQALXA,{'P27619'}
IHQALAX,{'P27619'}
QXLAAER,{'P27619'}
QAXAAER,{'P27619'}
QALXAER,{'P27619'}
QALAXER,{'P27619'}
QALAAXR,{'P27619'}
QALAAEX,{'P27619'}
XKDALQI,{'P27619'}
CXDALQI,{'P27619'}
CKXALQI,{'P27619'}
CKDXLQI,{'P27619'}
CKDAXQI,{'P27619'}
CKDALXI,{'P27619'}
CKDALQX,{'P27619'}
XKDALVA,{'Q8LFT2'}
IXDALVA,{'Q8LFT2'}
IKXALVA,{'Q8LFT2'}
IKDXLVA,{'Q8LFT2'}
IKDAXVA,{'Q8LFT2'}
IKDALXA,{'Q8LFT2'}
IKDALVX,{'Q8LFT2'}
XLVAEEK,{'Q8LFT2'}
AXVAEEK,{'Q8LFT2'}
ALXAEEK,{'Q8LFT2'}
ALVXEEK,{'Q8LFT2'}
ALVAXEK,{'Q8LFT2'}
ALVAEXK,{'Q8LFT2'}
ALVAEEX,{'Q8LFT2'}
XMVARRK,{'Q8S3C9'}
MXVARRK,{'Q8S3C9'}
MMVXRRK,{'Q8S3C9'}
MMVAXRK,{'Q8S3C9'}
MMVARXK,{'Q8S3C9'}
MMVARRX,{'Q8S3C9'}
XSIASAQ,{'Q9SE83', 'Q9LQ55'}
VXIASAQ,{'Q9SE83', 'Q9LQ55'}
VSXASAQ,{'Q9SE83', 'Q9LQ55'}
VSIXSAQ,{'Q9SE83', 'Q9LQ55'}
VSIAXAQ,{'Q9SE83', 'Q9LQ55'}
VSIASXQ,{'Q9SE83', 'Q9LQ55'}
VSIASAX,{'Q9SE83', 'Q9LQ55'}
XASAQSG,{'Q9SE83', 'Q9LQ55'}
IXSAQSG,{'Q9SE83', 'Q9LQ55'}
IAXAQSG,{'Q9SE83', 'Q9LQ55'}
IASXQSG,{'Q9SE83', 'Q9LQ55'}
IASAXSG,{'Q9SE83', 'Q9LQ55'}
IASAQXG,{'Q9SE83', 'Q9LQ55'}
IASAQSX,{'Q9SE83', 'Q9LQ55'}
XIQARGG,{'Q9SE83'}
VXQARGG,{'Q9SE83'}
VIXARGG,{'Q9SE83'}
VIQXRGG,{'Q9SE83'}
VIQAXGG,{'Q9SE83'}
VIQARXG,{'Q9SE83'}
VIQARGX,{'Q9SE83'}
XIEAIRE,{'Q2TA68', 'Q5RAM3', 'O60313'}
SXEAIRE,{'Q2TA68', 'Q5RAM3', 'O60313'}
SIXAIRE,{'Q2TA68', 'Q5RAM3', 'O60313'}
SIEXIRE,{'Q2TA68', 'Q5RAM3', 'O60313'}
SIEAXRE,{'Q2TA68', 'Q5RAM3', 'O60313'}
SIEAIXE,{'Q2TA68', 'Q5RAM3', 'O60313'}
SIEAIRX,{'Q2TA68', 'Q5RAM3', 'O60313'}
XDFAEDS,{'Q2TA68', 'Q5RAM3', 'O60313'}
NXFAEDS,{'Q2TA68', 'Q5RAM3', 'O60313'}
NDXAEDS,{'Q2TA68', 'Q5RAM3', 'O60313'}
NDFXEDS,{'Q2TA68', 'Q5RAM3', 'O60313'}
NDFAXDS,{'Q2TA68', 'Q5RAM3', 'O60313'}
NDFAEXS,{'Q2TA68', 'Q5RAM3', 'O60313'}
NDFAEDX,{'Q2TA68', 'Q5RAM3', 'O60313'}
XEDALYS,{'Q9USY7'}
RXDALYS,{'Q9USY7'}
REXALYS,{'Q9USY7'}
REDXLYS,{'Q9USY7'}
REDAXYS,{'Q9USY7'}
REDALXS,{'Q9USY7'}
REDALYX,{'Q9USY7'}
XVSALEA,{'O18412'}
HXSALEA,{'O18412'}
HVXALEA,{'O18412'}
HVSXLEA,{'O18412'}
HVSAXEA,{'O18412'}
HVSALXA,{'O18412'}
HVSALEX,{'O18412'}
XLEALHI,{'O18412'}
AXEALHI,{'O18412'}
ALXALHI,{'O18412'}
ALEXLHI,{'O18412'}
ALEAXHI,{'O18412'}
ALEALXI,{'O18412'}
ALEALHX,{'O18412'}
XLKARGL,{'Q23424'}
RXKARGL,{'Q23424'}
RLXARGL,{'Q23424'}
RLKXRGL,{'Q23424'}
RLKAXGL,{'Q23424'}
RLKARXL,{'Q23424'}
RLKARGX,{'Q23424'}
XERAEDS,{'Q5F499'}
NXRAEDS,{'Q5F499'}
NEXAEDS,{'Q5F499'}
NERXEDS,{'Q5F499'}
NERAXDS,{'Q5F499'}
NERAEXS,{'Q5F499'}
NERAEDX,{'Q5F499'}
XMHALEQ,{'Q55F94'}
DXHALEQ,{'Q55F94'}
DMXALEQ,{'Q55F94'}
DMHXLEQ,{'Q55F94'}
DMHAXEQ,{'Q55F94'}
DMHALXQ,{'Q55F94'}
DMHALEX,{'Q55F94'}
XNSASSS,{'Q55AX0'}
SXSASSS,{'Q55AX0'}
SNXASSS,{'Q55AX0'}
SNSXSSS,{'Q55AX0'}
SNSAXSS,{'Q55AX0'}
SNSASXS,{'Q55AX0'}
SNSASSX,{'Q55AX0'}
XERAIAE,{'B2IZD3'}
RXRAIAE,{'B2IZD3'}
REXAIAE,{'B2IZD3'}
RERXIAE,{'B2IZD3'}
RERAXAE,{'B2IZD3'}
RERAIXE,{'B2IZD3'}
RERAIAX,{'B2IZD3'}
XAIAELR,{'B2IZD3'}
RXIAELR,{'B2IZD3'}
RAXAELR,{'B2IZD3'}
RAIXELR,{'B2IZD3'}
RAIAXLR,{'B2IZD3'}
RAIAEXR,{'B2IZD3'}
RAIAELX,{'B2IZD3'}
XPRHAAL,{'Q8BH64', 'Q9NZN4', 'Q4V8H8'}
LXRHAAL,{'Q8BH64', 'Q9NZN4', 'Q4V8H8'}
LPXHAAL,{'Q8BH64', 'Q9NZN4', 'Q4V8H8'}
LPRXAAL,{'Q8BH64', 'Q9NZN4', 'Q4V8H8'}
LPRHXAL,{'Q8BH64', 'Q9NZN4', 'Q4V8H8'}
LPRHAXL,{'Q8BH64', 'Q9NZN4', 'Q4V8H8'}
LPRHAAX,{'Q8BH64', 'Q9NZN4', 'Q4V8H8'}
XVKRARL,{'Q8BH64', 'Q9NZN4', 'Q4V8H8'}
LXKRARL,{'Q8BH64', 'Q9NZN4', 'Q4V8H8'}
LVXRARL,{'Q8BH64', 'Q9NZN4', 'Q4V8H8'}
LVKXARL,{'Q8BH64', 'Q9NZN4', 'Q4V8H8'}
LVKRXRL,{'Q8BH64', 'Q9NZN4', 'Q4V8H8'}
LVKRAXL,{'Q8BH64', 'Q9NZN4', 'Q4V8H8'}
LVKRARX,{'Q8BH64', 'Q9NZN4', 'Q4V8H8'}
XLESTEV,{'Q9NZN4'}
EXESTEV,{'Q9NZN4'}
ELXSTEV,{'Q9NZN4'}
ELEXTEV,{'Q9NZN4'}
ELESXEV,{'Q9NZN4'}
ELESTXV,{'Q9NZN4'}
ELESTEX,{'Q9NZN4'}
XLFEAEE,{'Q9NZN3', 'Q9QXY6', 'Q8R491'}
KXFEAEE,{'Q9NZN3', 'Q9QXY6', 'Q8R491'}
KLXEAEE,{'Q9NZN3', 'Q9QXY6', 'Q8R491'}
KLFXAEE,{'Q9NZN3', 'Q9QXY6', 'Q8R491'}
KLFEXEE,{'Q9NZN3', 'Q9QXY6', 'Q8R491'}
KLFEAXE,{'Q9NZN3', 'Q9QXY6', 'Q8R491'}
KLFEAEX,{'Q9NZN3', 'Q9QXY6', 'Q8R491'}
XDDPARK,{'Q05193', 'P21575', 'P39053', 'Q08DF4'}
PXDPARK,{'Q05193', 'P21575', 'P39053', 'Q08DF4'}
PDXPARK,{'Q05193', 'P21575', 'P39053', 'Q08DF4'}
PDDXARK,{'Q05193', 'P21575', 'P39053', 'Q08DF4'}
PDDPXRK,{'Q05193', 'P21575', 'P39053', 'Q08DF4'}
PDDPAXK,{'Q05193', 'P21575', 'P39053', 'Q08DF4'}
PDDPARX,{'Q05193', 'P21575', 'P39053', 'Q08DF4'}
XKTKALL,{'P21575', 'Q08DF4', 'Q05193', 'Q9UQ16', 'Q08877', 'Q8BZ98', 'P39053'}
RXTKALL,{'P21575', 'Q08DF4', 'Q05193', 'Q9UQ16', 'Q08877', 'Q8BZ98', 'P39053'}
RKXKALL,{'P21575', 'Q08DF4', 'Q05193', 'Q9UQ16', 'Q08877', 'Q8BZ98', 'P39053'}
RKTXALL,{'P21575', 'Q08DF4', 'Q05193', 'Q9UQ16', 'Q08877', 'Q8BZ98', 'P39053'}
RKTKXLL,{'P21575', 'Q08DF4', 'Q05193', 'Q9UQ16', 'Q08877', 'Q8BZ98', 'P39053'}
RKTKAXL,{'P21575', 'Q08DF4', 'Q05193', 'Q9UQ16', 'Q08877', 'Q8BZ98', 'P39053'}
RKTKALX,{'P21575', 'Q08DF4', 'Q05193', 'Q9UQ16', 'Q08877', 'Q8BZ98', 'P39053'}
XEVEAYK,{'Q9UQ16'}
HXVEAYK,{'Q9UQ16'}
HEXEAYK,{'Q9UQ16'}
HEVXAYK,{'Q9UQ16'}
HEVEXYK,{'Q9UQ16'}
HEVEAXK,{'Q8BZ98', 'Q9UQ16', 'Q08877'}
HEVEAYX,{'Q9UQ16'}
XDDSWIQ,{'Q9UQ16'}
VXDSWIQ,{'Q9UQ16'}
VDXSWIQ,{'Q9UQ16'}
VDDXWIQ,{'Q9UQ16'}
VDDSXIQ,{'Q9UQ16'}
VDDSWXQ,{'Q8BZ98', 'Q9UQ16', 'Q08877'}
VDDSWIX,{'Q9UQ16'}
XQHSRRS,{'Q8BZ98', 'Q9UQ16', 'Q08877'}
IXHSRRS,{'Q9UQ16'}
IQXSRRS,{'Q9UQ16'}
IQHXRRS,{'Q9UQ16'}
IQHSXRS,{'Q9UQ16'}
IQHSRXS,{'Q9UQ16'}
IQHSRRX,{'Q9UQ16'}
XRRSPPP,{'Q8BZ98', 'Q9UQ16', 'Q08877'}
SXRSPPP,{'Q8BZ98', 'Q9UQ16', 'Q08877'}
SRXSPPP,{'Q8BZ98', 'Q9UQ16', 'Q08877'}
SRRXPPP,{'Q8BZ98', 'Q9UQ16', 'Q08877'}
SRRSXPP,{'Q8BZ98', 'Q9UQ16', 'Q08877'}
SRRSPXP,{'Q8BZ98', 'Q9UQ16', 'Q08877'}
SRRSPPX,{'Q8BZ98', 'Q9UQ16', 'Q08877'}
XPPSPTT,{'Q8BZ98', 'Q9UQ16', 'Q08877'}
PXPSPTT,{'Q8BZ98', 'Q9UQ16', 'Q08877'}
PPXSPTT,{'Q8BZ98', 'Q9UQ16', 'Q08877'}
PPPXPTT,{'Q8BZ98', 'Q9UQ16', 'Q08877'}
PPPSXTT,{'Q8BZ98', 'Q9UQ16', 'Q08877'}
PPPSPXT,{'Q8BZ98', 'Q9UQ16', 'Q08877'}
PPPSPTX,{'Q8BZ98', 'Q9UQ16', 'Q08877'}
XEESQRP,{'Q9NZN3'}
QXESQRP,{'Q9NZN3'}
QEXSQRP,{'Q9NZN3'}
QEEXQRP,{'Q9NZN3'}
QEESXRP,{'Q9NZN3'}
QEESQXP,{'Q9NZN3'}
QEESQRX,{'Q9NZN3'}
XDLSNNE,{'Q94464'}
TXLSNNE,{'Q94464'}
TDXSNNE,{'Q94464'}
TDLXNNE,{'Q94464'}
TDLSXNE,{'Q94464'}
TDLSNXE,{'Q94464'}
TDLSNNX,{'Q94464'}
XYGGARI,{'Q94464'}
LXGGARI,{'Q94464'}
LYXGARI,{'Q94464'}
LYGXARI,{'Q94464'}
LYGGXRI,{'Q94464'}
LYGGAXI,{'Q94464'}
LYGGARX,{'Q94464'}
XRISYIF,{'Q94464'}
AXISYIF,{'Q94464'}
ARXSYIF,{'Q94464'}
ARIXYIF,{'Q94464'}
ARISXIF,{'Q94464'}
ARISYXF,{'Q94464'}
ARISYIX,{'Q94464'}
XLISQEE,{'Q9H223', 'Q9EQP2'}
NXISQEE,{'Q9H223'}
NLXSQEE,{'Q9H223'}
NLIXQEE,{'Q9H223'}
NLISXEE,{'Q9H223'}
NLISQXE,{'Q9H223'}
NLISQEX,{'Q9H223'}
XETSTPT,{'Q9H223'}
EXTSTPT,{'Q9H223'}
EEXSTPT,{'Q9H223'}
EETXTPT,{'Q9H223'}
EETSXPT,{'Q9H223'}
EETSTXT,{'Q9H223'}
EETSTPX,{'Q9H223'}
XLESVEA,{'Q8BH64', 'Q4V8H8'}
EXESVEA,{'Q8BH64', 'Q4V8H8'}
ELXSVEA,{'Q8BH64', 'Q4V8H8'}
ELEXVEA,{'Q8BH64', 'Q4V8H8'}
ELESXEA,{'Q8BH64', 'Q4V8H8'}
ELESVXA,{'Q8BH64', 'Q4V8H8'}
ELESVEX,{'Q8BH64', 'Q4V8H8'}
XSVEAGV,{'Q8BH64', 'Q4V8H8'}
EXVEAGV,{'Q8BH64', 'Q4V8H8'}
ESXEAGV,{'Q8BH64', 'Q4V8H8'}
ESVXAGV,{'Q8BH64', 'Q4V8H8'}
ESVEXGV,{'Q8BH64', 'Q4V8H8'}
ESVEAXV,{'Q8BH64', 'Q4V8H8'}
ESVEAGX,{'Q8BH64', 'Q4V8H8'}
XGTSYLQ,{'P39055'}
LXTSYLQ,{'P39055'}
LGXSYLQ,{'P39055'}
LGTXYLQ,{'P39055'}
LGTSXLQ,{'P39055'}
LGTSYXQ,{'P39055'}
LGTSYLX,{'P39055'}
XRDSLQK,{'P39055'}
LXDSLQK,{'P39055'}
LRXSLQK,{'P39055'}
LRDXLQK,{'P39055'}
LRDSXQK,{'P39055'}
LRDSLXK,{'P39055'}
LRDSLQX,{'P39055'}
XKMFAME,{'P39055'}
KXMFAME,{'P39055'}
KKXFAME,{'P39055'}
KKMXAME,{'P39055'}
KKMFXME,{'P39055'}
KKMFAXE,{'P39055'}
KKMFAMX,{'P39055'}
XGAIAEG,{'Q7YU24'}
MXAIAEG,{'Q7YU24'}
MGXIAEG,{'Q7YU24'}
MGAXAEG,{'Q7YU24'}
MGAIXEG,{'Q7YU24'}
MGAIAXG,{'Q7YU24'}
MGAIAEX,{'Q7YU24'}
XEGKATV,{'Q5I2P5', 'Q5R5G3', 'Q9BDI7', 'A7VK00', 'Q9N0Y2', 'P20591'}
EXGKATV,{'P09922', 'P18589', 'P18590', 'Q5R5G3', 'A7VK00', 'Q9N0Y2', 'P20591', 'P18588', 'Q9WVP9'}
EEXKATV,{'P20591', 'Q5R5G3', 'A7VK00', 'Q9N0Y2'}
EEGKXTV,{'P20591', 'Q5R5G3', 'A7VK00', 'Q9N0Y2'}
EEGKAXV,{'P20591', 'Q5R5G3', 'A7VK00', 'Q9N0Y2'}
EEGKATX,{'Q6TKS7', 'A1E2I4', 'P79135', 'Q5R5G3', 'A7VK00', 'Q9N0Y2', 'P20591'}
XPCLAEK,{'P20591', 'Q5R5G3', 'A1E2I4'}
VXCLAEK,{'P20591', 'Q5R5G3'}
VPXLAEK,{'Q6PW23', 'Q9N0Y3', 'Q000A9', 'Q6TN15', 'P20593', 'Q5R5G3', 'Q5U752', 'P20591', 'Q2KTC2'}
VPCXAEK,{'P20591', 'Q5R5G3'}
VPCLXEK,{'P20591', 'Q5R5G3'}
VPCLAXK,{'P20591', 'Q5R5G3', 'Q4ADG6'}
VPCLAEX,{'P09922', 'Q28379', 'P18589', 'P18590', 'Q5R5G3', 'Q9N0Y2', 'P20591', 'Q9WVP9'}
XLTSELI,{'Q4ADG8', 'A1E2I4', 'Q9N0Y3', 'P79135', 'Q5R5G3', 'Q4ADG6', 'Q4ADG7', 'P20591', 'P27594'}
KXTSELI,{'Q9N0Y3', 'A1E2I4', 'Q5R5G3', 'Q4ADG6', 'P20591'}
KLXSELI,{'Q9N0Y3', 'A1E2I4', 'Q5R5G3', 'Q4ADG6', 'P20591'}
KLTXELI,{'Q9N0Y3', 'A1E2I4', 'Q5R5G3', 'Q4ADG6', 'P20591'}
KLTSXLI,{'Q9N0Y3', 'A1E2I4', 'Q5R5G3', 'Q4ADG6', 'P20591'}
KLTSEXI,{'Q9N0Y3', 'A1E2I4', 'Q5R5G3', 'Q4ADG6', 'P20591'}
KLTSELX,{'Q9N0Y3', 'A1E2I4', 'Q5R5G3', 'Q4ADG6', 'P20591'}
XEGKATI,{'A1E2I4', 'P79135', 'Q6TKS7'}
EXGKATI,{'A1E2I4', 'Q6TKS7', 'P79135', 'Q6DKF0'}
EEXKATI,{'A1E2I4', 'P79135', 'Q6TKS7'}
EEGXATI,{'P33237', 'Q6TKS7', 'A1E2I4', 'P79135', 'Q8JH68', 'P27594', 'Q800G8', 'Q7T2P0'}
EEGKXTI,{'A1E2I4', 'P79135', 'Q6TKS7'}
EEGKAXI,{'A1E2I4', 'P79135', 'Q6TKS7'}
XPCLAER,{'P09922', 'Q28379', 'P18589', 'P18590', 'P79135', 'Q9N0Y2', 'P27594', 'P33237', 'Q9WVP9'}
IXCLAER,{'P27594', 'P33237', 'P79135'}
IPXLAER,{'Q6TKS7', 'Q800G5', 'P79135', 'P27594', 'P33237'}
IPCXAER,{'P27594', 'P33237', 'P79135'}
IPCLXER,{'P27594', 'P33237', 'P79135'}
IPCLAXR,{'P27594', 'P33237', 'P79135'}
IPCLAEX,{'A1E2I4', 'P27594', 'P33237', 'P79135'}
RXTSELI,{'P27594', 'Q4ADG7', 'Q4ADG8', 'P79135'}
RLXSELI,{'P27594', 'Q4ADG7', 'Q4ADG8', 'P79135'}
RLTSXLI,{'P27594', 'Q4ADG7', 'Q4ADG8', 'P79135'}
RLTSEXI,{'P27594', 'Q4ADG7', 'Q4ADG8', 'P79135'}
RLTSELX,{'P27594', 'Q4ADG7', 'Q4ADG8', 'P79135'}
XDGKATV,{'P09922', 'P18589', 'P18590', 'P18588', 'Q9WVP9'}
EDXKATV,{'P09922', 'P18589', 'P18590', 'P18588', 'Q9WVP9'}
EDGXATV,{'P09922', 'P18589', 'P18590', 'P18588', 'Q9WVP9'}
EDGKXTV,{'P09922', 'P18589', 'P18590', 'P18588', 'Q9WVP9'}
EDGKAXV,{'P09922', 'P18589', 'P18590', 'P18588', 'Q9WVP9'}
EDGKATX,{'P09922', 'P18589', 'Q6DKF0', 'P18590', 'P18588', 'Q9WVP9'}
VXCLAER,{'P09922', 'Q28379', 'P18589', 'P18590', 'Q9N0Y2', 'Q9WVP9'}
VPXLAER,{'Q5I2P5', 'P09922', 'Q28379', 'P18589', 'P18590', 'Q9BDI7', 'A7VK00', 'Q9N0Y2', 'P20592', 'Q9WVP9'}
VPCXAER,{'P09922', 'Q28379', 'P18589', 'P18590', 'Q9N0Y2', 'Q9WVP9'}
VPCLXER,{'P09922', 'Q28379', 'P18589', 'P18590', 'Q9N0Y2', 'Q9WVP9'}
VPCLAXR,{'Q4ADG8', 'P09922', 'Q28379', 'P18589', 'P18590', 'Q4ADG7', 'Q9N0Y2', 'P18588', 'Q9WVP9'}
XCCTAKS,{'P09922'}
LXCTAKS,{'P09922'}
LCXTAKS,{'P09922'}
LCCXAKS,{'P09922'}
LCCTXKS,{'P09922'}
LCCTAXS,{'P09922'}
LCCTAKX,{'P09922'}
XAKSKIK,{'P09922'}
TXKSKIK,{'P09922'}
TAXSKIK,{'P09922'}
TAKXKIK,{'P09922'}
TAKSXIK,{'P09922'}
TAKSKXK,{'P09922'}
TAKSKIX,{'P09922'}
XGALAEG,{'Q80U63', 'Q8R4Z9', 'Q811U4'}
GXALAEG,{'Q80U63', 'Q8R4Z9', 'Q811U4'}
GGXLAEG,{'Q80U63', 'Q8R4Z9', 'Q811U4'}
GGAXAEG,{'Q80U63', 'Q8R4Z9', 'Q811U4'}
GGALXEG,{'Q80U63', 'Q8R4Z9', 'Q811U4'}
GGALAXG,{'Q80U63', 'Q8R4Z9', 'Q811U4'}
GGALAEX,{'Q80U63', 'Q8R4Z9', 'Q811U4'}
XGFQARL,{'Q8R4Z9', 'Q811U4'}
EXFQARL,{'Q8R4Z9', 'Q811U4'}
EGXQARL,{'Q8R4Z9', 'Q811U4'}
EGFXARL,{'Q8R4Z9', 'Q811U4'}
EGFQXRL,{'Q8R4Z9', 'Q811U4'}
EGFQAXL,{'Q8R4Z9', 'Q811U4'}
EGFQARX,{'Q8R4Z9', 'Q811U4'}
XRFSLGW,{'Q8R4Z9', 'Q811U4'}
FXFSLGW,{'Q80U63', 'Q8R4Z9', 'Q811U4'}
FRXSLGW,{'Q8R4Z9', 'Q811U4'}
FRFXLGW,{'Q8R4Z9', 'Q811U4'}
FRFSXGW,{'Q8R4Z9', 'Q811U4'}
FRFSLXW,{'Q8R4Z9', 'Q811U4'}
FRFSLGX,{'Q8R4Z9', 'Q811U4'}
XGWSSLV,{'Q8R4Z9', 'Q811U4'}
LXWSSLV,{'Q8R4Z9', 'Q811U4'}
LGXSSLV,{'Q8R4Z9', 'Q811U4'}
LGWXSLV,{'Q8R4Z9', 'Q811U4'}
LGWSXLV,{'Q8R4Z9', 'Q811U4'}
LGWSSXV,{'Q8R4Z9', 'Q811U4'}
LGWSSLX,{'Q8R4Z9', 'Q811U4'}
XWSSLVH,{'Q8R4Z9', 'Q811U4'}
GXSSLVH,{'Q8R4Z9', 'Q811U4'}
GWXSLVH,{'Q8R4Z9', 'Q811U4'}
GWSXLVH,{'Q8R4Z9', 'Q811U4'}
GWSSXVH,{'Q8R4Z9', 'Q811U4'}
GWSSLXH,{'Q8R4Z9', 'Q811U4'}
GWSSLVX,{'Q8R4Z9', 'Q811U4'}
XLGSTNA,{'Q8R4Z9', 'Q811U4'}
FXGSTNA,{'Q8R4Z9', 'Q811U4'}
FLXSTNA,{'Q8R4Z9', 'Q811U4'}
FLGXTNA,{'Q8R4Z9', 'Q811U4'}
FLGSXNA,{'Q8R4Z9', 'Q811U4'}
FLGSTXA,{'Q8R4Z9', 'Q811U4'}
FLGSTNX,{'Q8R4Z9', 'Q811U4'}
XYLTAPN,{'P32266'}
KXLTAPN,{'P32266'}
KYXTAPN,{'P32266'}
KYLXAPN,{'P32266'}
KYLTXPN,{'P32266'}
KYLTAXN,{'P32266'}
KYLTAPX,{'P32266'}
XIILAIS,{'P32266'}
NXILAIS,{'P32266'}
NIXLAIS,{'P32266'}
NIIXAIS,{'P32266'}
NIILXIS,{'P32266'}
NIILAXS,{'P32266'}
NIILAIX,{'P32266'}
XIVSHQF,{'P32266'}
QXVSHQF,{'P32266'}
QIXSHQF,{'P32266'}
QIVXHQF,{'P32266'}
QIVSXQF,{'P32266'}
QIVSHXF,{'P32266'}
QIVSHQX,{'P32266'}
XFEKAYF,{'P32266'}
QXEKAYF,{'P32266'}
QFXKAYF,{'P32266'}
QFEXAYF,{'P32266'}
QFEKXYF,{'P32266'}
QFEKAXF,{'P32266'}
QFEKAYX,{'P32266'}
XQVSTKK,{'P32266'}
CXVSTKK,{'P32266'}
CQXSTKK,{'P32266'}
CQVXTKK,{'P32266'}
CQVSXKK,{'P32266'}
CQVSTXK,{'P32266'}
CQVSTKX,{'P32266'}
XKISRHI,{'P32266'}
PXISRHI,{'P32266'}
PKXSRHI,{'P32266'}
PKIXRHI,{'P32266'}
PKISXHI,{'P32266'}
PKISRXI,{'P32266'}
PKISRHX,{'P32266'}
XEGRATI,{'P27594', 'P33237'}
EXGRATI,{'P27594', 'P33237'}
EEXRATI,{'P27594', 'P33237'}
EEGRXTI,{'P27594', 'P33237'}
EEGRAXI,{'P27594', 'P33237'}
EEGRATX,{'Q4ADG8', 'Q9N0Y3', 'Q4ADG6', 'Q4ADG7', 'P27594', 'P33237'}
XENKATI,{'Q90597'}
DXNKATI,{'P33238', 'Q90597'}
DEXKATI,{'Q90597'}
DENXATI,{'Q90597'}
DENKXTI,{'Q90597'}
DENKAXI,{'Q90597'}
DENKATX,{'Q90597'}
XPHLANK,{'Q90597'}
IXHLANK,{'Q90597'}
IPXLANK,{'Q90597'}
IPHXANK,{'Q90597'}
IPHLXNK,{'Q90597'}
IPHLAXK,{'P33238', 'Q90597'}
IPHLANX,{'Q90597'}
GXISQEE,{'Q9EQP2'}
GLXSQEE,{'Q9EQP2'}
GLIXQEE,{'Q9EQP2'}
GLISXEE,{'Q9EQP2'}
GLISQXE,{'Q9EQP2'}
GLISQEX,{'Q9EQP2'}
XMGSEYL,{'Q9FNX5', 'Q84XF3', 'Q8LF21', 'Q8S3C9'}
RXGSEYL,{'Q84XF3', 'Q8LF21', 'Q8S3C9'}
RMXSEYL,{'Q84XF3', 'Q8LF21', 'Q8S3C9'}
RMGXEYL,{'Q84XF3', 'Q8LF21', 'Q8S3C9'}
RMGSXYL,{'Q84XF3', 'Q8LF21', 'Q8S3C9'}
RMGSEXL,{'Q39821', 'Q84XF3', 'Q8LF21', 'Q8S3C9'}
RMGSEYX,{'Q84XF3', 'Q8LF21', 'Q8S3C9'}
XMLSKHL,{'Q84XF3', 'Q39821', 'P42697'}
KXLSKHL,{'Q39821', 'Q84XF3', 'Q9FNX5', 'P42697'}
KMXSKHL,{'Q84XF3', 'Q39821', 'P42697'}
KMLXKHL,{'Q84XF3', 'Q39821', 'P42697'}
KMLSXHL,{'Q84XF3', 'Q39821', 'P42697'}
KMLSKXL,{'Q84XF3', 'Q39821', 'P42697'}
KMLSKHX,{'Q84XF3', 'Q39821', 'P42697'}
XIKSRIP,{'Q84XF3'}
VXKSRIP,{'Q84XF3'}
VIXSRIP,{'Q84XF3'}
VIKXRIP,{'Q84XF3'}
VIKSXIP,{'Q84XF3'}
VIKSRXP,{'Q84XF3'}
VIKSRIX,{'Q84XF3'}
XLQSLIT,{'Q84XF3'}
GXQSLIT,{'Q84XF3'}
GLXSLIT,{'Q84XF3'}
GLQXLIT,{'Q84XF3'}
GLQSXIT,{'Q84XF3'}
GLQSLXT,{'Q84XF3'}
GLQSLIX,{'Q84XF3'}
XIQSLRK,{'P87320'}
GXQSLRK,{'P87320'}
GIXSLRK,{'P87320'}
GIQXLRK,{'P87320'}
GIQSXRK,{'P87320'}
GIQSLXK,{'P87320'}
GIQSLRX,{'P87320'}
XEGRATV,{'Q9N0Y3', 'Q4ADG6', 'Q4ADG8', 'Q4ADG7'}
EXGRATV,{'Q9N0Y3', 'Q4ADG6', 'Q4ADG8', 'Q4ADG7'}
EEXRATV,{'Q9N0Y3', 'Q4ADG6', 'Q4ADG8', 'Q4ADG7'}
EEGRXTV,{'Q9N0Y3', 'Q4ADG6', 'Q4ADG8', 'Q4ADG7'}
EEGRAXV,{'Q4ADG8', 'Q9N0Y3', 'Q28379', 'Q4ADG6', 'Q4ADG7'}
XPCLADR,{'Q4ADG8', 'Q4ADG7'}
VXCLADR,{'Q4ADG8', 'Q4ADG7'}
VPXLADR,{'Q4ADG8', 'Q4ADG7'}
VPCXADR,{'Q4ADG8', 'Q4ADG7'}
VPCLXDR,{'Q4ADG8', 'Q4ADG7'}
VPCLADX,{'Q4ADG6', 'Q4ADG8', 'Q4ADG7'}
IXCLAEK,{'A1E2I4'}
IPXLAEK,{'Q4U4N4', 'Q91196', 'A1E2I4', 'Q91197', 'Q91192', 'Q8JH68', 'Q800G8', 'Q7T2P0'}
IPCXAEK,{'A1E2I4'}
IPCLXEK,{'A1E2I4'}
IPCLAXK,{'A1E2I4'}
DXGKATV,{'Q5I2P5', 'Q9BDI7'}
DEXKATV,{'Q5I2P5', 'Q9BDI7'}
DEGXATV,{'Q5I2P5', 'Q9BDI7'}
DEGKXTV,{'Q5I2P5', 'Q9BDI7'}
DEGKAXV,{'Q5I2P5', 'Q9BDI7'}
DEGKATX,{'Q5I2P5', 'Q9BDI7'}
XPLLAER,{'Q5I2P5', 'Q800G5', 'Q9BDI7', 'Q6TKS7'}
VXLLAER,{'Q5I2P5', 'Q9BDI7'}
VPLXAER,{'Q5I2P5', 'Q9BDI7'}
VPLLXER,{'Q5I2P5', 'Q9BDI7'}
VPLLAXR,{'Q5I2P5', 'Q9BDI7'}
VPLLAEX,{'Q5I2P5', 'Q9BDI7'}
XIPSDEG,{'Q9BDI7'}
DXPSDEG,{'Q9BDI7'}
DIXSDEG,{'Q9BDI7'}
DIPXDEG,{'Q9BDI7'}
DIPSXEG,{'Q5I2P5', 'Q9BDI7'}
DIPSDXG,{'Q9BDI7'}
DIPSDEX,{'Q9BDI7'}
XVQKAMM,{'Q9BDI7'}
KXQKAMM,{'Q9BDI7'}
KVXKAMM,{'Q9BDI7'}
KVQXAMM,{'Q9BDI7'}
KVQKXMM,{'Q9BDI7'}
KVQKAXM,{'Q9BDI7'}
KVQKAMX,{'Q9BDI7'}
XQNKATI,{'P33238'}
DQXKATI,{'P33238'}
DQNXATI,{'P33238'}
DQNKXTI,{'P33238'}
DQNKAXI,{'P33238'}
DQNKATX,{'P33238'}
XPHLAMK,{'P33238'}
IXHLAMK,{'P33238'}
IPXLAMK,{'P33238'}
IPHXAMK,{'P33238'}
IPHLXMK,{'P33238'}
IPHLAMX,{'P33238'}
XEGQATV,{'Q6PW23'}
NXGQATV,{'Q6PW23'}
NEXQATV,{'Q6PW23'}
NEGXATV,{'Q6PW23', 'Q6TN15'}
NEGQXTV,{'Q6PW23'}
NEGQAXV,{'Q6PW23'}
NEGQATX,{'Q6PW23'}
XPKLAEK,{'Q6PW23', 'Q91196', 'Q000A9', 'Q6TN15', 'P20593', 'Q91197', 'Q91192', 'Q8JH68', 'Q2KTC2', 'Q800G8'}
VXKLAEK,{'Q6PW23', 'Q000A9', 'Q6TN15', 'P20593', 'Q2KTC2'}
VPKXAEK,{'Q6PW23', 'Q000A9', 'Q6TN15', 'P20593', 'Q2KTC2'}
VPKLXEK,{'Q6PW23', 'Q000A9', 'Q6TN15', 'P20593', 'Q2KTC2'}
VPKLAXK,{'Q6PW23', 'Q000A9', 'Q6TN15', 'P20593', 'Q2KTC2'}
VPKLAEX,{'Q6PW23', 'Q000A9', 'Q6TN15', 'P20593', 'Q2KTC2'}
XDGHATV,{'Q2KTC2', 'Q000A9', 'P20593'}
NXGHATV,{'Q2KTC2', 'Q000A9', 'Q6TN15', 'P20593'}
NDXHATV,{'Q2KTC2', 'Q000A9', 'P20593'}
NDGXATV,{'Q2KTC2', 'Q000A9', 'P20593'}
NDGHXTV,{'Q2KTC2', 'Q000A9', 'P20593'}
NDGHAXV,{'Q2KTC2', 'Q000A9', 'P20593'}
NDGHATX,{'Q2KTC2', 'Q000A9', 'P20593'}
XSLSDRK,{'Q000A9'}
SXLSDRK,{'Q000A9'}
SSXSDRK,{'Q000A9'}
SSLXDRK,{'Q000A9'}
SSLSXRK,{'Q000A9'}
SSLSDXK,{'Q000A9'}
SSLSDRX,{'Q000A9'}
XVDSDQG,{'Q000A9'}
EXDSDQG,{'Q000A9'}
EVXSDQG,{'Q000A9'}
EVDXDQG,{'Q000A9'}
EVDSXQG,{'Q000A9'}
EVDSDXG,{'Q000A9'}
EVDSDQX,{'Q000A9'}
XDGQATV,{'Q5U752'}
DXGQATV,{'Q5U752'}
DDXQATV,{'Q5U752'}
DDGXATV,{'Q5U752'}
DDGQXTV,{'Q5U752'}
DDGQAXV,{'Q5U752'}
DDGQATX,{'Q5U752'}
XPRLAEK,{'Q5U752'}
VXRLAEK,{'Q5U752'}
VPRXAEK,{'Q5U752'}
VPRLXEK,{'Q5U752'}
VPRLAXK,{'Q5U752'}
VPRLAEX,{'Q5U752', 'A7VK00', 'P20592'}
XEGFATI,{'Q8JH68', 'Q800G8'}
EXGFATI,{'Q8JH68', 'Q800G8'}
EEXFATI,{'Q8JH68', 'Q800G8'}
EEGFXTI,{'Q8JH68', 'Q800G8'}
EEGFAXI,{'Q8JH68', 'Q800G8'}
EEGFATX,{'Q8JH68', 'Q800G8'}
IXKLAEK,{'Q91196', 'Q91197', 'Q91192', 'Q8JH68', 'Q800G8'}
IPKXAEK,{'Q91196', 'Q91197', 'Q91192', 'Q8JH68', 'Q800G8'}
IPKLXEK,{'Q91196', 'Q91197', 'Q91192', 'Q8JH68', 'Q800G8'}
IPKLAXK,{'Q91196', 'Q91197', 'Q91192', 'Q8JH68', 'Q800G8'}
IPKLAEX,{'Q91196', 'Q91197', 'Q91192', 'Q8JH68', 'Q800G8'}
XLRSKEK,{'Q800G8'}
LXRSKEK,{'Q800G8'}
LLXSKEK,{'Q800G8'}
LLRXKEK,{'Q800G8'}
LLRSXEK,{'Q800G8'}
LLRSKXK,{'Q800G8'}
LLRSKEX,{'Q800G8'}
XDGKATI,{'Q6DKF0'}
EDXKATI,{'Q800G5', 'Q6DKF0'}
EDGXATI,{'Q6DKF0'}
EDGKXTI,{'Q6DKF0'}
EDGKAXI,{'Q6DKF0'}
XPCLADK,{'Q4ADG6'}
VXCLADK,{'Q4ADG6'}
VPXLADK,{'Q4ADG6'}
VPCXADK,{'Q4ADG6'}
VPCLXDK,{'Q4ADG6'}
XNRKATI,{'Q4U4N4'}
DXRKATI,{'Q4U4N4'}
DNXKATI,{'Q4U4N4'}
DNRXATI,{'Q4U4N4'}
DNRKXTI,{'Q4U4N4'}
DNRKAXI,{'Q4U4N4'}
DNRKATX,{'Q4U4N4'}
XPNLAEK,{'Q9N0Y3', 'Q4U4N4', 'Q7T2P0'}
IXNLAEK,{'Q4U4N4', 'Q7T2P0'}
IPNXAEK,{'Q4U4N4', 'Q7T2P0'}
IPNLXEK,{'Q4U4N4', 'Q7T2P0'}
IPNLAXK,{'Q4U4N4', 'Q7T2P0'}
IPNLAEX,{'Q4U4N4', 'Q7T2P0'}
XDEHAHF,{'Q6TKS7'}
FXEHAHF,{'Q6TKS7'}
FDXHAHF,{'Q6TKS7'}
FDEXAHF,{'Q6TKS7'}
FDEHXHF,{'Q6TKS7'}
FDEHAXF,{'Q6TKS7'}
FDEHAHX,{'Q6TKS7'}
XFRSLLE,{'Q6TKS7'}
HXRSLLE,{'Q6TKS7'}
HFXSLLE,{'Q6TKS7'}
HFRXLLE,{'Q6TKS7'}
HFRSXLE,{'Q6TKS7'}
HFRSLXE,{'Q6TKS7'}
HFRSLLX,{'Q6TKS7'}
IXLLAER,{'Q800G5', 'Q6TKS7'}
IPLXAER,{'Q800G5', 'Q6TKS7'}
IPLLXER,{'Q800G5', 'Q6TKS7'}
IPLLAXR,{'Q800G5', 'Q6TKS7'}
IPLLAEX,{'Q800G5', 'Q6TKS7'}
XQFRALL,{'P18589'}
PXFRALL,{'P18589'}
PQXRALL,{'P18589'}
PQFXALL,{'P18589'}
PQFRXLL,{'P18589'}
PQFRAXL,{'P18589'}
PQFRALX,{'P18589'}
XEGRASV,{'Q28379'}
EXGRASV,{'Q28379'}
EEXRASV,{'Q28379'}
EEGXASV,{'Q28379'}
EEGRXSV,{'Q28379'}
EEGRASX,{'Q28379'}
XRASVPC,{'Q28379'}
GXASVPC,{'Q28379'}
GRXSVPC,{'Q28379'}
GRAXVPC,{'Q28379'}
GRASXPC,{'Q28379'}
GRASVXC,{'Q28379'}
GRASVPX,{'Q28379'}
XEGMATI,{'Q7T2P0'}
EXGMATI,{'Q7T2P0'}
EEXMATI,{'Q7T2P0'}
EEGMXTI,{'Q7T2P0'}
EEGMAXI,{'Q7T2P0'}
EEGMATX,{'Q7T2P0'}
XPCLAKR,{'P18588'}
VXCLAKR,{'P18588'}
VPXLAKR,{'P18588'}
VPCXAKR,{'P18588'}
VPCLXKR,{'P18588'}
VPCLAKX,{'P18588'}
XRLTAEL,{'Q9WVP9'}
EXLTAEL,{'Q9WVP9'}
ERXTAEL,{'Q9WVP9'}
ERLXAEL,{'Q9WVP9'}
ERLTXEL,{'Q9WVP9'}
ERLTAXL,{'Q9WVP9'}
ERLTAEX,{'Q9WVP9'}
XEGHATI,{'Q91197', 'Q91192', 'Q91196'}
DXGHATI,{'Q91197', 'Q91192', 'Q91196'}
DEXHATI,{'Q91197', 'Q91192', 'Q91196'}
DEGXATI,{'Q91197', 'Q91192', 'Q91196'}
DEGHXTI,{'Q91197', 'Q91192', 'Q91196'}
DEGHAXI,{'Q91197', 'Q91192', 'Q91196'}
DEGHATX,{'Q91197', 'Q91192', 'Q91196'}
XPRLAER,{'P20592', 'A7VK00'}
VXRLAER,{'P20592', 'A7VK00'}
VPRXAER,{'P20592', 'A7VK00'}
VPRLXER,{'P20592', 'A7VK00'}
VPRLAXR,{'P20592', 'A7VK00'}
XLCGASV,{'A7VK00'}
RXCGASV,{'A7VK00'}
RLXGASV,{'A7VK00'}
RLCXASV,{'A7VK00'}
RLCGXSV,{'A7VK00'}
RLCGAXV,{'A7VK00'}
RLCGASX,{'A7VK00'}
XGASVPS,{'A7VK00'}
CXASVPS,{'A7VK00'}
CGXSVPS,{'A7VK00'}
CGAXVPS,{'A7VK00'}
CGASXPS,{'A7VK00'}
CGASVXS,{'A7VK00'}
CGASVPX,{'A7VK00'}
XVPSNDA,{'A7VK00'}
SXPSNDA,{'A7VK00'}
SVXSNDA,{'A7VK00'}
SVPXNDA,{'A7VK00'}
SVPSXDA,{'A7VK00'}
SVPSNXA,{'A7VK00'}
SVPSNDX,{'A7VK00'}
XSNDADK,{'A7VK00'}
PXNDADK,{'A7VK00'}
PSXDADK,{'A7VK00'}
PSNXADK,{'A7VK00'}
PSNDXDK,{'A7VK00'}
PSNDAXK,{'A7VK00'}
PSNDADX,{'A7VK00'}
XDRKATI,{'Q800G5'}
EXRKATI,{'Q800G5'}
EDRXATI,{'Q800G5'}
EDRKXTI,{'Q800G5'}
EDRKAXI,{'Q800G5'}
EDRKATX,{'Q800G5'}
VXNLAEK,{'Q9N0Y3'}
VPNXAEK,{'Q9N0Y3'}
VPNLXEK,{'Q9N0Y3'}
VPNLAXK,{'Q9N0Y3'}
VPNLAEX,{'Q9N0Y3'}
XLQKAME,{'P20592'}
MXQKAME,{'P20592'}
MLXKAME,{'P20592'}
MLQXAME,{'P20592'}
MLQKXME,{'P20592'}
MLQKAXE,{'P20592'}
MLQKAMX,{'P20592'}
XIQQAFI,{'P20592'}
IXQQAFI,{'P20592'}
IIXQAFI,{'P20592'}
IIQXAFI,{'P20592'}
IIQQXFI,{'P20592'}
IIQQAXI,{'P20592'}
IIQQAFX,{'P20592'}
XINVAKK,{'P20592'}
FXNVAKK,{'P20592'}
FIXVAKK,{'P20592'}
FINXAKK,{'P20592'}
FINVXKK,{'P20592'}
FINVAXK,{'P20592'}
FINVAKX,{'P20592'}
XEGHATV,{'Q6TN15'}
NEXHATV,{'Q6TN15'}
NEGHXTV,{'Q6TN15'}
NEGHAXV,{'Q6TN15'}
NEGHATX,{'Q6TN15'}
XIPSNEG,{'Q5I2P5'}
DXPSNEG,{'Q5I2P5'}
DIXSNEG,{'Q5I2P5'}
DIPXNEG,{'Q5I2P5'}
DIPSNXG,{'Q5I2P5'}
DIPSNEX,{'Q5I2P5'}
XHFSLGW,{'Q80U63'}
FHXSLGW,{'Q80U63'}
FHFXLGW,{'Q80U63'}
FHFSXGW,{'Q80U63'}
FHFSLXW,{'Q80U63'}
FHFSLGX,{'Q80U63'}
XEVEAFK,{'Q8BZ98', 'Q08877'}
HXVEAFK,{'Q8BZ98', 'Q08877'}
HEXEAFK,{'Q8BZ98', 'Q08877'}
HEVXAFK,{'Q8BZ98', 'Q08877'}
HEVEXFK,{'Q8BZ98', 'Q08877'}
HEVEAFX,{'Q8BZ98', 'Q08877'}
XLYSSED,{'Q8BZ98'}
QXYSSED,{'Q8BZ98'}
QLXSSED,{'Q8BZ98'}
QLYXSED,{'Q8BZ98'}
QLYSXED,{'Q8BZ98'}
QLYSSXD,{'Q8BZ98'}
QLYSSEX,{'Q8BZ98'}
XYSSEDQ,{'Q8BZ98'}
LXSSEDQ,{'Q8BZ98'}
LYXSEDQ,{'Q8BZ98'}
LYSXEDQ,{'Q8BZ98'}
LYSSXDQ,{'Q8BZ98'}
LYSSEXQ,{'Q8BZ98'}
LYSSEDX,{'Q8BZ98'}
XINTATV,{'Q8BZ98'}
DXNTATV,{'Q8BZ98'}
DIXTATV,{'Q8BZ98'}
DINXATV,{'Q8BZ98'}
DINTXTV,{'Q8BZ98'}
DINTAXV,{'Q8BZ98'}
DINTATX,{'Q8BZ98'}
XTVSTPA,{'Q8BZ98'}
AXVSTPA,{'Q8BZ98'}
ATXSTPA,{'Q8BZ98'}
ATVXTPA,{'Q8BZ98'}
ATVSXPA,{'Q8BZ98'}
ATVSTXA,{'Q8BZ98'}
ATVSTPX,{'Q8BZ98'}
XSTPAPP,{'Q8BZ98'}
VXTPAPP,{'Q8BZ98'}
VSXPAPP,{'Q8BZ98'}
VSTXAPP,{'Q8BZ98'}
VSTPXPP,{'Q8BZ98'}
VSTPAXP,{'Q8BZ98'}
VSTPAPX,{'Q8BZ98'}
XDDSWLQ,{'Q8BZ98', 'Q08877'}
VXDSWLQ,{'Q8BZ98', 'Q08877'}
VDXSWLQ,{'Q8BZ98', 'Q08877'}
VDDXWLQ,{'Q8BZ98', 'Q08877'}
VDDSXLQ,{'Q8BZ98', 'Q08877'}
VDDSWLX,{'Q8BZ98', 'Q08877'}
LXHSRRS,{'Q8BZ98', 'Q08877'}
LQXSRRS,{'Q8BZ98', 'Q08877'}
LQHXRRS,{'Q8BZ98', 'Q08877'}
LQHSXRS,{'Q8BZ98', 'Q08877'}
LQHSRXS,{'Q8BZ98', 'Q08877'}
LQHSRRX,{'Q8BZ98', 'Q08877'}
XMGSEHL,{'Q39821', 'P42697'}
KXGSEHL,{'P42697'}
KMXSEHL,{'P42697'}
KMGXEHL,{'P42697'}
KMGSXHL,{'P42697'}
KMGSEXL,{'Q9FNX5', 'P42697'}
KMGSEHX,{'P42697'}
XEHLAKM,{'Q39821', 'P42697'}
SXHLAKM,{'Q39821', 'P42697'}
SEXLAKM,{'Q39821', 'P42697'}
SEHXAKM,{'Q39821', 'P42697'}
SEHLXKM,{'Q39821', 'P42697'}
SEHLAXM,{'Q39821', 'P42697'}
SEHLAKX,{'Q39821', 'P42697'}
XTVHAIL,{'P42697'}
DXVHAIL,{'P42697'}
DTXHAIL,{'P42697'}
DTVXAIL,{'P42697'}
DTVHXIL,{'P42697'}
DTVHAXL,{'P42697'}
DTVHAIX,{'P42697'}
XHKSVNE,{'P42697'}
VXKSVNE,{'P42697'}
VHXSVNE,{'P42697'}
VHKXVNE,{'P42697'}
VHKSXNE,{'P42697'}
VHKSVXE,{'P42697'}
VHKSVNX,{'P42697'}
XVLSLID,{'Q9ZP55'}
PXLSLID,{'Q9ZP55'}
PVXSLID,{'Q9ZP55'}
PVLXLID,{'Q9ZP55'}
PVLSXID,{'Q9ZP55'}
PVLSLXD,{'Q9ZP55'}
PVLSLIX,{'Q9ZP55'}
XPVLAQK,{'Q9ZP55'}
IXVLAQK,{'Q9ZP55'}
IPXLAQK,{'Q9ZP55'}
IPVXAQK,{'Q9ZP55'}
IPVLXQK,{'Q9ZP55'}
IPVLAXK,{'Q9ZP55'}
IPVLAQX,{'Q9ZP55'}
XIQSSMI,{'Q9ZP55'}
LXQSSMI,{'Q9ZP55'}
LIXSSMI,{'Q9ZP55'}
LIQXSMI,{'Q9ZP55'}
LIQSXMI,{'Q9ZP55'}
LIQSSXI,{'Q9ZP55'}
LIQSSMX,{'Q9ZP55'}
XQSSMIA,{'Q9ZP55'}
IXSSMIA,{'Q9ZP55'}
IQXSMIA,{'Q9ZP55'}
IQSXMIA,{'Q9ZP55'}
IQSSXIA,{'Q9ZP55'}
IQSSMXA,{'Q9ZP55'}
IQSSMIX,{'Q9ZP55'}
XSMIARC,{'Q9ZP55'}
SXMIARC,{'Q9ZP55'}
SSXIARC,{'Q9ZP55'}
SSMXARC,{'Q9ZP55'}
SSMIXRC,{'Q9ZP55'}
SSMIAXC,{'Q9ZP55'}
SSMIARX,{'Q9ZP55'}
XEYLAKL,{'Q9FNX5', 'Q8LF21', 'Q8S3C9'}
SXYLAKL,{'Q9FNX5', 'Q8LF21', 'Q8S3C9'}
SEXLAKL,{'Q9FNX5', 'Q8LF21', 'Q8S3C9'}
SEYXAKL,{'Q9FNX5', 'Q8LF21', 'Q8S3C9'}
SEYLXKL,{'Q9FNX5', 'Q8LF21', 'Q8S3C9'}
SEYLAXL,{'Q9FNX5', 'Q8LF21', 'Q8S3C9'}
SEYLAKX,{'Q9FNX5', 'Q8LF21', 'Q8S3C9'}
XLLSQHL,{'Q8LF21'}
KXLSQHL,{'Q8LF21'}
KLXSQHL,{'Q8LF21'}
KLLXQHL,{'Q8LF21'}
KLLSXHL,{'Q9FNX5', 'Q8LF21'}
KLLSQXL,{'Q8LF21'}
KLLSQHX,{'Q8LF21'}
KXGSEYL,{'Q9FNX5'}
KMXSEYL,{'Q9FNX5'}
KMGXEYL,{'Q9FNX5'}
KMGSXYL,{'Q9FNX5'}
KMGSEYX,{'Q9FNX5'}
XLLSKHL,{'Q9FNX5'}
KLXSKHL,{'Q9FNX5'}
KLLXKHL,{'Q9FNX5'}
KLLSKXL,{'Q9FNX5', 'Q8S3C9'}
KLLSKHX,{'Q9FNX5'}
XLESVIR,{'Q9FNX5', 'Q8S3C9'}
HXESVIR,{'Q9FNX5'}
HLXSVIR,{'Q9FNX5'}
HLEXVIR,{'Q9FNX5'}
HLESXIR,{'Q9FNX5'}
HLESVXR,{'Q9FNX5'}
HLESVIX,{'Q9FNX5'}
XLPSGLD,{'P27619'}
WXPSGLD,{'P27619'}
WLXSGLD,{'P27619'}
WLPXGLD,{'P27619'}
WLPSXLD,{'P27619'}
WLPSGXD,{'P27619'}
WLPSGLX,{'P27619'}
XRLSPPS,{'P27619'}
PXLSPPS,{'P27619'}
PRXSPPS,{'P27619'}
PRLXPPS,{'P27619'}
PRLSXPS,{'P27619'}
PRLSPXS,{'P27619'}
PRLSPPX,{'P27619'}
XPQLAKK,{'Q8LFT2'}
VXQLAKK,{'Q8LFT2'}
VPXLAKK,{'Q8LFT2'}
VPQXAKK,{'Q8LFT2'}
VPQLXKK,{'Q8LFT2'}
VPQLAXK,{'Q8LFT2'}
VPQLAKX,{'Q8LFT2'}
XLLSKLL,{'Q8S3C9'}
KXLSKLL,{'Q8S3C9'}
KLXSKLL,{'Q8S3C9'}
KLLXKLL,{'Q8S3C9'}
KLLSXLL,{'Q8S3C9'}
KLLSKLX,{'Q8S3C9'}
LXESVIR,{'Q8S3C9'}
LLXSVIR,{'Q8S3C9'}
LLEXVIR,{'Q8S3C9'}
LLESXIR,{'Q8S3C9'}
LLESVXR,{'Q8S3C9'}
LLESVIX,{'Q8S3C9'}
XLTGAPQ,{'Q9SE83', 'Q9LQ55'}
IXTGAPQ,{'Q9SE83', 'Q9LQ55'}
ILXGAPQ,{'Q9SE83', 'Q9LQ55'}
ILTXAPQ,{'Q9SE83', 'Q9LQ55'}
ILTGXPQ,{'Q9SE83', 'Q9LQ55'}
ILTGAXQ,{'Q9SE83', 'Q9LQ55'}
ILTGAPX,{'Q9SE83', 'Q9LQ55'}
XPQSKLG,{'Q9SE83', 'Q9LQ55'}
AXQSKLG,{'Q9SE83', 'Q9LQ55'}
APXSKLG,{'Q9SE83', 'Q9LQ55'}
APQXKLG,{'Q9SE83', 'Q9LQ55'}
APQSXLG,{'Q9SE83', 'Q9LQ55'}
APQSKXG,{'Q9SE83', 'Q9LQ55'}
APQSKLX,{'Q9SE83', 'Q9LQ55'}
XGRIALV,{'Q9SE83', 'Q9LQ55'}
LXRIALV,{'Q9SE83', 'Q9LQ55'}
LGXIALV,{'Q9SE83', 'Q9LQ55'}
LGRXALV,{'Q9SE83', 'Q9LQ55'}
LGRIXLV,{'Q9SE83', 'Q9LQ55'}
LGRIAXV,{'Q9SE83', 'Q9LQ55'}
LGRIALX,{'Q9SE83', 'Q9LQ55'}
XEGSLDK,{'Q9SE83'}
SXGSLDK,{'Q9SE83'}
SEXSLDK,{'Q9SE83'}
SEGXLDK,{'Q9SE83'}
SEGSXDK,{'Q9SE83'}
SEGSLXK,{'Q9SE83'}
SEGSLDX,{'Q9SE83'}
XDNSGTE,{'Q9SE83', 'Q9LQ55'}
SXNSGTE,{'Q9SE83', 'Q9LQ55'}
SDXSGTE,{'Q9SE83', 'Q9LQ55'}
SDNXGTE,{'Q9SE83', 'Q9LQ55'}
SDNSXTE,{'Q9SE83', 'Q9LQ55'}
SDNSGXE,{'Q9SE83', 'Q9LQ55'}
SDNSGTX,{'Q9SE83', 'Q9LQ55'}
XTESSPR,{'Q9SE83', 'Q9LQ55'}
GXESSPR,{'Q9SE83', 'Q9LQ55'}
GTXSSPR,{'Q9SE83', 'Q9LQ55'}
GTEXSPR,{'Q9SE83', 'Q9LQ55'}
GTESXPR,{'Q9SE83', 'Q9LQ55'}
GTESSXR,{'Q9SE83', 'Q9LQ55'}
GTESSPX,{'Q9SE83', 'Q9LQ55'}
XESSPRA,{'Q9SE83'}
TXSSPRA,{'Q9SE83'}
TEXSPRA,{'Q9SE83'}
TESXPRA,{'Q9SE83'}
TESSXRA,{'Q9SE83'}
TESSPXA,{'Q9SE83'}
TESSPRX,{'Q9SE83', 'Q9LQ55'}
XSPRASG,{'Q9SE83'}
SXPRASG,{'Q9SE83'}
SSXRASG,{'Q9SE83'}
SSPXASG,{'Q9SE83'}
SSPRXSG,{'Q9SE83'}
SSPRAXG,{'Q9SE83'}
SSPRASX,{'Q9SE83'}
XRASGGS,{'Q9SE83'}
PXASGGS,{'Q9SE83'}
PRXSGGS,{'Q9SE83'}
PRAXGGS,{'Q9SE83'}
PRASXGS,{'Q9SE83'}
PRASGXS,{'Q9SE83'}
PRASGGX,{'Q9SE83'}
XGGSSGD,{'Q9SE83'}
SXGSSGD,{'Q9SE83'}
SGXSSGD,{'Q9SE83'}
SGGXSGD,{'Q9SE83'}
SGGSXGD,{'Q9SE83'}
SGGSSXD,{'Q9SE83'}
SGGSSGX,{'Q9SE83'}
XGSSGDD,{'Q9SE83'}
GXSSGDD,{'Q9SE83'}
GGXSGDD,{'Q9SE83'}
GGSXGDD,{'Q9SE83'}
GGSSXDD,{'Q9SE83'}
GGSSGXD,{'Q9SE83', 'Q9LQ55'}
GGSSGDX,{'Q9SE83'}
XEKSKED,{'Q9LQ55'}
VXKSKED,{'Q9LQ55'}
VEXSKED,{'Q9LQ55'}
VEKXKED,{'Q9LQ55'}
VEKSXED,{'Q9LQ55'}
VEKSKXD,{'Q9LQ55'}
VEKSKEX,{'Q9LQ55'}
XESSPRT,{'Q9LQ55'}
TXSSPRT,{'Q9LQ55'}
TEXSPRT,{'Q9LQ55'}
TESXPRT,{'Q9LQ55'}
TESSXRT,{'Q9LQ55'}
TESSPXT,{'Q9LQ55'}
XGGSSGE,{'Q9LQ55'}
NXGSSGE,{'Q9LQ55'}
NGXSSGE,{'Q9LQ55'}
NGGXSGE,{'Q9LQ55'}
NGGSXGE,{'Q9LQ55'}
NGGSSXE,{'Q9LQ55'}
NGGSSGX,{'Q9LQ55'}
XGSSGED,{'Q9LQ55'}
GXSSGED,{'Q9LQ55'}
GGXSGED,{'Q9LQ55'}
GGSXGED,{'Q9LQ55'}
GGSSXED,{'Q9LQ55'}
GGSSGEX,{'Q9LQ55'}
XEDLAAL,{'Q2TA68', 'Q5RAM3', 'O60313'}
EXDLAAL,{'Q2TA68', 'Q5RAM3', 'O60313'}
EEXLAAL,{'Q2TA68', 'Q5RAM3', 'O60313'}
EEDXAAL,{'Q2TA68', 'Q5RAM3', 'O60313'}
EEDLXAL,{'Q2TA68', 'Q5RAM3', 'O60313'}
EEDLAXL,{'Q2TA68', 'Q5RAM3', 'O60313'}
EEDLAAX,{'Q2TA68', 'Q5RAM3', 'O60313'}
XMLKAHQ,{'O93248', 'Q2TA68', 'O60313', 'Q5F499', 'Q5U3A7', 'Q5RAM3'}
SXLKAHQ,{'Q2TA68', 'Q5RAM3', 'O60313', 'Q5F499'}
SMXKAHQ,{'Q2TA68', 'Q5RAM3', 'O60313', 'Q5F499'}
SMLXAHQ,{'Q2TA68', 'Q5RAM3', 'O60313', 'Q5F499'}
SMLKXHQ,{'Q2TA68', 'Q5RAM3', 'O60313', 'Q5F499'}
SMLKAXQ,{'Q2TA68', 'Q5RAM3', 'O60313', 'Q5F499'}
SMLKAHX,{'Q2TA68', 'Q5RAM3', 'O60313', 'Q5F499'}
XNLSLAV,{'O93248', 'Q2TA68', 'O60313', 'Q5F499', 'Q5U3A7', 'Q5RAM3'}
RXLSLAV,{'Q2TA68', 'Q5RAM3', 'O60313'}
RNXSLAV,{'Q2TA68', 'Q5RAM3', 'O60313'}
RNLXLAV,{'Q2TA68', 'Q5RAM3', 'O60313'}
RNLSXAV,{'Q2TA68', 'Q5RAM3', 'O60313'}
RNLSLXV,{'Q2TA68', 'Q5RAM3', 'O60313'}
RNLSLAX,{'Q2TA68', 'Q5RAM3', 'O60313'}
XLSLAVS,{'O93248', 'Q2TA68', 'O60313', 'Q5F499', 'Q5U3A7', 'Q5RAM3'}
NXSLAVS,{'O93248', 'Q2TA68', 'O60313', 'Q5F499', 'Q5U3A7', 'Q5RAM3'}
NLXLAVS,{'O93248', 'Q2TA68', 'O60313', 'Q5F499', 'Q5U3A7', 'Q5RAM3'}
NLSXAVS,{'O93248', 'Q2TA68', 'O60313', 'Q5F499', 'Q5U3A7', 'Q5RAM3'}
NLSLXVS,{'O93248', 'Q2TA68', 'O60313', 'Q5F499', 'Q5U3A7', 'Q5RAM3'}
NLSLAXS,{'O93248', 'Q2TA68', 'O60313', 'Q5F499', 'Q5U3A7', 'Q5RAM3'}
NLSLAVX,{'O93248', 'Q2TA68', 'O60313', 'Q5F499', 'Q5U3A7', 'Q5RAM3'}
XAVSDCF,{'O93248', 'Q2TA68', 'O60313', 'Q5F499', 'Q5U3A7', 'Q5RAM3'}
LXVSDCF,{'O93248', 'Q2TA68', 'O60313', 'Q5F499', 'Q5U3A7', 'Q5RAM3'}
LAXSDCF,{'O93248', 'Q2TA68', 'O60313', 'Q5F499', 'Q5U3A7', 'Q5RAM3'}
LAVXDCF,{'O93248', 'Q2TA68', 'O60313', 'Q5F499', 'Q5U3A7', 'Q5RAM3'}
LAVSXCF,{'O93248', 'Q2TA68', 'O60313', 'Q5F499', 'Q5U3A7', 'Q5RAM3'}
LAVSDXF,{'O93248', 'Q2TA68', 'O60313', 'Q5F499', 'Q5U3A7', 'Q5RAM3'}
LAVSDCX,{'O93248', 'Q2TA68', 'O60313', 'Q5F499', 'Q5U3A7', 'Q5RAM3'}
XSISDKQ,{'Q2TA68', 'Q5RAM3', 'O60313', 'Q5F499'}
RXISDKQ,{'Q2TA68', 'Q5RAM3', 'O60313', 'Q5F499'}
RSXSDKQ,{'Q2TA68', 'Q5RAM3', 'O60313', 'Q5F499'}
RSIXDKQ,{'Q2TA68', 'Q5RAM3', 'O60313', 'Q5F499'}
RSISXKQ,{'Q2TA68', 'Q5RAM3', 'O60313', 'Q5F499'}
RSISDXQ,{'Q2TA68', 'Q5RAM3', 'O60313', 'Q5F499'}
RSISDKX,{'Q2TA68', 'Q5RAM3', 'O60313', 'Q5F499'}
XQWDAAI,{'Q2TA68', 'Q5RAM3', 'O60313', 'Q5F499'}
QXWDAAI,{'Q2TA68', 'Q5RAM3', 'O60313', 'Q5F499'}
QQXDAAI,{'Q2TA68', 'Q5RAM3', 'O60313', 'Q5F499'}
QQWXAAI,{'Q2TA68', 'Q5RAM3', 'O60313', 'Q5F499'}
QQWDXAI,{'Q2TA68', 'Q5RAM3', 'O60313', 'Q5F499'}
QQWDAXI,{'Q2TA68', 'Q5RAM3', 'O60313', 'Q5F499'}
QQWDAAX,{'Q2TA68', 'Q5RAM3', 'O60313', 'Q5F499'}
XMEEALQ,{'Q2TA68', 'Q5RAM3', 'O60313'}
FXEEALQ,{'Q2TA68', 'Q5RAM3', 'O60313'}
FMXEALQ,{'Q2TA68', 'Q5RAM3', 'O60313'}
FMEXALQ,{'Q2TA68', 'Q5RAM3', 'O60313'}
FMEEXLQ,{'Q2TA68', 'Q5RAM3', 'O60313'}
FMEEAXQ,{'Q2TA68', 'Q5RAM3', 'O60313'}
FMEEALX,{'Q2TA68', 'Q5RAM3', 'O60313'}
GXLKAHQ,{'Q5U3A7', 'O93248'}
GMXKAHQ,{'Q5U3A7', 'O93248'}
GMLXAHQ,{'Q5U3A7', 'O93248'}
GMLKXHQ,{'Q5U3A7', 'O93248'}
GMLKAXQ,{'Q5U3A7', 'O93248'}
GMLKAHX,{'Q5U3A7', 'O93248'}
KXLSLAV,{'Q5U3A7', 'O93248', 'Q5F499'}
KNXSLAV,{'Q5U3A7', 'O93248', 'Q5F499'}
KNLXLAV,{'Q5U3A7', 'O93248', 'Q5F499'}
KNLSXAV,{'Q5U3A7', 'O93248', 'Q5F499'}
KNLSLXV,{'Q5U3A7', 'O93248', 'Q5F499'}
KNLSLAX,{'Q5U3A7', 'O93248', 'Q5F499'}
XNRSKSK,{'Q9USY7'}
EXRSKSK,{'Q9USY7'}
ENXSKSK,{'Q9USY7'}
ENRXKSK,{'Q9USY7'}
ENRSXSK,{'Q9USY7'}
ENRSKXK,{'Q9USY7'}
ENRSKSX,{'Q9USY7'}
XSKSKLA,{'Q9USY7'}
RXKSKLA,{'Q9USY7'}
RSXSKLA,{'Q9USY7'}
RSKXKLA,{'Q9USY7'}
RSKSXLA,{'Q9USY7'}
RSKSKXA,{'Q9USY7'}
RSKSKLX,{'Q9USY7'}
XSKLAPV,{'Q9USY7'}
KXKLAPV,{'Q9USY7'}
KSXLAPV,{'Q9USY7'}
KSKXAPV,{'Q9USY7'}
KSKLXPV,{'Q9USY7'}
KSKLAXV,{'Q9USY7'}
KSKLAPX,{'Q9USY7'}
XYLSGLV,{'Q9USY7'}
RXLSGLV,{'Q9USY7'}
RYXSGLV,{'Q9USY7'}
RYLXGLV,{'Q9USY7'}
RYLSXLV,{'Q9USY7'}
RYLSGXV,{'Q9USY7'}
RYLSGLX,{'Q9USY7'}
XSARAKC,{'P38297'}
LXARAKC,{'P38297'}
LSXRAKC,{'P38297'}
LSAXAKC,{'P38297'}
LSARXKC,{'P38297'}
LSARAXC,{'P38297'}
LSARAKX,{'P38297'}
XDFSNCL,{'O18412'}
NXFSNCL,{'O18412'}
NDXSNCL,{'O18412'}
NDFXNCL,{'O18412'}
NDFSXCL,{'O18412'}
NDFSNXL,{'O18412'}
NDFSNCX,{'O18412'}
XGTRALE,{'Q23424'}
HXTRALE,{'Q23424'}
HGXRALE,{'Q23424'}
HGTXALE,{'Q23424'}
HGTRXLE,{'Q23424'}
HGTRAXE,{'Q23424'}
HGTRALX,{'Q23424'}
XCISRSA,{'Q23424'}
HXISRSA,{'Q23424'}
HCXSRSA,{'Q23424'}
HCIXRSA,{'Q23424'}
HCISXSA,{'Q23424'}
HCISRXA,{'Q23424'}
HCISRSX,{'Q23424'}
XEMIAQA,{'Q5F499'}
LXMIAQA,{'Q5F499'}
LEXIAQA,{'Q5F499'}
LEMXAQA,{'Q5F499'}
LEMIXQA,{'Q5F499'}
LEMIAXA,{'Q5F499'}
LEMIAQX,{'Q5F499'}
XIAQARI,{'Q5F499'}
MXAQARI,{'Q5F499'}
MIXQARI,{'Q5F499'}
MIAXARI,{'Q5F499'}
MIAQXRI,{'Q5F499'}
MIAQAXI,{'Q5F499'}
MIAQARX,{'Q5F499'}
XRGSGEM,{'Q5F499'}
PXGSGEM,{'Q5F499'}
PRXSGEM,{'Q5F499'}
PRGXGEM,{'Q5F499'}
PRGSXEM,{'Q5F499'}
PRGSGXM,{'Q5F499'}
PRGSGEX,{'Q5F499'}
XNREAYK,{'Q7TQ48', 'P13666', 'Q86TD4'}
PXREAYK,{'Q7TQ48', 'P13666', 'Q86TD4', 'Q90577'}
PNXEAYK,{'Q7TQ48', 'P13666', 'Q86TD4'}
PNRXAYK,{'Q7TQ48', 'P13666', 'Q86TD4'}
PNREXYK,{'Q7TQ48', 'P13666', 'Q86TD4'}
PNREAXK,{'Q7TQ48', 'P13666', 'Q86TD4'}
PNREAYX,{'Q7TQ48', 'P13666', 'Q86TD4'}
XPISSFK,{'P13666', 'Q86TD4'}
NXISSFK,{'P13666', 'Q86TD4'}
NPXSSFK,{'P13666', 'Q86TD4'}
NPIXSFK,{'P13666', 'Q86TD4'}
NPISXFK,{'Q7TQ48', 'P13666', 'Q86TD4'}
NPISSXK,{'P13666', 'Q86TD4'}
NPISSFX,{'P13666', 'Q86TD4'}
XQREAYK,{'Q90577'}
PQXEAYK,{'Q90577'}
PQRXAYK,{'Q90577'}
PQREXYK,{'Q90577'}
PQREAXK,{'Q90577'}
PQREAYX,{'Q90577'}
XEGSTPG,{'Q7TQ48'}
EXGSTPG,{'Q7TQ48'}
EEXSTPG,{'Q7TQ48'}
EEGXTPG,{'Q7TQ48'}
EEGSXPG,{'Q7TQ48'}
EEGSTXG,{'Q7TQ48'}
EEGSTPX,{'Q7TQ48'}
XPGEAGE,{'Q7TQ48'}
TXGEAGE,{'Q7TQ48'}
TPXEAGE,{'Q7TQ48'}
TPGXAGE,{'Q7TQ48'}
TPGEXGE,{'Q7TQ48'}
TPGEAXE,{'Q7TQ48'}
TPGEAGX,{'Q7TQ48'}
XTPGATG,{'Q7TQ48'}
KXPGATG,{'Q7TQ48'}
KTXGATG,{'Q7TQ48'}
KTPXATG,{'Q7TQ48'}
KTPGXTG,{'Q7TQ48'}
KTPGAXG,{'Q7TQ48'}
KTPGATX,{'Q7TQ48'}
XPISNFK,{'Q7TQ48'}
NXISNFK,{'Q7TQ48'}
NPXSNFK,{'Q7TQ48'}
NPIXNFK,{'Q7TQ48'}
NPISNXK,{'Q7TQ48'}
NPISNFX,{'Q7TQ48'}
RXGSEHL,{'Q39821'}
RMXSEHL,{'Q39821'}
RMGXEHL,{'Q39821'}
RMGSXHL,{'Q39821'}
RMGSEHX,{'Q39821'}
XVHSLLK,{'Q39821'}
AXHSLLK,{'Q39821'}
AVXSLLK,{'Q39821'}
AVHXLLK,{'Q39821'}
AVHSXLK,{'Q39821'}
AVHSLXK,{'Q39821'}
AVHSLLX,{'Q39821'}
XVHKAMS,{'Q39821'}
LXHKAMS,{'Q39821'}
LVXKAMS,{'Q39821'}
LVHXAMS,{'Q39821'}
LVHKXMS,{'Q39821'}
LVHKAXS,{'Q39821'}
LVHKAMX,{'Q39821'}
XAMSETL,{'Q39821'}
KXMSETL,{'Q39821'}
KAXSETL,{'Q39821'}
KAMXETL,{'Q39821'}
KAMSXTL,{'Q39821'}
KAMSEXL,{'Q39821'}
KAMSETX,{'Q39821'}
XTDSPCV,{'Q54MH8'}
CXDSPCV,{'Q54MH8'}
CTXSPCV,{'Q54MH8'}
CTDXPCV,{'Q54MH8'}
CTDSXCV,{'Q54MH8'}
CTDSPXV,{'Q54MH8'}
CTDSPCX,{'Q54MH8'}
XCVSLNN,{'Q54MH8'}
PXVSLNN,{'Q54MH8'}
PCXSLNN,{'Q54MH8'}
PCVXLNN,{'Q54MH8'}
PCVSXNN,{'Q54MH8'}
PCVSLXN,{'Q54MH8'}
PCVSLNX,{'Q54MH8'}
XNNSLNN,{'Q54MH8'}
LXNSLNN,{'Q54MH8'}
LNXSLNN,{'Q54MH8'}
LNNXLNN,{'Q54MH8'}
LNNSXNN,{'Q54MH8'}
LNNSLXN,{'Q54MH8'}
LNNSLNX,{'Q54MH8'}
XWKSYQD,{'Q55F94'}
VXKSYQD,{'Q55F94'}
VWXSYQD,{'Q55F94'}
VWKXYQD,{'Q55F94'}
VWKSXQD,{'Q55F94'}
VWKSYXD,{'Q55F94'}
VWKSYQX,{'Q55F94'}
XKNSLTM,{'Q55AX0'}
DXNSLTM,{'Q55AX0'}
DKXSLTM,{'Q55AX0'}
DKNXLTM,{'Q55AX0'}
DKNSXTM,{'Q55AX0'}
DKNSLXM,{'Q55AX0'}
DKNSLTX,{'Q55AX0'}
XTMSPFT,{'Q55AX0'}
LXMSPFT,{'Q55AX0'}
LTXSPFT,{'Q55AX0'}
LTMXPFT,{'Q55AX0'}
LTMSXFT,{'Q55AX0'}
LTMSPXT,{'Q55AX0'}
LTMSPFX,{'Q55AX0'}
XFTSPFT,{'Q55AX0'}
PXTSPFT,{'Q55AX0'}
PFXSPFT,{'Q55AX0'}
PFTXPFT,{'Q55AX0'}
PFTSXFT,{'Q55AX0'}
PFTSPXT,{'Q55AX0'}
PFTSPFX,{'Q55AX0'}
XLHDAIV,{'Q2KIA5', 'O00429'}
KXHDAIV,{'Q2KIA5', 'O00429'}
KLXDAIV,{'Q2KIA5', 'O00429'}
KLHXAIV,{'Q2KIA5', 'O00429'}
KLHDXIV,{'Q2KIA5', 'O00429'}
KLHDAXV,{'Q2KIA5', 'O00429'}
KLHDAIX,{'Q2KIA5', 'O00429'}
XMDSLNT,{'B2IZD3'}
FXDSLNT,{'B2IZD3'}
FMXSLNT,{'B2IZD3'}
FMDXLNT,{'B2IZD3'}
FMDSXNT,{'B2IZD3'}
FMDSLXT,{'B2IZD3'}
FMDSLNX,{'B2IZD3'}
XEAVARR,{'B2IZD3'}
RXAVARR,{'B2IZD3'}
REXVARR,{'B2IZD3'}
REAXARR,{'B2IZD3'}
REAVXRR,{'B2IZD3'}
REAVAXR,{'B2IZD3'}
REAVARX,{'B2IZD3'}
XGVGATT,{'P54861'}
GXVGATT,{'P54861'}
GGXGATT,{'P54861'}
GGVXATT,{'P54861'}
GGVGXTT,{'P54861'}
GGVGAXT,{'P54861'}
GGVGATX,{'P54861'}
XNESRAS,{'P54861'}
TXESRAS,{'P54861'}
TNXSRAS,{'P54861'}
TNEXRAS,{'P54861'}
TNESXAS,{'P54861'}
TNESRXS,{'P54861'}
TNESRAX,{'P54861'}
XESRASL,{'P54861'}
NXSRASL,{'P54861'}
NEXRASL,{'P54861'}
NESXASL,{'P54861'}
NESRXSL,{'P54861'}
NESRAXL,{'P54861'}
NESRASX,{'P54861'}
XRASLVL,{'P54861'}
SXASLVL,{'P54861'}
SRXSLVL,{'P54861'}
SRAXLVL,{'P54861'}
SRASXVL,{'P54861'}
SRASLXL,{'P54861'}
SRASLVX,{'P54861'}
XEDIASL,{'Q84N64'}
MXDIASL,{'Q84N64'}
MEXIASL,{'Q84N64'}
MEDXASL,{'Q84N64'}
MEDIXSL,{'Q84N64'}
MEDIAXL,{'Q84N64'}
MEDIASX,{'Q84N64'}
XIASLEK,{'Q84N64'}
DXASLEK,{'Q84N64'}
DIXSLEK,{'Q84N64'}
DIAXLEK,{'Q84N64'}
DIASXEK,{'Q84N64'}
DIASLXK,{'Q84N64'}
DIASLEX,{'Q84N64'}
XFHSLKP,{'Q8BH64', 'Q9EQP2', 'Q9H223', 'Q9NZN4', 'Q4V8H8'}
KXHSLKP,{'Q8BH64', 'Q9EQP2', 'Q9H223', 'Q9NZN4', 'Q4V8H8'}
KFXSLKP,{'Q8BH64', 'Q9EQP2', 'Q9H223', 'Q9NZN4', 'Q4V8H8'}
KFHXLKP,{'Q8BH64', 'Q9EQP2', 'Q9H223', 'Q9NZN4', 'Q4V8H8'}
KFHSXKP,{'Q8BH64', 'Q9EQP2', 'Q9H223', 'Q9NZN4', 'Q4V8H8'}
KFHSLXP,{'Q8BH64', 'Q9EQP2', 'Q9H223', 'Q9NZN4', 'Q4V8H8'}
KFHSLKX,{'Q8BH64', 'Q9EQP2', 'Q9H223', 'Q9NZN4', 'Q4V8H8'}
XMWSLGK,{'Q9NZN3', 'Q9QXY6', 'Q8R491'}
LXWSLGK,{'Q9NZN3', 'Q9QXY6', 'Q8R491'}
LMXSLGK,{'Q9NZN3', 'Q9QXY6', 'Q8R491'}
LMWXLGK,{'Q9NZN3', 'Q9QXY6', 'Q8R491'}
LMWSXGK,{'Q9NZN3', 'Q9QXY6', 'Q8R491'}
LMWSLXK,{'Q9NZN3', 'Q9QXY6', 'Q8R491'}
LMWSLGX,{'Q9NZN3', 'Q9QXY6', 'Q8R491'}
XDIRAAL,{'P50570', 'P39054', 'P39055', 'P39052'}
KXIRAAL,{'P50570', 'P39054', 'P39055', 'P39052'}
KDXRAAL,{'P50570', 'P39054', 'P39055', 'P39052'}
KDIXAAL,{'P21575', 'P39054', 'P39055', 'P50570', 'Q08DF4', 'Q05193', 'P39052', 'P39053'}
KDIRXAL,{'P50570', 'P39054', 'P39055', 'P39052'}
KDIRAXL,{'P50570', 'P39054', 'P39055', 'P39052'}
KDIRAAX,{'P50570', 'P39054', 'P39055', 'P39052'}
XAALAAE,{'P21575', 'P39054', 'P50570', 'Q08DF4', 'Q05193', 'P39052', 'P39053'}
RXALAAE,{'P50570', 'P39054', 'P39052', 'A6H7I5'}
RAXLAAE,{'P50570', 'P39054', 'P39052'}
RAAXAAE,{'P50570', 'P39054', 'P39052'}
RAALXAE,{'P50570', 'P39054', 'P39052'}
RAALAXE,{'P50570', 'P39054', 'P39052'}
RAALAAX,{'P50570', 'P39054', 'P39052'}
XDITAAL,{'Q05193', 'P21575', 'P39053', 'Q08DF4'}
KXITAAL,{'Q05193', 'P21575', 'P39053', 'Q08DF4'}
KDXTAAL,{'Q05193', 'P21575', 'P39053', 'Q08DF4'}
KDITXAL,{'Q05193', 'P21575', 'P39053', 'Q08DF4'}
KDITAXL,{'Q05193', 'P21575', 'P39053', 'Q08DF4'}
KDITAAX,{'Q05193', 'P21575', 'P39053', 'Q08DF4'}
TXALAAE,{'Q05193', 'P21575', 'P39053', 'Q08DF4'}
TAXLAAE,{'Q05193', 'P21575', 'P39053', 'Q08DF4'}
TAAXAAE,{'Q05193', 'P21575', 'P39053', 'Q08DF4'}
TAALXAE,{'Q05193', 'P21575', 'P39053', 'Q08DF4'}
TAALAXE,{'Q05193', 'P21575', 'P39053', 'Q08DF4'}
TAALAAX,{'Q05193', 'P21575', 'P39053', 'Q08DF4'}
XDIKAAM,{'Q8BZ98', 'Q9UQ16', 'Q08877'}
KXIKAAM,{'Q8BZ98', 'Q9UQ16', 'Q08877'}
KDXKAAM,{'Q8BZ98', 'Q9UQ16', 'Q08877'}
KDIXAAM,{'Q8BZ98', 'Q9UQ16', 'Q08877'}
KDIKXAM,{'Q8BZ98', 'Q9UQ16', 'Q08877'}
KDIKAXM,{'Q8BZ98', 'Q9UQ16', 'Q08877'}
KDIKAAX,{'Q8BZ98', 'Q9UQ16', 'Q08877'}
XAMLAER,{'Q8BZ98', 'Q9UQ16', 'Q08877'}
AXMLAER,{'Q8BZ98', 'Q9UQ16', 'Q08877'}
AAXLAER,{'Q8BZ98', 'Q9UQ16', 'Q08877'}
AAMXAER,{'Q8BZ98', 'Q9UQ16', 'Q08877'}
AAMLXER,{'Q8BZ98', 'Q9UQ16', 'Q08877'}
AAMLAXR,{'Q8BZ98', 'Q9UQ16', 'Q08877'}
AAMLAEX,{'Q8BZ98', 'Q9UQ16', 'Q08877'}
XLKEALG,{'Q9UQ16'}
AXKEALG,{'Q9UQ16'}
ALXEALG,{'Q9UQ16'}
ALKXALG,{'Q9UQ16'}
ALKEXLG,{'Q9UQ16'}
ALKEAXG,{'Q9UQ16'}
ALKEALX,{'Q8BZ98', 'Q9UQ16', 'Q08877'}
XDFSKFQ,{'Q9NZN3'}
QXFSKFQ,{'Q9NZN3'}
QDXSKFQ,{'Q9NZN3'}
QDFXKFQ,{'Q9NZN3'}
QDFSXFQ,{'Q9NZN3'}
QDFSKXQ,{'Q9NZN3'}
QDFSKFX,{'Q9NZN3'}
XLKSKLL,{'Q9NZN3'}
PXKSKLL,{'Q9NZN3'}
PLXSKLL,{'Q9NZN3'}
PLKXKLL,{'Q9NZN3'}
PLKSXLL,{'Q9NZN3'}
PLKSKXL,{'Q9NZN3'}
PLKSKLX,{'Q9NZN3'}
XSQGALL,{'Q94464'}
NXQGALL,{'Q94464'}
NSXGALL,{'Q94464'}
NSQXALL,{'Q94464'}
NSQGXLL,{'Q94464'}
NSQGAXL,{'Q94464'}
NSQGALX,{'Q94464'}
XALDAER,{'P39055'}
AXLDAER,{'P39055'}
AAXDAER,{'P39055'}
AALDXER,{'P39055'}
AALDAXR,{'P39055'}
AALDAEX,{'P39055'}
XRHMADR,{'P39055', 'P27619'}
YXHMADR,{'P39055', 'P27619'}
YRXMADR,{'P39055', 'P27619'}
YRHXADR,{'P39055', 'P27619'}
YRHMXDR,{'P39055', 'P27619'}
YRHMAXR,{'P39055', 'P27619'}
YRHMADX,{'P39055', 'P27619'}
XTLQARI,{'Q7YU24'}
EXLQARI,{'Q7YU24'}
ETXQARI,{'Q7YU24'}
ETLXARI,{'Q7YU24'}
ETLQXRI,{'Q7YU24'}
ETLQAXI,{'Q7YU24'}
ETLQARX,{'Q7YU24'}
XQLSLSE,{'P20591', 'Q5R5G3', 'A1E2I4'}
DXLSLSE,{'P20591', 'Q5R5G3', 'A1E2I4'}
DQXSLSE,{'P20591', 'Q5R5G3', 'A1E2I4'}
DQLXLSE,{'P20591', 'Q5R5G3', 'A1E2I4'}
DQLSXSE,{'P20591', 'Q5R5G3', 'A1E2I4'}
DQLSLXE,{'P20591', 'Q5R5G3', 'A1E2I4'}
DQLSLSX,{'P20591', 'Q5R5G3', 'A1E2I4'}
XSLSEAL,{'P20591', 'Q5R5G3', 'A1E2I4'}
LXLSEAL,{'P20591', 'Q5R5G3', 'A1E2I4'}
LSXSEAL,{'P20591', 'Q5R5G3', 'A1E2I4'}
LSLSXAL,{'P20591', 'Q5R5G3', 'A1E2I4'}
LSLSEXL,{'P20591', 'Q5R5G3', 'A1E2I4'}
LSLSEAX,{'P20591', 'Q5R5G3', 'A1E2I4'}
XLSEALQ,{'P20591', 'Q5R5G3', 'A1E2I4'}
SXSEALQ,{'P20591', 'Q5R5G3', 'A1E2I4'}
SLXEALQ,{'A1E2I4', 'Q9N0Y3', 'Q28379', 'P18589', 'P18590', 'Q5R5G3', 'P20591', 'P18588', 'Q9WVP9'}
SLSXALQ,{'P20591', 'Q5R5G3', 'A1E2I4'}
SLSEXLQ,{'P20591', 'Q5R5G3', 'A1E2I4'}
SLSEAXQ,{'P20591', 'Q5R5G3', 'A1E2I4'}
SLSEALX,{'P20591', 'Q5R5G3', 'A1E2I4'}
XRMSLDK,{'P79135'}
HXMSLDK,{'P79135'}
HRXSLDK,{'P33237', 'P79135'}
HRMXLDK,{'P79135'}
HRMSXDK,{'P79135'}
HRMSLXK,{'P79135'}
HRMSLDX,{'P79135'}
XLDKALQ,{'P33237', 'P79135'}
SXDKALQ,{'P33237', 'P79135'}
SLXKALQ,{'P27594', 'P33237', 'P79135'}
SLDXALQ,{'P33237', 'P79135'}
SLDKXLQ,{'P33237', 'P79135'}
SLDKAXQ,{'P33237', 'P79135'}
SLDKALX,{'P33237', 'P79135'}
XQLSLTE,{'Q9WVP9', 'P09922'}
EXLSLTE,{'Q9WVP9', 'P09922'}
EQXSLTE,{'Q9WVP9', 'P09922'}
EQLXLTE,{'Q9WVP9', 'P09922'}
EQLSXTE,{'Q9WVP9', 'P09922'}
EQLSLXE,{'P09922', 'P18589', 'P18590', 'P18588', 'Q9WVP9'}
EQLSLTX,{'Q9WVP9', 'P09922'}
XLTEAFQ,{'P09922'}
SXTEAFQ,{'P09922'}
SLXEAFQ,{'P09922'}
SLTXAFQ,{'P09922'}
SLTEXFQ,{'P09922'}
SLTEAXQ,{'Q9WVP9', 'P09922'}
SLTEAFX,{'P09922'}
XDLSYDL,{'Q8R4Z9', 'Q811U4'}
FXLSYDL,{'Q80U63', 'Q8R4Z9', 'Q811U4'}
FDXSYDL,{'Q8R4Z9', 'Q811U4'}
FDLXYDL,{'Q8R4Z9', 'Q811U4'}
FDLSXDL,{'Q8R4Z9', 'Q811U4'}
FDLSYXL,{'Q8R4Z9', 'Q811U4'}
FDLSYDX,{'Q8R4Z9', 'Q811U4'}
XQVEAAD,{'P32266'}
IXVEAAD,{'P32266'}
IQXEAAD,{'P32266'}
IQVXAAD,{'P32266'}
IQVEXAD,{'P32266'}
IQVEAXD,{'P32266'}
IQVEAAX,{'P32266'}
XFGEAPS,{'P32266'}
LXGEAPS,{'P32266'}
LFXEAPS,{'P32266'}
LFGXAPS,{'P32266'}
LFGEXPS,{'P32266'}
LFGEAXS,{'P32266'}
LFGEAPX,{'P32266'}
XAPSSSL,{'P32266'}
EXPSSSL,{'P32266'}
EAXSSSL,{'P32266'}
EAPXSSL,{'P32266'}
EAPSXSL,{'P32266'}
EAPSSXL,{'P32266'}
EAPSSSX,{'P32266'}
XPSSSLS,{'P32266'}
AXSSSLS,{'P32266'}
APXSSLS,{'P32266'}
APSXSLS,{'P32266'}
APSSXLS,{'P32266'}
APSSSXS,{'P32266'}
APSSSLX,{'P32266'}
XSSSLSG,{'P32266'}
PXSSLSG,{'P32266'}
PSXSLSG,{'P32266'}
PSSXLSG,{'P32266'}
PSSSXSG,{'P32266'}
PSSSLXG,{'P32266'}
PSSSLSX,{'P32266'}
XSLSGIF,{'P32266'}
SXLSGIF,{'P32266'}
SSXSGIF,{'P32266'}
SSLXGIF,{'P32266'}
SSLSXIF,{'P32266'}
SSLSGXF,{'P32266'}
SSLSGIX,{'P32266'}
XGQSSGE,{'P32266'}
HXQSSGE,{'P32266'}
HGXSSGE,{'P32266'}
HGQXSGE,{'P32266'}
HGQSXGE,{'P32266'}
HGQSSXE,{'P32266'}
HGQSSGX,{'P32266'}
XQSSGEE,{'P32266'}
GXSSGEE,{'P32266'}
GQXSGEE,{'P32266'}
GQSXGEE,{'P32266'}
GQSSXEE,{'P32266'}
GQSSGXE,{'P32266'}
GQSSGEX,{'P32266'}
XQLSLAK,{'P27594'}
EXLSLAK,{'P27594'}
EQXSLAK,{'P27594'}
EQLXLAK,{'P27594'}
EQLSXAK,{'P27594'}
EQLSLXK,{'P27594'}
EQLSLAX,{'P27594', 'P18588', 'P18589', 'P18590'}
XLSLAKA,{'P27594'}
QXSLAKA,{'P27594'}
QLXLAKA,{'P27594'}
QLSXAKA,{'P27594'}
QLSLXKA,{'P27594'}
QLSLAXA,{'P18589', 'P18590', 'Q9N0Y2', 'P27594', 'P18588'}
QLSLAKX,{'P27594'}
XLAKALQ,{'P27594'}
SXAKALQ,{'P27594'}
SLAXALQ,{'Q9N0Y3', 'Q28379', 'P18589', 'P18590', 'P27594', 'P18588'}
SLAKXLQ,{'P27594'}
SLAKAXQ,{'P27594'}
SLAKALX,{'P27594'}
XKEQAFF,{'P27594'}
QXEQAFF,{'P27594'}
QKXQAFF,{'P27594'}
QKEXAFF,{'P27594'}
QKEQXFF,{'P27594'}
QKEQAXF,{'P27594'}
QKEQAFX,{'P27594'}
XELSFTS,{'Q90597'}
NXLSFTS,{'Q90597'}
NEXSFTS,{'Q90597'}
NELXFTS,{'Q90597'}
NELSXTS,{'Q90597'}
NELSFXS,{'Q90597'}
NELSFTX,{'Q90597'}
XIRTALA,{'A6H7I5'}
DXRTALA,{'A6H7I5'}
DIXTALA,{'A6H7I5'}
DIRTXLA,{'A6H7I5'}
DIRTAXA,{'A6H7I5'}
DIRTALX,{'A6H7I5'}
XTALAAE,{'A6H7I5'}
RTXLAAE,{'A6H7I5'}
RTAXAAE,{'A6H7I5'}
RTALXAE,{'A6H7I5'}
RTALAXE,{'A6H7I5'}
RTALAAX,{'A6H7I5'}
XNRSQAD,{'Q84XF3'}
VXRSQAD,{'Q84XF3'}
VNXSQAD,{'Q84XF3'}
VNRXQAD,{'Q84XF3'}
VNRSXAD,{'Q84XF3'}
VNRSQXD,{'Q84XF3'}
VNRSQAX,{'Q84XF3'}
XRSQADI,{'Q84XF3'}
NXSQADI,{'Q84XF3'}
NRXQADI,{'Q84XF3'}
NRSXADI,{'Q84XF3'}
NRSQXDI,{'Q84XF3'}
NRSQAXI,{'Q84XF3'}
NRSQADX,{'Q84XF3'}
XNKSVDM,{'Q84XF3'}
IXKSVDM,{'Q84XF3'}
INXSVDM,{'Q84XF3'}
INKXVDM,{'Q84XF3'}
INKSXDM,{'Q84XF3'}
INKSVXM,{'Q84XF3'}
INKSVDX,{'Q84XF3'}
XDMIAAR,{'Q39821', 'Q84XF3', 'Q8LF21', 'P42697'}
VXMIAAR,{'Q39821', 'Q84XF3', 'Q8LF21', 'P42697'}
VDXIAAR,{'Q39821', 'Q84XF3', 'Q8LF21', 'P42697'}
VDMXAAR,{'Q39821', 'Q84XF3', 'Q8LF21', 'P42697'}
VDMIXAR,{'Q39821', 'Q84XF3', 'Q8LF21', 'P42697'}
VDMIAXR,{'Q39821', 'Q84XF3', 'Q8LF21', 'P42697'}
VDMIAAX,{'Q39821', 'Q84XF3', 'Q8LF21', 'P42697'}
XQTSPEY,{'Q84XF3'}
FXTSPEY,{'Q84XF3'}
FQXSPEY,{'Q84XF3'}
FQTXPEY,{'Q84XF3'}
FQTSXEY,{'Q84XF3'}
FQTSPXY,{'Q84XF3'}
FQTSPEX,{'Q84XF3'}
XLVSTQE,{'P87320'}
DXVSTQE,{'P87320'}
DLXSTQE,{'P87320'}
DLVXTQE,{'P87320'}
DLVSXQE,{'P87320'}
DLVSTXE,{'P87320'}
DLVSTQX,{'P87320'}
XLTEALQ,{'Q9WVP9', 'Q4ADG6', 'Q4ADG8', 'Q4ADG7'}
TXTEALQ,{'Q4ADG6', 'Q4ADG8', 'Q4ADG7'}
TLXEALQ,{'Q4ADG6', 'Q4ADG8', 'Q4ADG7'}
TLTXALQ,{'Q4ADG6', 'Q4ADG8', 'Q4ADG7'}
TLTEXLQ,{'Q4ADG6', 'Q4ADG8', 'Q4ADG7'}
TLTEAXQ,{'Q4ADG6', 'Q4ADG8', 'Q4ADG7'}
TLTEALX,{'Q4ADG6', 'Q4ADG8', 'Q4ADG7'}
XKLSLAE,{'Q5I2P5', 'Q9BDI7', 'A7VK00'}
NXLSLAE,{'Q5I2P5', 'Q9BDI7', 'A7VK00', 'Q9N0Y2', 'P20592'}
NKXSLAE,{'Q5I2P5', 'Q9BDI7', 'A7VK00'}
NKLXLAE,{'Q5I2P5', 'Q9BDI7', 'A7VK00'}
NKLSXAE,{'Q5I2P5', 'Q9BDI7', 'A7VK00'}
NKLSLXE,{'Q5I2P5', 'Q9BDI7', 'A7VK00'}
NKLSLAX,{'Q5I2P5', 'Q9BDI7', 'A7VK00'}
XLSLAEA,{'Q5I2P5', 'Q28379', 'P18589', 'P18590', 'Q9BDI7', 'A7VK00', 'Q9N0Y2', 'P20592', 'P18588'}
KXSLAEA,{'Q5I2P5', 'Q5U752', 'Q9BDI7', 'A7VK00'}
KLXLAEA,{'Q5I2P5', 'Q9BDI7', 'A7VK00'}
KLSXAEA,{'Q5I2P5', 'Q9BDI7', 'A7VK00'}
KLSLXEA,{'Q5I2P5', 'Q9BDI7', 'A7VK00'}
KLSLAXA,{'Q5I2P5', 'Q9BDI7', 'A7VK00'}
KLSLAEX,{'Q5I2P5', 'Q9BDI7', 'A7VK00'}
XLAEATR,{'Q5I2P5', 'Q9BDI7'}
SXAEATR,{'Q5I2P5', 'Q9BDI7'}
SLXEATR,{'Q5I2P5', 'Q9BDI7'}
SLAXATR,{'Q5I2P5', 'Q9BDI7'}
SLAEXTR,{'Q5I2P5', 'Q9BDI7'}
SLAEAXR,{'Q5I2P5', 'Q9BDI7'}
SLAEATX,{'Q5I2P5', 'Q9BDI7', 'A7VK00', 'Q9N0Y2', 'P20592'}
XNKSLPL,{'Q5I2P5', 'Q9BDI7'}
IXKSLPL,{'Q5I2P5', 'Q9BDI7', 'A7VK00'}
INXSLPL,{'Q5I2P5', 'Q9BDI7'}
INKXLPL,{'Q5I2P5', 'Q9BDI7'}
INKSXPL,{'Q5I2P5', 'Q9BDI7'}
INKSLXL,{'Q5I2P5', 'Q9BDI7'}
INKSLPX,{'Q5I2P5', 'Q9BDI7'}
XETSKRL,{'Q9BDI7'}
MXTSKRL,{'Q9BDI7'}
MEXSKRL,{'Q9BDI7'}
METXKRL,{'Q9BDI7'}
METSXRL,{'Q9BDI7'}
METSKXL,{'Q9BDI7'}
METSKRX,{'Q9BDI7'}
XKRLANQ,{'Q9BDI7'}
SXRLANQ,{'Q9BDI7'}
SKXLANQ,{'Q9BDI7'}
SKRXANQ,{'Q9BDI7'}
SKRLXNQ,{'Q9BDI7'}
SKRLAXQ,{'Q9BDI7'}
SKRLANX,{'Q9BDI7'}
XLTLASA,{'P33238'}
KXTLASA,{'P33238'}
KLXLASA,{'P33238'}
KLTXASA,{'P33238'}
KLTLXSA,{'P33238'}
KLTLAXA,{'P33238'}
KLTLASX,{'P33238'}
XELVAHI,{'P33238'}
NXLVAHI,{'P33238'}
NEXVAHI,{'P33238'}
NELXAHI,{'P33238'}
NELVXHI,{'P33238'}
NELVAXI,{'P33238'}
NELVAHX,{'P33238'}
XKVSLTE,{'Q2KTC2', 'Q6PW23', 'P20593'}
EXVSLTE,{'Q6PW23', 'Q91196', 'Q6TN15', 'Q91197', 'Q91192', 'Q2KTC2'}
EKXSLTE,{'Q2KTC2', 'Q6PW23'}
EKVXLTE,{'Q2KTC2', 'Q6PW23'}
EKVSXTE,{'Q2KTC2', 'Q6PW23'}
EKVSLXE,{'Q2KTC2', 'Q6PW23', 'Q000A9'}
EKVSLTX,{'Q2KTC2', 'Q6PW23'}
XLTEALE,{'Q6PW23'}
SXTEALE,{'Q6PW23'}
SLXEALE,{'Q6PW23'}
SLTXALE,{'Q6PW23'}
SLTEXLE,{'Q6PW23'}
SLTEAXE,{'Q6PW23', 'Q91196', 'Q6TN15', 'P20593', 'Q91197', 'Q91192', 'Q2KTC2'}
SLTEALX,{'Q6PW23', 'Q9WVP9'}
XLESEKA,{'Q6PW23'}
AXESEKA,{'Q6PW23'}
ALXSEKA,{'Q6PW23'}
ALEXEKA,{'Q6PW23'}
ALESXKA,{'Q6PW23'}
ALESEXA,{'Q6PW23'}
ALESEKX,{'Q6PW23'}
XSEKAFF,{'Q6PW23'}
EXEKAFF,{'Q6PW23', 'Q91196', 'Q000A9', 'P20593', 'Q91197', 'Q5U752', 'Q91192', 'Q2KTC2'}
ESXKAFF,{'Q6PW23'}
ESEXAFF,{'Q6PW23'}
ESEKXFF,{'Q6PW23'}
ESEKAXF,{'Q6PW23'}
ESEKAFX,{'Q6PW23'}
XKVSLPE,{'Q000A9'}
EXVSLPE,{'Q000A9'}
EKXSLPE,{'Q000A9'}
EKVXLPE,{'Q000A9'}
EKVSXPE,{'Q000A9'}
EKVSLPX,{'Q000A9'}
XLPEAIE,{'Q000A9'}
SXPEAIE,{'Q000A9'}
SLXEAIE,{'Q000A9', 'Q6TN15', 'P20593', 'Q5U752', 'Q2KTC2'}
SLPXAIE,{'Q000A9'}
SLPEXIE,{'Q000A9'}
SLPEAXE,{'Q000A9'}
SLPEAIX,{'Q000A9'}
XREKAFF,{'Q91196', 'Q28379', 'Q000A9', 'P20593', 'Q91197', 'Q5U752', 'Q91192', 'Q2KTC2'}
ERXKAFF,{'Q91196', 'Q000A9', 'P20593', 'Q91197', 'Q5U752', 'Q91192', 'Q2KTC2'}
EREXAFF,{'Q91196', 'Q000A9', 'Q6TN15', 'P20593', 'Q91197', 'Q5U752', 'Q91192', 'Q2KTC2'}
EREKXFF,{'Q91196', 'Q000A9', 'P20593', 'Q91197', 'Q5U752', 'Q91192', 'Q2KTC2'}
EREKAXF,{'Q91196', 'Q000A9', 'P20593', 'Q91197', 'Q5U752', 'Q91192', 'Q2KTC2'}
EREKAFX,{'Q91196', 'Q000A9', 'P20593', 'Q91197', 'Q5U752', 'Q91192', 'Q2KTC2'}
XAESMLR,{'Q000A9', 'Q800G8'}
TXESMLR,{'Q000A9'}
TAXSMLR,{'Q000A9'}
TAEXMLR,{'Q000A9'}
TAESXLR,{'Q000A9'}
TAESMXR,{'Q000A9'}
TAESMLX,{'Q000A9'}
DXVSLTE,{'P20593'}
DKXSLTE,{'P20593'}
DKVXLTE,{'P20593'}
DKVSXTE,{'P20593'}
DKVSLXE,{'P20593'}
DKVSLTX,{'P20593'}
XLTEAIE,{'Q2KTC2', 'Q6TN15', 'P20593'}
SXTEAIE,{'Q2KTC2', 'Q6TN15', 'P20593'}
SLTXAIE,{'Q2KTC2', 'Q6TN15', 'P20593'}
SLTEXIE,{'Q2KTC2', 'Q6TN15', 'P20593'}
SLTEAIX,{'Q2KTC2', 'Q6TN15', 'P20593'}
XKVSLAE,{'Q5U752'}
QXVSLAE,{'Q5U752'}
QKXSLAE,{'Q5U752'}
QKVXLAE,{'Q5U752'}
QKVSXAE,{'Q5U752'}
QKVSLXE,{'Q5U752'}
QKVSLAX,{'Q5U752'}
XVSLAEA,{'Q9N0Y3', 'Q5U752'}
KVXLAEA,{'Q5U752'}
KVSXAEA,{'Q5U752'}
KVSLXEA,{'Q5U752'}
KVSLAXA,{'Q5U752'}
KVSLAEX,{'Q5U752'}
XLAEAIE,{'Q5U752'}
SXAEAIE,{'Q5U752'}
SLAXAIE,{'Q5U752'}
SLAEXIE,{'Q5U752'}
SLAEAXE,{'Q5U752', 'Q9N0Y2'}
SLAEAIX,{'Q5U752'}
XQLSLAE,{'Q9N0Y2', 'P18588', 'P18589', 'P18590'}
EXLSLAE,{'P18588', 'P18589', 'P18590'}
EQXSLAE,{'P18588', 'P18589', 'P18590'}
EQLXLAE,{'P18588', 'P18589', 'P18590'}
EQLSXAE,{'P18588', 'P18589', 'P18590'}
QXSLAEA,{'Q9N0Y3', 'P18589', 'P18590', 'Q9N0Y2', 'P18588'}
QLXLAEA,{'Q9N0Y2', 'P18588', 'P18589', 'P18590'}
QLSXAEA,{'Q9N0Y2', 'P18588', 'P18589', 'P18590'}
QLSLXEA,{'Q9N0Y2', 'P18588', 'P18589', 'P18590'}
QLSLAEX,{'Q9N0Y2', 'P18588', 'P18589', 'P18590'}
XLAEALQ,{'Q9N0Y3', 'Q28379', 'P18589', 'P18590', 'P18588'}
SXAEALQ,{'Q9N0Y3', 'Q28379', 'P18589', 'P18590', 'P18588'}
SLAEXLQ,{'Q9N0Y3', 'Q28379', 'P18589', 'P18590', 'P18588'}
SLAEAXQ,{'Q9N0Y3', 'Q28379', 'P18589', 'P18590', 'P18588'}
SLAEALX,{'Q9N0Y3', 'Q28379', 'P18589', 'P18590', 'P18588'}
XLNEATE,{'Q8JH68', 'Q800G8'}
TXNEATE,{'Q8JH68', 'Q800G8'}
TLXEATE,{'Q8JH68', 'Q800G8'}
TLNXATE,{'Q8JH68', 'Q800G8'}
TLNEXTE,{'Q8JH68', 'Q800G8'}
TLNEAXE,{'Q8JH68', 'Q800G8'}
TLNEATX,{'Q8JH68', 'Q800G8'}
LXESMLR,{'Q800G8'}
LAXSMLR,{'Q800G8'}
LAEXMLR,{'Q800G8'}
LAESXLR,{'Q800G8'}
LAESMXR,{'Q800G8'}
LAESMLX,{'Q800G8'}
XLVEALE,{'Q800G5', 'Q6TKS7', 'Q6DKF0'}
NXVEALE,{'Q6DKF0'}
NLXEALE,{'Q6DKF0'}
NLVXALE,{'Q6DKF0'}
NLVEXLE,{'Q6DKF0'}
NLVEAXE,{'Q6DKF0'}
NLVEALX,{'Q6DKF0'}
XRVSLNE,{'Q4U4N4'}
DXVSLNE,{'Q4U4N4'}
DRXSLNE,{'Q4U4N4'}
DRVXLNE,{'Q4U4N4'}
DRVSXNE,{'Q4U4N4'}
DRVSLXE,{'Q4U4N4', 'Q7T2P0'}
DRVSLNX,{'Q4U4N4'}
DXVEALE,{'Q6TKS7'}
DLXEALE,{'Q6TKS7'}
DLVXALE,{'Q6TKS7'}
DLVEXLE,{'Q6TKS7'}
DLVEAXE,{'Q6TKS7'}
DLVEALX,{'Q6TKS7'}
XRLSLAE,{'P20592', 'Q28379'}
DXLSLAE,{'Q28379'}
DRXSLAE,{'Q28379'}
DRLXLAE,{'Q28379'}
DRLSXAE,{'Q28379'}
DRLSLXE,{'Q28379'}
DRLSLAX,{'Q28379'}
RXSLAEA,{'P20592', 'Q28379'}
RLXLAEA,{'P20592', 'Q28379'}
RLSXAEA,{'P20592', 'Q28379'}
RLSLXEA,{'P20592', 'Q28379'}
RLSLAXA,{'P20592', 'Q28379'}
RLSLAEX,{'P20592', 'Q28379'}
QXEKAFF,{'Q28379'}
QRXKAFF,{'Q28379'}
QREXAFF,{'Q28379'}
QREKXFF,{'Q28379'}
QREKAXF,{'Q28379'}
QREKAFX,{'Q28379'}
XRVSLHE,{'Q7T2P0'}
DXVSLHE,{'Q7T2P0'}
DRXSLHE,{'Q7T2P0'}
DRVXLHE,{'Q7T2P0'}
DRVSXHE,{'Q7T2P0'}
DRVSLHX,{'Q7T2P0'}
XLHEATE,{'Q7T2P0'}
SXHEATE,{'Q7T2P0'}
SLXEATE,{'Q91196', 'Q91197', 'Q91192', 'Q9N0Y2', 'Q7T2P0'}
SLHXATE,{'Q7T2P0'}
SLHEXTE,{'Q7T2P0'}
SLHEAXE,{'Q7T2P0'}
SLHEATX,{'Q7T2P0'}
SXTEALQ,{'Q9WVP9'}
SLTXALQ,{'Q9WVP9'}
SLTEXLQ,{'Q9WVP9'}
XRVSLTE,{'Q91197', 'Q91192', 'Q6TN15', 'Q91196'}
ERXSLTE,{'Q91197', 'Q91192', 'Q6TN15', 'Q91196'}
ERVXLTE,{'Q91197', 'Q91192', 'Q6TN15', 'Q91196'}
ERVSXTE,{'Q91197', 'Q91192', 'Q6TN15', 'Q91196'}
ERVSLXE,{'Q91197', 'Q91192', 'Q6TN15', 'Q91196'}
ERVSLTX,{'Q91197', 'Q91192', 'Q6TN15', 'Q91196'}
XLTEATE,{'Q91197', 'Q91192', 'Q91196'}
SXTEATE,{'Q91197', 'Q91192', 'Q91196'}
SLTXATE,{'Q91197', 'Q91192', 'Q91196'}
SLTEXTE,{'Q91197', 'Q91192', 'Q91196'}
SLTEATX,{'Q91197', 'Q91192', 'Q91196'}
XLAEATK,{'P20592', 'A7VK00'}
SXAEATK,{'P20592', 'A7VK00'}
SLXEATK,{'P20592', 'A7VK00'}
SLAXATK,{'P20592', 'A7VK00'}
SLAEXTK,{'P20592', 'A7VK00'}
SLAEAXK,{'P20592', 'A7VK00'}
XREIAFF,{'A7VK00'}
KXEIAFF,{'A7VK00'}
KRXIAFF,{'A7VK00'}
KREXAFF,{'A7VK00'}
KREIXFF,{'A7VK00'}
KREIAXF,{'A7VK00'}
KREIAFX,{'A7VK00'}
XHISKSL,{'A7VK00'}
GXISKSL,{'A7VK00'}
GHXSKSL,{'A7VK00'}
GHIXKSL,{'A7VK00'}
GHISXSL,{'A7VK00'}
GHISKXL,{'A7VK00'}
GHISKSX,{'A7VK00'}
XSKSLPL,{'A7VK00'}
ISXSLPL,{'A7VK00'}
ISKXLPL,{'A7VK00'}
ISKSXPL,{'A7VK00'}
ISKSLXL,{'A7VK00'}
ISKSLPX,{'A7VK00'}
GXVEALE,{'Q800G5'}
GLXEALE,{'Q800G5'}
GLVXALE,{'Q800G5'}
GLVEXLE,{'Q800G5'}
GLVEAXE,{'Q800G5'}
GLVEALX,{'Q800G5'}
XRLSLDK,{'P33237'}
HXLSLDK,{'P33237'}
HRLXLDK,{'P33237'}
HRLSXDK,{'P33237'}
HRLSLXK,{'P33237'}
HRLSLDX,{'P33237'}
XQVSLAE,{'Q9N0Y3'}
DXVSLAE,{'Q9N0Y3'}
DQXSLAE,{'Q9N0Y3'}
DQVXLAE,{'Q9N0Y3'}
DQVSXAE,{'Q9N0Y3'}
DQVSLXE,{'Q9N0Y3'}
DQVSLAX,{'Q9N0Y3'}
QVXLAEA,{'Q9N0Y3'}
QVSXAEA,{'Q9N0Y3'}
QVSLXEA,{'Q9N0Y3'}
QVSLAXA,{'Q9N0Y3'}
QVSLAEX,{'Q9N0Y3'}
NRXSLAE,{'P20592'}
NRLXLAE,{'P20592'}
NRLSXAE,{'P20592'}
NRLSLXE,{'P20592'}
NRLSLAX,{'P20592'}
NQXSLAE,{'Q9N0Y2'}
NQLXLAE,{'Q9N0Y2'}
NQLSXAE,{'Q9N0Y2'}
NQLSLXE,{'Q9N0Y2'}
NQLSLAX,{'Q9N0Y2'}
XLAEATE,{'Q9N0Y2'}
SXAEATE,{'Q9N0Y2'}
SLAXATE,{'Q9N0Y2'}
SLAEXTE,{'Q9N0Y2'}
XRETAFF,{'Q6TN15'}
EXETAFF,{'Q6TN15'}
ERXTAFF,{'Q6TN15'}
ERETXFF,{'Q6TN15'}
ERETAXF,{'Q6TN15'}
ERETAFX,{'Q6TN15'}
XCFSLSY,{'Q80U63'}
QXFSLSY,{'Q80U63'}
QCXSLSY,{'Q80U63'}
QCFXLSY,{'Q80U63'}
QCFSXSY,{'Q80U63'}
QCFSLXY,{'Q80U63'}
QCFSLSX,{'Q80U63'}
XSLSYDL,{'Q80U63'}
FSXSYDL,{'Q80U63'}
FSLXYDL,{'Q80U63'}
FSLSXDL,{'Q80U63'}
FSLSYXL,{'Q80U63'}
FSLSYDX,{'Q80U63'}
XAEQAQR,{'Q8BZ98'}
SXEQAQR,{'Q8BZ98'}
SAXQAQR,{'Q8BZ98'}
SAEXAQR,{'Q8BZ98'}
SAEQXQR,{'Q8BZ98'}
SAEQAXR,{'Q8BZ98'}
SAEQAQX,{'Q8BZ98'}
XLKEALA,{'Q8BZ98', 'Q08877'}
AXKEALA,{'Q8BZ98', 'Q08877'}
ALXEALA,{'Q8BZ98', 'Q08877'}
ALKXALA,{'Q8BZ98', 'Q08877'}
ALKEXLA,{'Q8BZ98', 'Q08877'}
ALKEAXA,{'Q8BZ98', 'Q08877'}
XEALAII,{'Q8BZ98', 'Q08877'}
KXALAII,{'Q8BZ98', 'Q08877'}
KEXLAII,{'Q8BZ98', 'Q08877'}
KEAXAII,{'Q8BZ98', 'Q08877'}
KEALXII,{'Q8BZ98', 'Q08877'}
KEALAXI,{'Q8BZ98', 'Q08877'}
KEALAIX,{'Q8BZ98', 'Q08877'}
XIESSIV,{'P42697'}
LXESSIV,{'P42697'}
LIXSSIV,{'P42697'}
LIEXSIV,{'P42697'}
LIESXIV,{'P42697'}
LIESSXV,{'P42697'}
LIESSIX,{'P42697'}
XESSIVS,{'P42697'}
IXSSIVS,{'P42697'}
IEXSIVS,{'P42697'}
IESXIVS,{'P42697'}
IESSXVS,{'P42697'}
IESSIXS,{'P42697'}
IESSIVX,{'P42697'}
XYEEARM,{'Q9ZP55'}
TXEEARM,{'Q9ZP55'}
TYXEARM,{'Q9ZP55'}
TYEXARM,{'Q9ZP55'}
TYEEXRM,{'Q9ZP55'}
TYEEAXM,{'Q9ZP55'}
TYEEARX,{'Q9ZP55'}
XMMLARR,{'Q9FNX5'}
DXMLARR,{'Q9FNX5'}
DMXLARR,{'Q9FNX5'}
DMMXARR,{'Q9FNX5', 'Q8S3C9'}
DMMLXRR,{'Q9FNX5'}
DMMLAXR,{'Q9FNX5'}
DMMLARX,{'Q9FNX5'}
XIHQALA,{'P27619'}
DXHQALA,{'P27619'}
DIXQALA,{'P27619'}
DIHXALA,{'P27619'}
DIHQXLA,{'P27619'}
DIHQAXA,{'P27619'}
DIHQALX,{'P27619'}
XQALAAE,{'P27619'}
HXALAAE,{'P27619'}
HQXLAAE,{'P27619'}
HQAXAAE,{'P27619'}
HQALXAE,{'P27619'}
HQALAXE,{'P27619'}
HQALAAX,{'P27619'}
XCKDALQ,{'P27619'}
AXKDALQ,{'P27619'}
ACXDALQ,{'P27619'}
ACKXALQ,{'P27619'}
ACKDXLQ,{'P27619'}
ACKDAXQ,{'P27619'}
ACKDALX,{'P27619'}
XIKDALV,{'Q8LFT2'}
SXKDALV,{'Q8LFT2'}
SIXDALV,{'Q8LFT2'}
SIKXALV,{'Q8LFT2'}
SIKDXLV,{'Q8LFT2'}
SIKDAXV,{'Q8LFT2'}
SIKDALX,{'Q8LFT2'}
XALVAEE,{'Q8LFT2'}
DXLVAEE,{'Q8LFT2'}
DAXVAEE,{'Q8LFT2'}
DALXAEE,{'Q8LFT2'}
DALVXEE,{'Q8LFT2'}
DALVAXE,{'Q8LFT2'}
DALVAEX,{'Q8LFT2'}
XMMVARR,{'Q8S3C9'}
DXMVARR,{'Q8S3C9'}
DMXVARR,{'Q8S3C9'}
DMMVXRR,{'Q8S3C9'}
DMMVAXR,{'Q8S3C9'}
DMMVARX,{'Q8S3C9'}
XAQSGSG,{'Q9SE83'}
SXQSGSG,{'Q9SE83'}
SAXSGSG,{'Q9SE83'}
SAQXGSG,{'Q9SE83'}
SAQSXSG,{'Q9SE83'}
SAQSGXG,{'Q9SE83'}
SAQSGSX,{'Q9SE83'}
XSGSGEN,{'Q9SE83'}
QXGSGEN,{'Q9SE83'}
QSXSGEN,{'Q9SE83'}
QSGXGEN,{'Q9SE83'}
QSGSXEN,{'Q9SE83'}
QSGSGXN,{'Q9SE83'}
QSGSGEX,{'Q9SE83'}
XENSLET,{'Q9SE83', 'Q9LQ55'}
GXNSLET,{'Q9SE83'}
GEXSLET,{'Q9SE83'}
GENXLET,{'Q9SE83'}
GENSXET,{'Q9SE83'}
GENSLXT,{'Q9SE83'}
GENSLEX,{'Q9SE83'}
XVIQARG,{'Q9SE83'}
KXIQARG,{'Q9SE83'}
KVXQARG,{'Q9SE83'}
KVIXARG,{'Q9SE83'}
KVIQXRG,{'Q9SE83'}
KVIQAXG,{'Q9SE83'}
KVIQARX,{'Q9SE83'}
XLLSKLT,{'Q9SE83', 'Q9LQ55'}
SXLSKLT,{'Q9SE83', 'Q9LQ55'}
SLXSKLT,{'Q9SE83', 'Q9LQ55'}
SLLXKLT,{'Q9SE83', 'Q9LQ55'}
SLLSXLT,{'Q9SE83', 'Q9LQ55'}
SLLSKXT,{'Q9SE83', 'Q9LQ55'}
SLLSKLX,{'Q9SE83', 'Q9LQ55'}
XQLSIHD,{'Q9SE83', 'Q9LQ55'}
RXLSIHD,{'Q9SE83', 'Q9LQ55'}
RQXSIHD,{'Q9SE83', 'Q9LQ55'}
RQLXIHD,{'Q9SE83', 'Q9LQ55'}
RQLSXHD,{'Q9SE83', 'Q9LQ55'}
RQLSIXD,{'Q9SE83', 'Q9LQ55'}
RQLSIHX,{'Q9SE83', 'Q9LQ55'}
XAQSGGS,{'Q9LQ55'}
SXQSGGS,{'Q9LQ55'}
SAXSGGS,{'Q9LQ55'}
SAQXGGS,{'Q9LQ55'}
SAQSXGS,{'Q9LQ55'}
SAQSGXS,{'Q9LQ55'}
SAQSGGX,{'Q9LQ55'}
XGGSENS,{'Q9LQ55'}
SXGSENS,{'Q9LQ55'}
SGXSENS,{'Q9LQ55'}
SGGXENS,{'Q9LQ55'}
SGGSXNS,{'Q9LQ55'}
SGGSEXS,{'Q9LQ55'}
SGGSENX,{'Q9LQ55'}
SXNSLET,{'Q9LQ55'}
SEXSLET,{'Q9LQ55'}
SENXLET,{'Q9LQ55'}
SENSXET,{'Q9LQ55'}
SENSLXT,{'Q9LQ55'}
SENSLEX,{'Q9LQ55'}
XWMSQEV,{'Q9LQ55'}
RXMSQEV,{'Q9LQ55'}
RWXSQEV,{'Q9LQ55'}
RWMXQEV,{'Q9LQ55'}
RWMSXEV,{'Q9LQ55'}
RWMSQXV,{'Q9LQ55'}
RWMSQEX,{'Q9LQ55'}
XYVEAVL,{'Q9LQ55'}
GXVEAVL,{'Q9LQ55'}
GYXEAVL,{'Q9LQ55'}
GYVXAVL,{'Q9LQ55'}
GYVEXVL,{'Q9LQ55'}
GYVEAXL,{'Q9LQ55'}
GYVEAVX,{'Q9LQ55'}
XTLSEGP,{'Q2TA68', 'Q5RAM3', 'O60313'}
VXLSEGP,{'Q2TA68', 'Q5RAM3', 'O60313'}
VTXSEGP,{'Q2TA68', 'Q5RAM3', 'O60313'}
VTLXEGP,{'Q2TA68', 'Q5RAM3', 'O60313'}
VTLSXGP,{'Q2TA68', 'Q5RAM3', 'O60313'}
VTLSEXP,{'Q2TA68', 'Q5RAM3', 'O60313'}
VTLSEGX,{'Q2TA68', 'Q5RAM3', 'O60313'}
XSESIEA,{'Q2TA68', 'Q5RAM3', 'O60313'}
SXESIEA,{'Q2TA68', 'Q5RAM3', 'O60313'}
SSXSIEA,{'Q2TA68', 'Q5RAM3', 'O60313'}
SSEXIEA,{'Q2TA68', 'Q5RAM3', 'O60313'}
SSESXEA,{'Q2TA68', 'Q5RAM3', 'O60313'}
SSESIXA,{'Q2TA68', 'Q5RAM3', 'O60313'}
SSESIEX,{'Q2TA68', 'Q5RAM3', 'O60313', 'Q5F499'}
XSIEAIR,{'Q2TA68', 'Q5RAM3', 'O60313'}
EXIEAIR,{'Q2TA68', 'Q5RAM3', 'O60313'}
ESXEAIR,{'Q2TA68', 'Q5RAM3', 'O60313'}
ESIXAIR,{'Q2TA68', 'Q5RAM3', 'O60313'}
ESIEXIR,{'Q2TA68', 'Q5RAM3', 'O60313'}
ESIEAXR,{'Q2TA68', 'Q5RAM3', 'O60313'}
ESIEAIX,{'Q2TA68', 'Q5RAM3', 'O60313'}
XNDFAED,{'Q2TA68', 'Q5RAM3', 'O60313'}
WXDFAED,{'Q2TA68', 'Q5RAM3', 'O60313'}
WNXFAED,{'Q2TA68', 'Q5RAM3', 'O60313'}
WNDXAED,{'Q2TA68', 'Q5RAM3', 'O60313'}
WNDFXED,{'Q2TA68', 'Q5RAM3', 'O60313'}
WNDFAXD,{'Q2TA68', 'Q5RAM3', 'O60313'}
WNDFAEX,{'Q2TA68', 'Q5RAM3', 'O60313'}
XNESIDS,{'Q5U3A7'}
PXESIDS,{'Q5U3A7'}
PNXSIDS,{'Q5U3A7'}
PNEXIDS,{'Q5U3A7'}
PNESXDS,{'Q5U3A7'}
PNESIXS,{'Q5U3A7'}
PNESIDX,{'Q5U3A7'}
XIDSIKD,{'Q5U3A7', 'O93248'}
SXDSIKD,{'Q5U3A7', 'O93248'}
SIXSIKD,{'Q5U3A7', 'O93248'}
SIDXIKD,{'Q5U3A7', 'O93248'}
SIDSXKD,{'Q5U3A7', 'O93248'}
SIDSIXD,{'Q5U3A7', 'O93248'}
SIDSIKX,{'Q5U3A7', 'O93248'}
XGESIDS,{'O93248'}
AXESIDS,{'O93248'}
AGXSIDS,{'O93248'}
AGEXIDS,{'O93248'}
AGESXDS,{'O93248'}
AGESIXS,{'O93248'}
AGESIDX,{'O93248'}
XREDALY,{'Q9USY7'}
NXEDALY,{'Q9USY7'}
NRXDALY,{'Q9USY7'}
NREXALY,{'Q9USY7'}
NREDXLY,{'Q9USY7'}
NREDAXY,{'Q9USY7'}
NREDALX,{'Q9USY7'}
XLYSSFF,{'Q9USY7'}
AXYSSFF,{'Q9USY7'}
ALXSSFF,{'Q9USY7'}
ALYXSFF,{'Q9USY7'}
ALYSXFF,{'Q9USY7'}
ALYSSXF,{'Q9USY7'}
ALYSSFX,{'Q9USY7'}
XYSSFFQ,{'Q9USY7'}
LXSSFFQ,{'Q9USY7'}
LYXSFFQ,{'Q9USY7'}
LYSXFFQ,{'Q9USY7'}
LYSSXFQ,{'Q9USY7'}
LYSSFXQ,{'Q9USY7'}
LYSSFFX,{'Q9USY7'}
XYLSKLL,{'P38297'}
TXLSKLL,{'P38297'}
TYXSKLL,{'P38297'}
TYLXKLL,{'P38297'}
TYLSXLL,{'P38297'}
TYLSKXL,{'P38297'}
TYLSKLX,{'P38297'}
XLLSDII,{'P38297'}
KXLSDII,{'P38297'}
KLXSDII,{'P38297'}
KLLXDII,{'P38297'}
KLLSXII,{'P38297'}
KLLSDXI,{'P38297'}
KLLSDIX,{'P38297'}
XALEALH,{'O18412'}
SXLEALH,{'O18412'}
SAXEALH,{'O18412'}
SALXALH,{'O18412'}
SALEXLH,{'O18412'}
SALEAXH,{'O18412'}
SALEALX,{'O18412'}
XFVSSRE,{'Q23424'}
FXVSSRE,{'Q23424'}
FFXSSRE,{'Q23424'}
FFVXSRE,{'Q23424'}
FFVSSXE,{'Q23424'}
FFVSSRX,{'Q23424'}
XVSSREV,{'Q23424'}
FXSSREV,{'Q23424'}
FVXSREV,{'Q23424'}
FVSXREV,{'Q23424'}
FVSSXEV,{'Q23424'}
FVSSRXV,{'Q23424'}
FVSSREX,{'Q23424'}
XLESRLK,{'Q23424'}
VXESRLK,{'Q23424'}
VLXSRLK,{'Q23424'}
VLEXRLK,{'Q23424'}
VLESXLK,{'Q23424'}
VLESRXK,{'Q23424'}
VLESRLX,{'Q23424'}
XRLKARG,{'Q23424'}
SXLKARG,{'Q23424'}
SRXKARG,{'Q23424'}
SRLXARG,{'Q23424'}
SRLKXRG,{'Q23424'}
SRLKAXG,{'Q23424'}
SRLKARX,{'Q23424'}
XVQKAYQ,{'Q23424'}
LXQKAYQ,{'Q23424'}
LVXKAYQ,{'Q23424'}
LVQXAYQ,{'Q23424'}
LVQKXYQ,{'Q23424'}
LVQKAXQ,{'Q23424'}
LVQKAYX,{'Q23424'}
XSESIES,{'Q5F499'}
SXESIES,{'Q5F499'}
SSXSIES,{'Q5F499'}
SSEXIES,{'Q5F499'}
SSESXES,{'Q5F499'}
SSESIXS,{'Q5F499'}
XIESIKE,{'Q5F499'}
SXESIKE,{'Q5F499'}
SIXSIKE,{'Q5F499'}
SIEXIKE,{'Q5F499'}
SIESXKE,{'Q5F499'}
SIESIXE,{'Q5F499'}
SIESIKX,{'Q5F499'}
XNERAED,{'Q5F499'}
WXERAED,{'Q5F499'}
WNXRAED,{'Q5F499'}
WNEXAED,{'Q5F499'}
WNERXED,{'Q5F499'}
WNERAXD,{'Q5F499'}
WNERAEX,{'Q5F499'}
XDGSENG,{'Q7TQ48'}
EXGSENG,{'Q7TQ48'}
EDXSENG,{'Q7TQ48'}
EDGXENG,{'Q7TQ48'}
EDGSXNG,{'Q7TQ48'}
EDGSEXG,{'Q7TQ48'}
EDGSENX,{'Q7TQ48'}
XIESSLI,{'Q39821'}
LXESSLI,{'Q39821'}
LIXSSLI,{'Q39821'}
LIEXSLI,{'Q39821'}
LIESXLI,{'Q39821'}
LIESSXI,{'Q39821'}
LIESSLX,{'Q39821'}
XESSLIT,{'Q39821'}
IXSSLIT,{'Q39821'}
IEXSLIT,{'Q39821'}
IESXLIT,{'Q39821'}
IESSXIT,{'Q39821'}
IESSLXT,{'Q39821'}
IESSLIX,{'Q39821'}
XDMHALE,{'Q55F94'}
RXMHALE,{'Q55F94'}
RDXHALE,{'Q55F94'}
RDMXALE,{'Q55F94'}
RDMHXLE,{'Q55F94'}
RDMHAXE,{'Q55F94'}
RDMHALX,{'Q55F94'}
XSASSSN,{'Q55AX0'}
NXASSSN,{'Q55AX0'}
NSXSSSN,{'Q55AX0'}
NSAXSSN,{'Q55AX0'}
NSASXSN,{'Q55AX0'}
NSASSXN,{'Q55AX0'}
NSASSSX,{'Q55AX0'}
XASSSNN,{'Q55AX0'}
SXSSSNN,{'Q55AX0'}
SAXSSNN,{'Q55AX0'}
SASXSNN,{'Q55AX0'}
SASSXNN,{'Q55AX0'}
SASSSXN,{'Q55AX0'}
SASSSNX,{'Q55AX0'}
XSSSNNN,{'Q55AX0'}
AXSSNNN,{'Q55AX0'}
ASXSNNN,{'Q55AX0'}
ASSXNNN,{'Q55AX0'}
ASSSXNN,{'Q55AX0'}
ASSSNXN,{'Q55AX0'}
ASSSNNX,{'Q55AX0'}
XELSSIQ,{'B2IZD3'}
FXLSSIQ,{'B2IZD3'}
FEXSSIQ,{'B2IZD3'}
FELXSIQ,{'B2IZD3'}
FELSXIQ,{'B2IZD3'}
FELSSXQ,{'B2IZD3'}
FELSSIX,{'B2IZD3'}
XRERAIA,{'B2IZD3'}
TXERAIA,{'B2IZD3'}
TRXRAIA,{'B2IZD3'}
TREXAIA,{'B2IZD3'}
TRERXIA,{'B2IZD3'}
TRERAXA,{'B2IZD3'}
TRERAIX,{'B2IZD3'}
XRAIAEL,{'B2IZD3'}
EXAIAEL,{'B2IZD3'}
ERXIAEL,{'B2IZD3'}
ERAXAEL,{'B2IZD3'}
ERAIXEL,{'B2IZD3'}
ERAIAXL,{'B2IZD3'}
ERAIAEX,{'B2IZD3'}
XQDSVYK,{'Q84N64'}
GXDSVYK,{'Q84N64'}
GQXSVYK,{'Q84N64'}
GQDXVYK,{'Q84N64'}
GQDSXYK,{'Q84N64'}
GQDSVXK,{'Q84N64'}
GQDSVYX,{'Q84N64'}
