XXDAMHS,{'Q5S007'}
XFXAMHS,{'Q5S007'}
XFDXMHS,{'Q5S007'}
XFDAXHS,{'Q5S007'}
XFDAMXS,{'Q5S007'}
XFDAMHX,{'Q5S007', 'Q5S006'}
IXXAMHS,{'Q5S007'}
IXDXMHS,{'Q5S007'}
IXDAXHS,{'Q5S007'}
IXDAMXS,{'Q5S007'}
IXDAMHX,{'Q5S007', 'Q5S006'}
IFXXMHS,{'Q5S007'}
IFXAXHS,{'Q5S007'}
IFXAMXS,{'Q5S007'}
IFXAMHX,{'Q5S007', 'Q5S006'}
IFDXXHS,{'Q5S007'}
IFDXMXS,{'Q5S007'}
IFDXMHX,{'Q5S007', 'Q5S006'}
IFDAXXS,{'Q5S007'}
IFDAXHX,{'Q5S007', 'Q5S006'}
IFDAMXX,{'Q5S007', 'Q5S006'}
XXPANDE,{'Q5S007'}
XFXANDE,{'Q5S007'}
XFPXNDE,{'Q5S007'}
XFPAXDE,{'Q5S007'}
XFPANXE,{'Q5S007'}
XFPANDX,{'Q5S007'}
SXXANDE,{'Q5S007'}
SXPXNDE,{'Q5S007'}
SXPAXDE,{'Q5S007'}
SXPANXE,{'Q5S007'}
SXPANDX,{'Q5S007'}
SFXXNDE,{'Q5S007'}
SFXAXDE,{'Q5S007'}
SFXANXE,{'Q5S007'}
SFXANDX,{'Q5S007'}
SFPXXDE,{'Q5S007'}
SFPXNXE,{'Q5S007'}
SFPXNDX,{'Q5S007'}
SFPAXXE,{'Q5S007'}
SFPAXDX,{'Q5S007'}
SFPANXX,{'Q5S007'}
XXKALHV,{'Q5S007', 'Q5S006'}
XCXALHV,{'Q5S007', 'Q5S006'}
XCKXLHV,{'Q5S007', 'Q5S006'}
XCKAXHV,{'Q5S007', 'Q5S006'}
XCKALXV,{'Q5S007', 'Q5S006'}
XCKALHX,{'Q5S007', 'Q5S006'}
GXXALHV,{'Q5S007', 'Q5S006'}
GXKXLHV,{'Q5S007', 'Q5S006'}
GXKAXHV,{'Q5S007', 'Q5S006'}
GXKALXV,{'Q5S007', 'Q5S006'}
GXKALHX,{'Q5S007', 'Q5S006'}
GCXXLHV,{'Q5S007', 'Q5S006'}
GCXAXHV,{'Q5S007', 'Q5S006'}
GCXALXV,{'Q5S007', 'Q5S006'}
GCXALHX,{'Q5S007', 'Q5S006'}
GCKXXHV,{'Q5S007', 'Q5S006'}
GCKXLXV,{'Q5S007', 'Q5S006'}
GCKXLHX,{'Q5S007', 'Q5S006'}
GCKAXXV,{'Q5S007', 'Q5S006'}
GCKAXHX,{'Q5S007', 'Q5S006'}
GCKALXX,{'Q5S007', 'Q5S006'}
XXEAMKA,{'Q5S007', 'Q5S006'}
XVXAMKA,{'Q5S007', 'Q5S006'}
XVEXMKA,{'Q5S007', 'Q5S006'}
XVEAXKA,{'Q5S007', 'Q5S006'}
XVEAMXA,{'Q5S007', 'Q5S006'}
XVEAMKX,{'Q5S007', 'Q5S006'}
VXXAMKA,{'Q5S007', 'Q5S006'}
VXEXMKA,{'Q5S007', 'Q5S006'}
VXEAXKA,{'Q5S007', 'Q5S006'}
VXEAMXA,{'Q5S007', 'Q5S006'}
VXEAMKX,{'Q5S007', 'Q5S006'}
VVXXMKA,{'Q5S007', 'Q5S006'}
VVXAXKA,{'Q5S007', 'Q5S006'}
VVXAMXA,{'Q5S007', 'Q5S006'}
VVXAMKX,{'Q5S007', 'Q5S006'}
VVEXXKA,{'Q5S007', 'Q5S006'}
VVEXMXA,{'Q5S007', 'Q5S006'}
VVEXMKX,{'Q5S007', 'Q5S006'}
VVEAXXA,{'Q5S007', 'Q5S006'}
VVEAXKX,{'Q5S007', 'Q5S006'}
VVEAMXX,{'Q5S007', 'Q5S006'}
XXKAFPM,{'Q5S007'}
XMXAFPM,{'Q5S007'}
XMKXFPM,{'Q5S007'}
XMKAXPM,{'Q5S007'}
XMKAFXM,{'Q5S007'}
XMKAFPX,{'Q5S007', 'Q5S006'}
AXXAFPM,{'Q5S007'}
AXKXFPM,{'Q5S007'}
AXKAXPM,{'Q5S007'}
AXKAFXM,{'Q5S007'}
AXKAFPX,{'Q5S007', 'Q5S006'}
AMXXFPM,{'Q5S007'}
AMXAXPM,{'Q5S007'}
AMXAFXM,{'Q5S007'}
AMXAFPX,{'Q5S007', 'Q5S006'}
AMKXXPM,{'Q5S007'}
AMKXFXM,{'Q5S007'}
AMKXFPX,{'Q5S007', 'Q5S006'}
AMKAXXM,{'Q5S007'}
AMKAXPX,{'Q5S007', 'Q5S006'}
AMKAFXX,{'Q5S007', 'Q5S006'}
XXVAMDD,{'Q5S007'}
XKXAMDD,{'Q5S007'}
XKVXMDD,{'Q5S007'}
XKVAXDD,{'Q5S007', 'Q5S006'}
XKVAMXD,{'Q5S007'}
XKVAMDX,{'Q5S007'}
AXXAMDD,{'Q5S007'}
AXVXMDD,{'Q5S007'}
AXVAXDD,{'Q5S007', 'Q5S006'}
AXVAMXD,{'Q5S007'}
AXVAMDX,{'Q5S007'}
AKXXMDD,{'Q5S007'}
AKXAXDD,{'Q5S007', 'Q5S006'}
AKXAMXD,{'Q5S007'}
AKXAMDX,{'Q5S007'}
AKVXXDD,{'Q5S007', 'Q5S006'}
AKVXMXD,{'Q5S007'}
AKVXMDX,{'Q5S007'}
AKVAXXD,{'Q5S007', 'Q5S006'}
AKVAXDX,{'Q5S007', 'Q5S006'}
AKVAMXX,{'Q5S007'}
XXRACDQ,{'Q5S007', 'Q5S006'}
XEXACDQ,{'Q5S007', 'Q5S006'}
XERXCDQ,{'Q5S007', 'Q5S006'}
XERAXDQ,{'Q5S007', 'Q5S006'}
XERACXQ,{'Q5S007', 'Q5S006'}
XERACDX,{'Q5S007', 'Q5S006'}
LXXACDQ,{'Q5S007', 'Q5S006'}
LXRXCDQ,{'Q5S007', 'Q5S006'}
LXRAXDQ,{'Q5S007', 'Q5S006'}
LXRACXQ,{'Q5S007', 'Q5S006'}
LXRACDX,{'Q5S007', 'Q5S006'}
LEXXCDQ,{'Q5S007', 'Q5S006'}
LEXAXDQ,{'Q5S007', 'Q5S006'}
LEXACXQ,{'Q5S007', 'Q5S006'}
LEXACDX,{'Q5S007', 'Q5S006'}
LERXXDQ,{'Q5S007', 'Q5S006'}
LERXCXQ,{'Q5S007', 'Q5S006'}
LERXCDX,{'Q5S007', 'Q5S006'}
LERAXXQ,{'Q5S007', 'Q5S006'}
LERAXDX,{'Q5S007', 'Q5S006'}
LERACXX,{'Q5S007', 'Q5S006'}
XXDAVLQ,{'Q5S007'}
XRXAVLQ,{'Q5S007'}
XRDXVLQ,{'Q5S007'}
XRDAXLQ,{'Q5S007'}
XRDAVXQ,{'Q5S007'}
XRDAVLX,{'Q5S007'}
YXXAVLQ,{'Q5S007'}
YXDXVLQ,{'Q5S007'}
YXDAXLQ,{'Q5S007'}
YXDAVXQ,{'Q5S007'}
YXDAVLX,{'Q5S007'}
YRXXVLQ,{'Q5S007'}
YRXAXLQ,{'Q5S007'}
YRXAVXQ,{'Q5S007'}
YRXAVLX,{'Q5S007'}
YRDXXLQ,{'Q5S007'}
YRDXVXQ,{'Q5S007'}
YRDXVLX,{'Q5S007'}
YRDAXXQ,{'Q5S007'}
YRDAXLX,{'Q5S007'}
YRDAVXX,{'Q5S007'}
XXLASER,{'Q5S007', 'Q5S006'}
XSXASER,{'Q5S007', 'Q5S006'}
XSLXSER,{'Q5S007', 'Q5S006'}
XSLAXER,{'Q5S007', 'Q5S006'}
XSLASXR,{'Q5S007', 'Q5S006'}
XSLASEX,{'Q5S007', 'Q5S006'}
SXXASER,{'Q5S007', 'Q5S006'}
SXLXSER,{'Q5S007', 'Q5S006'}
SXLAXER,{'Q5S007', 'Q5S006'}
SXLASXR,{'Q5S007', 'Q5S006'}
SXLASEX,{'Q5S007', 'Q5S006'}
SSXXSER,{'Q5S007', 'Q5S006'}
SSXAXER,{'Q5S007', 'Q5S006'}
SSXASXR,{'Q5S007', 'Q5S006'}
SSXASEX,{'Q5S007', 'Q5S006'}
SSLXXER,{'Q5S007', 'Q5S006'}
SSLXSXR,{'Q5S007', 'Q5S006'}
SSLXSEX,{'Q5S007', 'Q5S006'}
SSLAXXR,{'Q5S007', 'Q5S006'}
SSLAXEX,{'Q5S007', 'Q5S006'}
SSLASXX,{'Q5S007', 'Q5S006'}
XXNATEE,{'Q5S007', 'Q5S006'}
XVXATEE,{'Q5S007', 'Q5S006'}
XVNXTEE,{'Q5S007', 'Q5S006'}
XVNAXEE,{'Q5S007', 'Q5S006'}
XVNATXE,{'Q5S007', 'Q5S006'}
XVNATEX,{'Q5S007', 'Q5S006'}
FXXATEE,{'Q5S007', 'Q5S006'}
FXNXTEE,{'Q5S007', 'Q5S006'}
FXNAXEE,{'Q5S007', 'Q5S006'}
FXNATXE,{'Q5S007', 'Q5S006'}
FXNATEX,{'Q5S007', 'Q5S006'}
FVXXTEE,{'Q5S007', 'Q5S006'}
FVXAXEE,{'Q5S007', 'Q5S006'}
FVXATXE,{'Q5S007', 'Q5S006'}
FVXATEX,{'Q5S007', 'Q5S006'}
FVNXXEE,{'Q5S007', 'Q5S006'}
FVNXTXE,{'Q5S007', 'Q5S006'}
FVNXTEX,{'Q5S007', 'Q5S006'}
FVNAXXE,{'Q5S007', 'Q5S006'}
FVNAXEX,{'Q5S007', 'Q5S006'}
FVNATXX,{'Q5S007', 'Q5S006'}
XXDALAK,{'Q5S007', 'Q5S006'}
XSXALAK,{'Q5S007', 'Q5S006'}
XSDXLAK,{'Q5S007', 'Q5S006'}
XSDAXAK,{'Q5S007', 'Q5S006'}
XSDALXK,{'Q5S007', 'Q5S006'}
XSDALAX,{'Q5S007', 'Q5S006'}
EXXALAK,{'Q5S007', 'Q5S006'}
EXDXLAK,{'Q5S007', 'Q5S006'}
EXDAXAK,{'Q5S007', 'Q5S006'}
EXDALXK,{'Q5S007', 'Q5S006'}
EXDALAX,{'Q5S007', 'Q5S006'}
ESXXLAK,{'Q5S007', 'Q5S006'}
ESXAXAK,{'Q5S007', 'Q5S006'}
ESXALXK,{'Q5S007', 'Q5S006'}
ESXALAX,{'Q5S007', 'Q5S006'}
ESDXXAK,{'Q5S007', 'Q5S006'}
ESDXLXK,{'Q5S007', 'Q5S006'}
ESDXLAX,{'Q5S007', 'Q5S006'}
ESDAXXK,{'Q5S007', 'Q5S006'}
ESDAXAX,{'Q5S007', 'Q5S006'}
ESDALXX,{'Q5S007', 'Q5S006'}
XXLAKLR,{'Q5S007', 'Q5S006'}
XAXAKLR,{'Q5S007', 'Q5S006'}
XALXKLR,{'Q5S007', 'Q5S006'}
XALAXLR,{'Q5S007', 'Q5S006'}
XALAKXR,{'Q5S007', 'Q5S006'}
XALAKLX,{'Q5S007', 'Q5S006'}
DXXAKLR,{'Q5S007', 'Q5S006'}
DXLXKLR,{'Q5S007', 'Q5S006'}
DXLAXLR,{'Q5S007', 'Q5S006'}
DXLAKXR,{'Q5S007', 'Q5S006'}
DXLAKLX,{'Q5S007', 'Q5S006'}
DAXXKLR,{'Q5S007', 'Q5S006'}
DAXAXLR,{'Q5S007', 'Q5S006'}
DAXAKXR,{'Q5S007', 'Q5S006'}
DAXAKLX,{'Q5S007', 'Q5S006'}
DALXXLR,{'Q5S007', 'Q5S006'}
DALXKXR,{'Q5S007', 'Q5S006'}
DALXKLX,{'Q5S007', 'Q5S006'}
DALAXXR,{'Q5S007', 'Q5S006'}
DALAXLX,{'Q5S007', 'Q5S006'}
DALAKXX,{'Q5S007', 'Q5S006'}
XXRAPEV,{'Q5S007', 'Q5S006'}
XFXAPEV,{'Q5S007', 'O44997', 'Q5S006'}
XFRXPEV,{'Q5S007', 'Q5S006'}
XFRAXEV,{'Q5S007', 'Q5S006'}
XFRAPXV,{'Q5S007', 'Q5S006'}
XFRAPEX,{'Q5S007', 'Q5S006'}
GXXAPEV,{'Q5S007', 'Q5S006'}
GXRXPEV,{'Q5S007', 'Q5S006'}
GXRAXEV,{'Q5S007', 'Q5S006'}
GXRAPXV,{'Q5S007', 'Q5S006'}
GXRAPEX,{'Q5S007', 'Q5S006'}
GFXXPEV,{'Q5S007', 'Q5S006'}
GFXAXEV,{'Q5S007', 'Q5S006'}
GFXAPXV,{'Q5S007', 'Q5S006'}
GFXAPEX,{'Q5S007', 'Q5S006'}
GFRXXEV,{'Q5S007', 'Q5S006'}
GFRXPXV,{'Q5S007', 'Q5S006'}
GFRXPEX,{'Q5S007', 'Q5S006'}
GFRAXXV,{'Q5S007', 'Q5S006'}
GFRAXEX,{'Q5S007', 'Q5S006'}
GFRAPXX,{'Q5S007', 'Q5S006'}
XXVARGN,{'Q5S007', 'Q5S006'}
XEXARGN,{'Q5S007', 'Q5S006'}
XEVXRGN,{'Q5S007', 'Q5S006'}
XEVAXGN,{'Q5S007', 'Q5S006'}
XEVARXN,{'Q5S007', 'Q5S006'}
XEVARGX,{'Q5S007', 'Q5S006'}
PXXARGN,{'Q5S007', 'Q5S006'}
PXVXRGN,{'Q5S007', 'Q5S006'}
PXVAXGN,{'Q5S007', 'Q5S006'}
PXVARXN,{'Q5S007', 'Q5S006'}
PXVARGX,{'Q5S007', 'Q5S006'}
PEXXRGN,{'Q5S007', 'Q5S006'}
PEXAXGN,{'Q5S007', 'Q5S006'}
PEXARXN,{'Q5S007', 'Q5S006'}
PEXARGX,{'Q5S007', 'Q5S006'}
PEVXXGN,{'Q5S007', 'Q5S006'}
PEVXRXN,{'Q5S007', 'Q5S006'}
PEVXRGX,{'Q5S007', 'Q5S006'}
PEVAXXN,{'Q5S007', 'Q5S006'}
PEVAXGX,{'Q5S007', 'Q5S006'}
PEVARXX,{'Q5S007', 'Q5S006'}
XXQADVY,{'Q5S007', 'Q5S006'}
XQXADVY,{'Q5S007', 'Q5S006'}
XQQXDVY,{'Q5S007', 'Q5S006'}
XQQAXVY,{'Q5S007', 'Q5S006'}
XQQADXY,{'Q5S007', 'Q5S006'}
XQQADVX,{'Q5S007', 'Q5S006'}
NXXADVY,{'Q5S007', 'Q5S006'}
NXQXDVY,{'Q5S007', 'Q5S006'}
NXQAXVY,{'Q5S007', 'Q5S006'}
NXQADXY,{'Q5S007', 'Q5S006'}
NXQADVX,{'Q5S007', 'Q5S006'}
NQXXDVY,{'Q5S007', 'Q5S006'}
NQXAXVY,{'Q5S007', 'Q5S006'}
NQXADXY,{'Q5S007', 'Q5S006'}
NQXADVX,{'Q5S007', 'Q5S006'}
NQQXXVY,{'Q5S007', 'Q5S006'}
NQQXDXY,{'Q5S007', 'Q5S006'}
NQQXDVX,{'Q5S007', 'Q5S006'}
NQQAXXY,{'Q5S007', 'Q5S006'}
NQQAXVX,{'Q5S007', 'Q5S006'}
NQQADXX,{'Q5S007', 'Q5S006'}
XXTALWI,{'Q5S007'}
XNXALWI,{'Q5S007'}
XNTXLWI,{'Q5S007'}
XNTAXWI,{'Q5S007'}
XNTALXI,{'Q5S007'}
XNTALWX,{'Q5S007'}
KXXALWI,{'Q5S007'}
KXTXLWI,{'Q5S007'}
KXTAXWI,{'Q5S007'}
KXTALXI,{'Q5S007'}
KXTALWX,{'Q5S007'}
KNXXLWI,{'Q5S007'}
KNXAXWI,{'Q5S007'}
KNXALXI,{'Q5S007'}
KNXALWX,{'Q5S007'}
KNTXXWI,{'Q5S007'}
KNTXLXI,{'Q5S007'}
KNTXLWX,{'Q5S007'}
KNTAXXI,{'Q5S007'}
KNTAXWX,{'Q5S007'}
KNTALXX,{'Q5S007'}
XXDAMHR,{'Q5S006'}
XFXAMHR,{'Q5S006'}
XFDXMHR,{'Q5S006'}
XFDAXHR,{'Q5S006'}
XFDAMXR,{'Q5S006'}
IXXAMHR,{'Q5S006'}
IXDXMHR,{'Q5S006'}
IXDAXHR,{'Q5S006'}
IXDAMXR,{'Q5S006'}
IFXXMHR,{'Q5S006'}
IFXAXHR,{'Q5S006'}
IFXAMXR,{'Q5S006'}
IFDXXHR,{'Q5S006'}
IFDXMXR,{'Q5S006'}
IFDAXXR,{'Q5S006'}
XXSANDE,{'Q5S006'}
XYXANDE,{'Q5S006'}
XYSXNDE,{'Q5S006'}
XYSAXDE,{'Q5S006'}
XYSANXE,{'Q5S006'}
XYSANDX,{'Q5S006'}
RXXANDE,{'Q5S006'}
RXSXNDE,{'Q5S006'}
RXSAXDE,{'Q5S006'}
RXSANXE,{'Q5S006'}
RXSANDX,{'Q5S006'}
RYXXNDE,{'Q5S006'}
RYXAXDE,{'Q5S006'}
RYXANXE,{'Q5S006'}
RYXANDX,{'Q5S006'}
RYSXXDE,{'Q5S006'}
RYSXNXE,{'Q5S006'}
RYSXNDX,{'Q5S006'}
RYSAXXE,{'Q5S006'}
RYSAXDX,{'Q5S006'}
RYSANXX,{'Q5S006'}
XXKAFPT,{'Q5S006'}
XMXAFPT,{'Q5S006'}
XMKXFPT,{'Q5S006'}
XMKAXPT,{'Q5S006'}
XMKAFXT,{'Q5S006'}
AXXAFPT,{'Q5S006'}
AXKXFPT,{'Q5S006'}
AXKAXPT,{'Q5S006'}
AXKAFXT,{'Q5S006'}
AMXXFPT,{'Q5S006'}
AMXAXPT,{'Q5S006'}
AMXAFXT,{'Q5S006'}
AMKXXPT,{'Q5S006'}
AMKXFXT,{'Q5S006'}
AMKAXXT,{'Q5S006'}
XXVAVDD,{'Q5S006'}
XKXAVDD,{'Q5S006'}
XKVXVDD,{'Q5S006'}
XKVAVXD,{'Q5S006'}
XKVAVDX,{'Q5S006'}
AXXAVDD,{'Q5S006'}
AXVXVDD,{'Q5S006'}
AXVAVXD,{'Q5S006'}
AXVAVDX,{'Q5S006'}
AKXXVDD,{'Q5S006'}
AKXAVXD,{'Q5S006'}
AKXAVDX,{'Q5S006'}
AKVXVXD,{'Q5S006'}
AKVXVDX,{'Q5S006'}
AKVAVXX,{'Q5S006'}
XXSANEL,{'Q5S006'}
XLXANEL,{'Q5S006'}
XLSXNEL,{'Q5S006'}
XLSAXEL,{'Q5S006'}
XLSANXL,{'Q5S006'}
XLSANEX,{'Q5S006'}
DXXANEL,{'Q5S006'}
DXSXNEL,{'Q5S006'}
DXSAXEL,{'Q5S006'}
DXSANXL,{'Q5S006'}
DXSANEX,{'Q5S006'}
DLXXNEL,{'Q5S006'}
DLXAXEL,{'Q5S006'}
DLXANXL,{'Q5S006'}
DLXANEX,{'Q5S006'}
DLSXXEL,{'Q5S006'}
DLSXNXL,{'Q5S006'}
DLSXNEX,{'Q5S006'}
DLSAXXL,{'Q5S006'}
DLSAXEX,{'Q5S006'}
DLSANXX,{'Q5S006'}
XXDALSQ,{'Q5S006'}
XIXALSQ,{'Q5S006'}
XIDXLSQ,{'Q5S006'}
XIDAXSQ,{'Q5S006'}
XIDALXQ,{'Q5S006'}
XIDALSX,{'Q5S006'}
DXXALSQ,{'Q5S006'}
DXDXLSQ,{'Q5S006'}
DXDAXSQ,{'Q5S006'}
DXDALXQ,{'Q5S006'}
DXDALSX,{'Q5S006'}
DIXXLSQ,{'Q5S006'}
DIXAXSQ,{'Q5S006'}
DIXALXQ,{'Q5S006'}
DIXALSX,{'Q5S006'}
DIDXXSQ,{'Q5S006'}
DIDXLXQ,{'Q5S006'}
DIDXLSX,{'Q5S006'}
DIDAXXQ,{'Q5S006'}
DIDAXSX,{'Q5S006'}
DIDALXX,{'Q5S006'}
XXKAVPT,{'Q5S006'}
XRXAVPT,{'Q5S006'}
XRKXVPT,{'Q5S006'}
XRKAXPT,{'Q5S006'}
XRKAVXT,{'Q5S006'}
XRKAVPX,{'Q5S006'}
EXXAVPT,{'Q5S006'}
EXKXVPT,{'Q5S006'}
EXKAXPT,{'Q5S006'}
EXKAVXT,{'Q5S006'}
EXKAVPX,{'Q5S006'}
ERXXVPT,{'Q5S006'}
ERXAXPT,{'Q5S006'}
ERXAVXT,{'Q5S006'}
ERXAVPX,{'Q5S006'}
ERKXXPT,{'Q5S006'}
ERKXVXT,{'Q5S006'}
ERKXVPX,{'Q5S006'}
ERKAXXT,{'Q5S006'}
ERKAXPX,{'Q5S006'}
ERKAVXX,{'Q5S006'}
XXGALLV,{'Q5S006'}
XSXALLV,{'Q5S006'}
XSGXLLV,{'Q5S006'}
XSGAXLV,{'Q5S006'}
XSGALXV,{'Q5S006'}
XSGALLX,{'Q5S006'}
QXXALLV,{'Q5S006'}
QXGXLLV,{'Q5S006'}
QXGAXLV,{'Q5S006'}
QXGALXV,{'Q5S006'}
QXGALLX,{'Q5S006'}
QSXXLLV,{'Q5S006'}
QSXAXLV,{'Q5S006'}
QSXALXV,{'Q5S006'}
QSXALLX,{'Q5S006'}
QSGXXLV,{'Q5S006'}
QSGXLXV,{'Q5S006'}
QSGXLLX,{'Q5S006'}
QSGAXXV,{'Q5S006'}
QSGAXLX,{'Q5S006'}
QSGALXX,{'Q5S006'}
XXVAPEI,{'P53355'}
XFXAPEI,{'P53355'}
XFVXPEI,{'P53355'}
XFVAXEI,{'P53355'}
XFVAPXI,{'P53355'}
XFVAPEX,{'P53355', 'O44997'}
EXXAPEI,{'P53355'}
EXVXPEI,{'P53355'}
EXVAXEI,{'P53355'}
EXVAPXI,{'P53355'}
EXVAPEX,{'P53355', 'O44997'}
EFXXPEI,{'P53355'}
EFXAXEI,{'P53355'}
EFXAPXI,{'P53355'}
EFXAPEX,{'P53355', 'O44997'}
EFVXXEI,{'P53355'}
EFVXPXI,{'P53355'}
EFVXPEX,{'P53355', 'O44997'}
EFVAXXI,{'P53355'}
EFVAXEX,{'P53355', 'O44997'}
EFVAPXX,{'P53355', 'O44997'}
XXEADMW,{'P53355'}
XLXADMW,{'P53355'}
XLEXDMW,{'P53355'}
XLEAXMW,{'P53355'}
XLEADXW,{'P53355'}
XLEADMX,{'P53355'}
GXXADMW,{'P53355'}
GXEXDMW,{'P53355'}
GXEAXMW,{'P53355'}
GXEADXW,{'P53355'}
GXEADMX,{'P53355'}
GLXXDMW,{'P53355'}
GLXAXMW,{'P53355'}
GLXADXW,{'P53355'}
GLXADMX,{'P53355'}
GLEXXMW,{'P53355'}
GLEXDXW,{'P53355'}
GLEXDMX,{'P53355'}
GLEAXXW,{'P53355'}
GLEAXMX,{'P53355'}
GLEADXX,{'P53355'}
XXVACKD,{'P53355'}
XHXACKD,{'P53355'}
XHVXCKD,{'P53355'}
XHVAXKD,{'P53355'}
XHVACXD,{'P53355'}
XHVACKX,{'P53355'}
LXXACKD,{'P53355'}
LXVXCKD,{'P53355'}
LXVAXKD,{'P53355'}
LXVACXD,{'P53355'}
LXVACKX,{'P53355'}
LHXXCKD,{'P53355'}
LHXAXKD,{'P53355'}
LHXACXD,{'P53355'}
LHXACKX,{'P53355'}
LHVXXKD,{'P53355'}
LHVXCXD,{'P53355'}
LHVXCKX,{'P53355'}
LHVAXXD,{'P53355'}
LHVAXKX,{'P53355'}
LHVACXX,{'P53355'}
XXEALTT,{'P53355'}
XVXALTT,{'P53355'}
XVEXLTT,{'P53355'}
XVEAXTT,{'P53355'}
XVEALXT,{'P53355'}
XVEALTX,{'P53355'}
SXXALTT,{'P53355'}
SXEXLTT,{'P53355'}
SXEAXTT,{'P53355'}
SXEALXT,{'P53355'}
SXEALTX,{'P53355'}
SVXXLTT,{'P53355'}
SVXAXTT,{'P53355'}
SVXALXT,{'P53355'}
SVXALTX,{'P53355'}
SVEXXTT,{'P53355'}
SVEXLXT,{'P53355'}
SVEXLTX,{'P53355'}
SVEAXXT,{'P53355'}
SVEAXTX,{'P53355'}
SVEALXX,{'P53355'}
XXTAEDL,{'P53355'}
XKXAEDL,{'P53355'}
XKTXEDL,{'P53355'}
XKTAXDL,{'P53355'}
XKTAEXL,{'P53355'}
XKTAEDX,{'P53355'}
GXXAEDL,{'P53355'}
GXTXEDL,{'P53355'}
GXTAXDL,{'P53355'}
GXTAEXL,{'P53355'}
GXTAEDX,{'P53355'}
GKXXEDL,{'P53355'}
GKXAXDL,{'P53355'}
GKXAEXL,{'P53355'}
GKXAEDX,{'P53355'}
GKTXXDL,{'P53355'}
GKTXEXL,{'P53355'}
GKTXEDX,{'P53355'}
GKTAXXL,{'P53355'}
GKTAXDX,{'P53355'}
GKTAEXX,{'P53355'}
XXLARSE,{'P53355'}
XDXARSE,{'P53355'}
XDLXRSE,{'P53355'}
XDLAXSE,{'P53355'}
XDLARXE,{'P53355'}
XDLARSX,{'P53355'}
EXXARSE,{'P53355'}
EXLXRSE,{'P53355'}
EXLAXSE,{'P53355'}
EXLARXE,{'P53355'}
EXLARSX,{'P53355'}
EDXXRSE,{'P53355'}
EDXAXSE,{'P53355'}
EDXARXE,{'P53355'}
EDXARSX,{'P53355'}
EDLXXSE,{'P53355'}
EDLXRXE,{'P53355'}
EDLXRSX,{'P53355'}
EDLAXXE,{'P53355'}
EDLAXSX,{'P53355'}
EDLARXX,{'P53355'}
XXSADDQ,{'P53355'}
XCXADDQ,{'P53355'}
XCSXDDQ,{'P53355'}
XCSAXDQ,{'P53355'}
XCSADXQ,{'P53355'}
XCSADDX,{'P53355'}
HXXADDQ,{'P53355'}
HXSXDDQ,{'P53355'}
HXSAXDQ,{'P53355'}
HXSADXQ,{'P53355'}
HXSADDX,{'P53355'}
HCXXDDQ,{'P53355'}
HCXAXDQ,{'P53355'}
HCXADXQ,{'P53355'}
HCXADDX,{'P53355'}
HCSXXDQ,{'P53355'}
HCSXDXQ,{'P53355'}
HCSXDDX,{'P53355'}
HCSAXXQ,{'P53355'}
HCSAXDX,{'P53355'}
HCSADXX,{'P53355'}
XXKAIDI,{'P53355'}
XTXAIDI,{'P53355'}
XTKXIDI,{'P53355'}
XTKAXDI,{'P53355'}
XTKAIXI,{'P53355'}
XTKAIDX,{'P53355'}
SXXAIDI,{'P53355'}
SXKXIDI,{'P53355'}
SXKAXDI,{'P53355'}
SXKAIXI,{'P53355'}
SXKAIDX,{'P53355'}
STXXIDI,{'P53355'}
STXAXDI,{'P53355'}
STXAIXI,{'P53355'}
STXAIDX,{'P53355'}
STKXXDI,{'P53355'}
STKXIXI,{'P53355'}
STKXIDX,{'P53355'}
STKAXXI,{'P53355'}
STKAXDX,{'P53355'}
STKAIXX,{'P53355'}
XXNAYLN,{'P53355'}
XQXAYLN,{'P53355'}
XQNXYLN,{'P53355'}
XQNAXLN,{'P53355'}
XQNAYXN,{'P53355'}
XQNAYLX,{'P53355'}
IXXAYLN,{'P53355'}
IXNXYLN,{'P53355'}
IXNAXLN,{'P53355'}
IXNAYXN,{'P53355'}
IXNAYLX,{'P53355'}
IQXXYLN,{'P53355'}
IQXAXLN,{'P53355'}
IQXAYXN,{'P53355'}
IQXAYLX,{'P53355'}
IQNXXLN,{'P53355'}
IQNXYXN,{'P53355'}
IQNXYLX,{'P53355'}
IQNAXXN,{'P53355'}
IQNAXLX,{'P53355'}
IQNAYXX,{'P53355'}
XXPALFL,{'Q38SD2'}
XLXALFL,{'Q38SD2'}
XLPXLFL,{'Q38SD2'}
XLPAXFL,{'Q38SD2'}
XLPALXL,{'Q38SD2'}
XLPALFX,{'Q38SD2'}
EXXALFL,{'Q38SD2'}
EXPXLFL,{'Q38SD2'}
EXPAXFL,{'Q38SD2'}
EXPALXL,{'Q38SD2'}
EXPALFX,{'Q38SD2'}
ELXXLFL,{'Q38SD2'}
ELXAXFL,{'Q38SD2'}
ELXALXL,{'Q38SD2'}
ELXALFX,{'Q38SD2'}
ELPXXFL,{'Q38SD2'}
ELPXLXL,{'Q38SD2'}
ELPXLFX,{'Q38SD2'}
ELPAXXL,{'Q38SD2'}
ELPAXFX,{'Q38SD2'}
ELPALXX,{'Q38SD2'}
XXRAPQV,{'Q38SD2'}
XGXAPQV,{'Q38SD2'}
XGRXPQV,{'Q38SD2'}
XGRAXQV,{'Q38SD2'}
XGRAPXV,{'Q38SD2'}
XGRAPQX,{'Q38SD2'}
TXXAPQV,{'Q38SD2'}
TXRXPQV,{'Q38SD2'}
TXRAXQV,{'Q38SD2'}
TXRAPXV,{'Q38SD2'}
TXRAPQX,{'Q38SD2'}
TGXXPQV,{'Q38SD2'}
TGXAXQV,{'Q38SD2'}
TGXAPXV,{'Q38SD2'}
TGXAPQX,{'Q3UHC2', 'Q38SD2'}
TGRXXQV,{'Q38SD2'}
TGRXPXV,{'Q38SD2'}
TGRXPQX,{'Q38SD2'}
TGRAXXV,{'Q38SD2'}
TGRAXQX,{'Q38SD2'}
TGRAPXX,{'Q38SD2'}
XXEATIR,{'Q3UHC2', 'Q38SD2'}
XGXATIR,{'Q38SD2'}
XGEXTIR,{'Q38SD2'}
XGEAXIR,{'Q38SD2'}
XGEATXR,{'Q38SD2'}
XGEATIX,{'Q38SD2'}
HXXATIR,{'Q3UHC2', 'Q38SD2'}
HXEXTIR,{'Q3UHC2', 'Q38SD2'}
HXEAXIR,{'Q3UHC2', 'Q38SD2'}
HXEATXR,{'Q3UHC2', 'Q38SD2'}
HXEATIX,{'Q3UHC2', 'Q38SD2'}
HGXXTIR,{'Q38SD2'}
HGXAXIR,{'Q38SD2'}
HGXATXR,{'Q38SD2'}
HGXATIX,{'Q38SD2'}
HGEXXIR,{'Q38SD2'}
HGEXTXR,{'Q38SD2'}
HGEXTIX,{'Q38SD2'}
HGEAXXR,{'Q38SD2'}
HGEAXIX,{'Q38SD2'}
HGEATXX,{'Q38SD2'}
XXPAGSR,{'Q38SD2'}
XRXAGSR,{'Q38SD2'}
XRPXGSR,{'Q38SD2'}
XRPAXSR,{'Q38SD2'}
XRPAGXR,{'Q38SD2'}
XRPAGSX,{'Q3UHC2', 'Q38SD2'}
QXXAGSR,{'Q38SD2'}
QXPXGSR,{'Q38SD2'}
QXPAXSR,{'Q38SD2'}
QXPAGXR,{'Q38SD2'}
QXPAGSX,{'Q3UHC2', 'Q38SD2'}
QRXXGSR,{'Q38SD2'}
QRXAXSR,{'Q38SD2'}
QRXAGXR,{'Q38SD2'}
QRXAGSX,{'Q3UHC2', 'Q38SD2'}
QRPXXSR,{'Q38SD2'}
QRPXGXR,{'Q38SD2'}
QRPXGSX,{'Q3UHC2', 'Q38SD2'}
QRPAXXR,{'Q38SD2'}
QRPAXSX,{'Q3UHC2', 'Q38SD2'}
QRPAGXX,{'Q3UHC2', 'Q38SD2'}
XXLALSV,{'Q3UHC2', 'Q38SD2'}
XPXALSV,{'Q3UHC2', 'Q38SD2'}
XPLXLSV,{'Q3UHC2', 'Q38SD2'}
XPLAXSV,{'Q3UHC2', 'Q38SD2'}
XPLALXV,{'Q3UHC2', 'Q38SD2'}
XPLALSX,{'Q3UHC2', 'Q38SD2'}
RXXALSV,{'Q3UHC2', 'Q38SD2'}
RXLXLSV,{'Q3UHC2', 'Q38SD2'}
RXLAXSV,{'Q3UHC2', 'Q38SD2'}
RXLALXV,{'Q3UHC2', 'Q38SD2'}
RXLALSX,{'Q3UHC2', 'Q38SD2'}
RPXXLSV,{'Q3UHC2', 'Q38SD2'}
RPXAXSV,{'Q3UHC2', 'Q38SD2'}
RPXALXV,{'Q3UHC2', 'Q38SD2'}
RPXALSX,{'Q3UHC2', 'Q38SD2'}
RPLXXSV,{'Q3UHC2', 'Q38SD2'}
RPLXLXV,{'Q3UHC2', 'Q38SD2'}
RPLXLSX,{'Q3UHC2', 'Q38SD2'}
RPLAXXV,{'Q3UHC2', 'Q38SD2'}
RPLAXSX,{'Q3UHC2', 'Q38SD2'}
RPLALXX,{'Q3UHC2', 'Q38SD2'}
XXTANRS,{'Q3UHC2', 'Q38SD2'}
XHXANRS,{'Q3UHC2', 'Q38SD2'}
XHTXNRS,{'Q3UHC2', 'Q38SD2'}
XHTAXRS,{'Q3UHC2', 'Q38SD2'}
XHTANXS,{'Q3UHC2', 'Q38SD2'}
XHTANRX,{'Q3UHC2', 'Q38SD2'}
SXXANRS,{'Q3UHC2', 'Q38SD2'}
SXTXNRS,{'Q3UHC2', 'Q38SD2'}
SXTAXRS,{'Q3UHC2', 'Q38SD2'}
SXTANXS,{'Q3UHC2', 'Q38SD2'}
SXTANRX,{'Q3UHC2', 'Q38SD2'}
SHXXNRS,{'Q3UHC2', 'Q38SD2'}
SHXAXRS,{'Q3UHC2', 'Q38SD2'}
SHXANXS,{'Q3UHC2', 'Q38SD2'}
SHXANRX,{'Q3UHC2', 'Q38SD2'}
SHTXXRS,{'Q3UHC2', 'Q38SD2'}
SHTXNXS,{'Q3UHC2', 'Q38SD2'}
SHTXNRX,{'Q3UHC2', 'Q38SD2'}
SHTAXXS,{'Q3UHC2', 'Q38SD2'}
SHTAXRX,{'Q3UHC2', 'Q38SD2'}
SHTANXX,{'Q3UHC2', 'Q38SD2'}
XXIADED,{'Q38SD2'}
XSXADED,{'Q38SD2'}
XSIXDED,{'Q38SD2'}
XSIAXED,{'Q38SD2'}
XSIADXD,{'Q38SD2'}
XSIADEX,{'Q38SD2'}
FXXADED,{'Q38SD2'}
FXIXDED,{'Q38SD2'}
FXIAXED,{'Q38SD2'}
FXIADXD,{'Q38SD2'}
FXIADEX,{'Q38SD2'}
FSXXDED,{'Q38SD2'}
FSXAXED,{'Q38SD2'}
FSXADXD,{'Q38SD2'}
FSXADEX,{'Q38SD2'}
FSIXXED,{'Q38SD2'}
FSIXDXD,{'Q38SD2'}
FSIXDEX,{'Q38SD2'}
FSIAXXD,{'Q38SD2'}
FSIAXEX,{'Q38SD2'}
FSIADXX,{'Q38SD2'}
XXDARQN,{'Q3UHC2', 'Q38SD2'}
XEXARQN,{'Q3UHC2', 'Q38SD2'}
XEDXRQN,{'Q3UHC2', 'Q38SD2'}
XEDAXQN,{'Q3UHC2', 'Q38SD2'}
XEDARXN,{'Q3UHC2', 'Q38SD2'}
XEDARQX,{'Q3UHC2', 'Q38SD2'}
DXXARQN,{'Q3UHC2', 'Q38SD2'}
DXDXRQN,{'Q3UHC2', 'Q38SD2'}
DXDAXQN,{'Q3UHC2', 'Q38SD2'}
DXDARXN,{'Q3UHC2', 'Q38SD2'}
DXDARQX,{'Q3UHC2', 'Q38SD2'}
DEXXRQN,{'Q3UHC2', 'Q38SD2'}
DEXAXQN,{'Q3UHC2', 'Q38SD2'}
DEXARXN,{'Q3UHC2', 'Q38SD2'}
DEXARQX,{'Q3UHC2', 'Q38SD2'}
DEDXXQN,{'Q3UHC2', 'Q38SD2'}
DEDXRXN,{'Q3UHC2', 'Q38SD2'}
DEDXRQX,{'Q3UHC2', 'Q38SD2'}
DEDAXXN,{'Q3UHC2', 'Q38SD2'}
DEDAXQX,{'Q3UHC2', 'Q38SD2'}
DEDARXX,{'Q3UHC2', 'Q38SD2'}
XXQAIIS,{'Q8MVR1'}
XIXAIIS,{'Q8MVR1'}
XIQXIIS,{'Q8MVR1'}
XIQAXIS,{'Q8MVR1'}
XIQAIXS,{'Q8MVR1'}
XIQAIIX,{'Q8MVR1'}
NXXAIIS,{'Q8MVR1'}
NXQXIIS,{'Q8MVR1'}
NXQAXIS,{'Q8MVR1'}
NXQAIXS,{'Q8MVR1'}
NXQAIIX,{'Q8MVR1'}
NIXXIIS,{'Q8MVR1'}
NIXAXIS,{'Q8MVR1'}
NIXAIXS,{'Q8MVR1'}
NIXAIIX,{'Q8MVR1'}
NIQXXIS,{'Q8MVR1'}
NIQXIXS,{'Q8MVR1'}
NIQXIIX,{'Q8MVR1'}
NIQAXXS,{'Q8MVR1'}
NIQAXIX,{'Q8MVR1'}
NIQAIXX,{'Q8MVR1'}
XXLAPDI,{'Q8MVR1'}
XIXAPDI,{'Q8MVR1'}
XILXPDI,{'Q8MVR1'}
XILAXDI,{'Q8MVR1'}
XILAPXI,{'Q8MVR1'}
XILAPDX,{'Q8MVR1'}
DXXAPDI,{'Q8MVR1'}
DXLXPDI,{'Q8MVR1'}
DXLAXDI,{'Q8MVR1'}
DXLAPXI,{'Q8MVR1'}
DXLAPDX,{'Q8MVR1'}
DIXXPDI,{'Q8MVR1'}
DIXAXDI,{'Q8MVR1'}
DIXAPXI,{'Q8MVR1'}
DIXAPDX,{'Q8MVR1'}
DILXXDI,{'Q8MVR1'}
DILXPXI,{'Q8MVR1'}
DILXPDX,{'Q8MVR1'}
DILAXXI,{'Q8MVR1'}
DILAXDX,{'Q8MVR1'}
DILAPXX,{'Q8MVR1'}
XXTAGKN,{'Q8MVR1'}
XDXAGKN,{'Q8MVR1'}
XDTXGKN,{'Q8MVR1'}
XDTAXKN,{'Q8MVR1'}
XDTAGXN,{'Q8MVR1'}
XDTAGKX,{'Q8MVR1'}
SXXAGKN,{'Q8MVR1'}
SXTXGKN,{'Q8MVR1'}
SXTAXKN,{'Q8MVR1'}
SXTAGXN,{'Q8MVR1'}
SXTAGKX,{'Q8MVR1'}
SDXXGKN,{'Q8MVR1'}
SDXAXKN,{'Q8MVR1'}
SDXAGXN,{'Q8MVR1'}
SDXAGKX,{'Q8MVR1'}
SDTXXKN,{'Q8MVR1'}
SDTXGXN,{'Q8MVR1'}
SDTXGKX,{'Q8MVR1'}
SDTAXXN,{'Q8MVR1'}
SDTAXKX,{'Q8MVR1'}
SDTAGXX,{'Q8MVR1'}
XXIAFSE,{'Q8MVR1'}
XQXAFSE,{'Q8MVR1'}
XQIXFSE,{'Q8MVR1'}
XQIAXSE,{'Q8MVR1'}
XQIAFXE,{'Q8MVR1'}
XQIAFSX,{'Q8MVR1'}
LXXAFSE,{'Q8MVR1'}
LXIXFSE,{'Q8MVR1'}
LXIAXSE,{'Q8MVR1'}
LXIAFXE,{'Q8MVR1'}
LXIAFSX,{'Q8MVR1'}
LQXXFSE,{'Q8MVR1'}
LQXAXSE,{'Q8MVR1'}
LQXAFXE,{'Q8MVR1'}
LQXAFSX,{'Q8MVR1'}
LQIXXSE,{'Q8MVR1'}
LQIXFXE,{'Q8MVR1'}
LQIXFSX,{'Q8MVR1'}
LQIAXXE,{'Q8MVR1'}
LQIAXSX,{'Q8MVR1'}
LQIAFXX,{'Q8MVR1'}
XXRAMSS,{'Q8MVR1'}
XDXAMSS,{'Q8MVR1'}
XDRXMSS,{'Q8MVR1'}
XDRAXSS,{'Q8MVR1'}
XDRAMXS,{'Q8MVR1'}
XDRAMSX,{'Q8MVR1'}
IXXAMSS,{'Q8MVR1'}
IXRXMSS,{'Q8MVR1'}
IXRAXSS,{'Q8MVR1'}
IXRAMXS,{'Q8MVR1'}
IXRAMSX,{'Q8MVR1'}
IDXXMSS,{'Q8MVR1'}
IDXAXSS,{'Q8MVR1'}
IDXAMXS,{'Q8MVR1'}
IDXAMSX,{'Q8MVR1'}
IDRXXSS,{'Q8MVR1'}
IDRXMXS,{'Q8MVR1'}
IDRXMSX,{'Q8MVR1'}
IDRAXXS,{'Q8MVR1'}
IDRAXSX,{'Q8MVR1'}
IDRAMXX,{'Q8MVR1'}
XXRASII,{'Q8MVR1'}
XQXASII,{'Q8MVR1'}
XQRXSII,{'Q8MVR1'}
XQRAXII,{'Q8MVR1'}
XQRASXI,{'Q8MVR1'}
XQRASIX,{'Q8MVR1'}
KXXASII,{'Q8MVR1'}
KXRXSII,{'Q8MVR1'}
KXRAXII,{'Q8MVR1'}
KXRASXI,{'Q8MVR1'}
KXRASIX,{'Q8MVR1'}
KQXXSII,{'Q8MVR1'}
KQXAXII,{'Q8MVR1'}
KQXASXI,{'Q8MVR1'}
KQXASIX,{'Q8MVR1'}
KQRXXII,{'Q8MVR1'}
KQRXSXI,{'Q8MVR1'}
KQRXSIX,{'Q8MVR1'}
KQRAXXI,{'Q8MVR1'}
KQRAXIX,{'Q8MVR1'}
KQRASXX,{'Q8MVR1'}
XXMANQL,{'Q8MVR1'}
XIXANQL,{'Q8MVR1'}
XIMXNQL,{'Q8MVR1'}
XIMAXQL,{'Q8MVR1'}
XIMANXL,{'Q8MVR1'}
XIMANQX,{'Q8MVR1'}
KXXANQL,{'Q8MVR1'}
KXMXNQL,{'Q8MVR1'}
KXMAXQL,{'Q8MVR1'}
KXMANXL,{'Q8MVR1'}
KXMANQX,{'Q8MVR1'}
KIXXNQL,{'Q8MVR1'}
KIXAXQL,{'Q8MVR1'}
KIXANXL,{'Q8MVR1'}
KIXANQX,{'Q8MVR1'}
KIMXXQL,{'Q8MVR1'}
KIMXNXL,{'Q8MVR1'}
KIMXNQX,{'Q8MVR1'}
KIMAXXL,{'Q8MVR1'}
KIMAXQX,{'Q8MVR1'}
KIMANXX,{'Q8MVR1'}
XXLAIRL,{'Q8MVR1'}
XQXAIRL,{'Q8MVR1'}
XQLXIRL,{'Q8MVR1'}
XQLAXRL,{'Q8MVR1'}
XQLAIXL,{'Q8MVR1'}
XQLAIRX,{'Q8MVR1'}
NXXAIRL,{'Q8MVR1'}
NXLXIRL,{'Q8MVR1'}
NXLAXRL,{'Q8MVR1'}
NXLAIXL,{'Q8MVR1'}
NXLAIRX,{'Q8MVR1'}
NQXXIRL,{'Q8MVR1'}
NQXAXRL,{'Q8MVR1'}
NQXAIXL,{'Q8MVR1'}
NQXAIRX,{'Q8MVR1'}
NQLXXRL,{'Q8MVR1'}
NQLXIXL,{'Q8MVR1'}
NQLXIRX,{'Q8MVR1'}
NQLAXXL,{'Q8MVR1'}
NQLAXRX,{'Q8MVR1'}
NQLAIXX,{'Q8MVR1'}
XXPASPR,{'Q8MVR1'}
XPXASPR,{'Q8MVR1'}
XPPXSPR,{'Q8MVR1'}
XPPAXPR,{'Q8MVR1'}
XPPASXR,{'Q8MVR1'}
XPPASPX,{'Q8MVR1'}
TXXASPR,{'Q8MVR1'}
TXPXSPR,{'Q8MVR1'}
TXPAXPR,{'Q8MVR1'}
TXPASXR,{'Q8MVR1'}
TXPASPX,{'Q8MVR1'}
TPXXSPR,{'Q8MVR1'}
TPXAXPR,{'Q8MVR1'}
TPXASXR,{'Q8MVR1'}
TPXASPX,{'Q8MVR1'}
TPPXXPR,{'Q8MVR1'}
TPPXSXR,{'Q8MVR1'}
TPPXSPX,{'Q8MVR1'}
TPPAXXR,{'Q8MVR1'}
TPPAXPX,{'Q8MVR1'}
TPPASXX,{'Q8MVR1'}
XXDAFSM,{'Q8MVR1'}
XEXAFSM,{'Q8MVR1'}
XEDXFSM,{'Q8MVR1'}
XEDAXSM,{'Q8MVR1'}
XEDAFXM,{'Q8MVR1'}
XEDAFSX,{'Q8MVR1'}
RXXAFSM,{'Q8MVR1'}
RXDXFSM,{'Q8MVR1'}
RXDAXSM,{'Q8MVR1'}
RXDAFXM,{'Q8MVR1'}
RXDAFSX,{'Q8MVR1'}
REXXFSM,{'Q8MVR1'}
REXAXSM,{'Q8MVR1'}
REXAFXM,{'Q8MVR1'}
REXAFSX,{'Q8MVR1'}
REDXXSM,{'Q8MVR1'}
REDXFXM,{'Q8MVR1'}
REDXFSX,{'Q8MVR1'}
REDAXXM,{'Q8MVR1'}
REDAXSX,{'Q8MVR1'}
REDAFXX,{'Q8MVR1'}
XXLAAER,{'Q8MVR1'}
XKXAAER,{'Q8MVR1'}
XKLXAER,{'Q8MVR1'}
XKLAXER,{'Q8MVR1'}
XKLAAXR,{'Q8MVR1'}
XKLAAEX,{'Q8MVR1'}
NXXAAER,{'Q8MVR1'}
NXLXAER,{'Q8MVR1'}
NXLAXER,{'Q8MVR1'}
NXLAAXR,{'Q8MVR1'}
NXLAAEX,{'Q8MVR1'}
NKXXAER,{'Q8MVR1'}
NKXAXER,{'Q8MVR1'}
NKXAAXR,{'Q8MVR1'}
NKXAAEX,{'Q8MVR1'}
NKLXXER,{'Q8MVR1'}
NKLXAXR,{'Q8MVR1'}
NKLXAEX,{'Q8MVR1'}
NKLAXXR,{'Q8MVR1'}
NKLAXEX,{'Q8MVR1'}
NKLAAXX,{'Q8MVR1'}
XXAAERK,{'Q8MVR1'}
XLXAERK,{'Q8MVR1'}
XLAXERK,{'Q8MVR1'}
XLAAXRK,{'Q8MVR1'}
XLAAEXK,{'Q8MVR1'}
XLAAERX,{'Q8MVR1'}
KXXAERK,{'Q8MVR1'}
KXAXERK,{'Q8MVR1'}
KXAAXRK,{'Q8MVR1'}
KXAAEXK,{'Q8MVR1'}
KXAAERX,{'Q8MVR1'}
KLXXERK,{'Q8MVR1'}
KLXAXRK,{'Q8MVR1'}
KLXAEXK,{'Q8MVR1'}
KLXAERX,{'Q8MVR1'}
KLAXXRK,{'Q8MVR1'}
KLAXEXK,{'Q8MVR1'}
KLAXERX,{'Q8MVR1'}
KLAAXXK,{'Q8MVR1'}
KLAAXRX,{'Q8MVR1'}
KLAAEXX,{'Q8MVR1'}
XXHAAVS,{'Q9TZM3'}
XIXAAVS,{'Q9TZM3'}
XIHXAVS,{'Q9TZM3'}
XIHAXVS,{'Q9TZM3'}
XIHAAXS,{'Q9TZM3'}
XIHAAVX,{'Q9TZM3'}
VXXAAVS,{'Q9TZM3'}
VXHXAVS,{'Q9TZM3'}
VXHAXVS,{'Q9TZM3'}
VXHAAXS,{'Q9TZM3'}
VXHAAVX,{'Q9TZM3'}
VIXXAVS,{'Q9TZM3'}
VIXAXVS,{'Q9TZM3'}
VIXAAXS,{'Q9TZM3'}
VIXAAVX,{'Q9TZM3'}
VIHXXVS,{'Q9TZM3'}
VIHXAXS,{'Q9TZM3'}
VIHXAVX,{'Q9TZM3'}
VIHAXXS,{'Q9TZM3'}
VIHAXVX,{'Q9TZM3'}
VIHAAXX,{'Q9TZM3'}
XXAAVSS,{'Q9TZM3'}
XHXAVSS,{'Q9TZM3'}
XHAXVSS,{'Q9TZM3'}
XHAAXSS,{'Q9TZM3'}
XHAAVXS,{'Q9TZM3'}
XHAAVSX,{'Q9TZM3'}
IXXAVSS,{'Q9TZM3'}
IXAXVSS,{'Q9TZM3'}
IXAAXSS,{'Q9TZM3'}
IXAAVXS,{'Q9TZM3'}
IXAAVSX,{'Q9TZM3'}
IHXXVSS,{'Q9TZM3'}
IHXAXSS,{'Q9TZM3'}
IHXAVXS,{'Q9TZM3'}
IHXAVSX,{'Q9TZM3'}
IHAXXSS,{'Q9TZM3'}
IHAXVXS,{'Q9TZM3'}
IHAXVSX,{'Q9TZM3'}
IHAAXXS,{'Q9TZM3'}
IHAAXSX,{'Q9TZM3'}
IHAAVXX,{'Q9TZM3'}
XXKAAQL,{'Q9TZM3'}
XSXAAQL,{'Q9TZM3'}
XSKXAQL,{'Q9TZM3'}
XSKAXQL,{'Q9TZM3'}
XSKAAXL,{'Q9TZM3'}
XSKAAQX,{'Q9TZM3'}
PXXAAQL,{'Q9TZM3'}
PXKXAQL,{'Q9TZM3'}
PXKAXQL,{'Q9TZM3'}
PXKAAXL,{'Q9TZM3'}
PXKAAQX,{'Q9TZM3'}
PSXXAQL,{'Q9TZM3'}
PSXAXQL,{'Q9TZM3'}
PSXAAXL,{'Q9TZM3'}
PSXAAQX,{'Q9TZM3'}
PSKXXQL,{'Q9TZM3'}
PSKXAXL,{'Q9TZM3'}
PSKXAQX,{'Q9TZM3'}
PSKAXXL,{'Q9TZM3'}
PSKAXQX,{'Q9TZM3'}
PSKAAXX,{'Q9TZM3'}
XXAAQLN,{'Q9TZM3'}
XKXAQLN,{'Q9TZM3'}
XKAXQLN,{'Q9TZM3'}
XKAAXLN,{'Q9TZM3'}
XKAAQXN,{'Q9TZM3'}
XKAAQLX,{'Q9TZM3'}
SXXAQLN,{'Q9TZM3'}
SXAXQLN,{'Q9TZM3'}
SXAAXLN,{'Q9TZM3'}
SXAAQXN,{'Q9TZM3'}
SXAAQLX,{'Q9TZM3'}
SKXXQLN,{'Q9TZM3'}
SKXAXLN,{'Q9TZM3'}
SKXAQXN,{'Q9TZM3'}
SKXAQLX,{'Q9TZM3'}
SKAXXLN,{'Q9TZM3'}
SKAXQXN,{'Q9TZM3'}
SKAXQLX,{'Q9TZM3'}
SKAAXXN,{'Q9TZM3'}
SKAAXLX,{'Q9TZM3'}
SKAAQXX,{'Q9TZM3'}
XXVADAD,{'Q9TZM3'}
XMXADAD,{'Q9TZM3'}
XMVXDAD,{'Q9TZM3'}
XMVAXAD,{'Q9TZM3'}
XMVADXD,{'Q9TZM3'}
XMVADAX,{'Q9TZM3'}
YXXADAD,{'Q9TZM3'}
YXVXDAD,{'Q9TZM3'}
YXVAXAD,{'Q9TZM3'}
YXVADXD,{'Q9TZM3'}
YXVADAX,{'Q9TZM3'}
YMXXDAD,{'Q9TZM3'}
YMXAXAD,{'Q9TZM3'}
YMXADXD,{'Q9TZM3'}
YMXADAX,{'Q9TZM3'}
YMVXXAD,{'Q9TZM3'}
YMVXDXD,{'Q9TZM3'}
YMVXDAX,{'Q9TZM3'}
YMVAXXD,{'Q9TZM3'}
YMVAXAX,{'Q9TZM3'}
YMVADXX,{'Q9TZM3'}
XXDADKS,{'Q9TZM3'}
XAXADKS,{'Q9TZM3'}
XADXDKS,{'Q9TZM3'}
XADAXKS,{'Q9TZM3'}
XADADXS,{'Q9TZM3'}
XADADKX,{'Q9TZM3'}
VXXADKS,{'Q9TZM3'}
VXDXDKS,{'Q9TZM3'}
VXDAXKS,{'Q9TZM3'}
VXDADXS,{'Q9TZM3'}
VXDADKX,{'Q9TZM3'}
VAXXDKS,{'Q9TZM3'}
VAXAXKS,{'Q9TZM3'}
VAXADXS,{'Q9TZM3'}
VAXADKX,{'Q9TZM3'}
VADXXKS,{'Q9TZM3'}
VADXDXS,{'Q9TZM3'}
VADXDKX,{'Q9TZM3'}
VADAXXS,{'Q9TZM3'}
VADAXKX,{'Q9TZM3'}
VADADXX,{'Q9TZM3'}
XXIALMK,{'Q9TZM3'}
XYXALMK,{'Q9TZM3'}
XYIXLMK,{'Q9TZM3'}
XYIAXMK,{'Q9TZM3'}
XYIALXK,{'Q9TZM3'}
XYIALMX,{'Q9TZM3'}
SXXALMK,{'Q9TZM3'}
SXIXLMK,{'Q9TZM3'}
SXIAXMK,{'Q9TZM3'}
SXIALXK,{'Q9TZM3'}
SXIALMX,{'Q9TZM3'}
SYXXLMK,{'Q9TZM3'}
SYXAXMK,{'Q9TZM3'}
SYXALXK,{'Q9TZM3'}
SYXALMX,{'Q9TZM3'}
SYIXXMK,{'Q9TZM3'}
SYIXLXK,{'Q9TZM3'}
SYIXLMX,{'Q9TZM3'}
SYIAXXK,{'Q9TZM3'}
SYIAXMX,{'Q9TZM3'}
SYIALXX,{'Q9TZM3'}
XXLAPDT,{'Q9TZM3'}
XEXAPDT,{'Q9TZM3'}
XELXPDT,{'Q9TZM3'}
XELAXDT,{'Q9TZM3'}
XELAPXT,{'Q9TZM3'}
XELAPDX,{'Q9TZM3'}
RXXAPDT,{'Q9TZM3'}
RXLXPDT,{'Q9TZM3'}
RXLAXDT,{'Q9TZM3'}
RXLAPXT,{'Q9TZM3'}
RXLAPDX,{'Q9TZM3'}
REXXPDT,{'Q9TZM3'}
REXAXDT,{'Q9TZM3'}
REXAPXT,{'Q9TZM3'}
REXAPDX,{'Q9TZM3'}
RELXXDT,{'Q9TZM3'}
RELXPXT,{'Q9TZM3'}
RELXPDX,{'Q9TZM3'}
RELAXXT,{'Q9TZM3'}
RELAXDX,{'Q9TZM3'}
RELAPXX,{'Q9TZM3'}
XXFADIE,{'Q9TZM3'}
XVXADIE,{'Q9TZM3'}
XVFXDIE,{'Q9TZM3'}
XVFAXIE,{'Q9TZM3'}
XVFADXE,{'Q9TZM3'}
XVFADIX,{'Q9TZM3'}
TXXADIE,{'Q9TZM3'}
TXFXDIE,{'Q9TZM3'}
TXFAXIE,{'Q9TZM3'}
TXFADXE,{'Q9TZM3'}
TXFADIX,{'Q9TZM3'}
TVXXDIE,{'Q9TZM3'}
TVXAXIE,{'Q9TZM3'}
TVXADXE,{'Q9TZM3'}
TVXADIX,{'Q9TZM3'}
TVFXXIE,{'Q9TZM3'}
TVFXDXE,{'Q9TZM3'}
TVFXDIX,{'Q9TZM3'}
TVFAXXE,{'Q9TZM3'}
TVFAXIX,{'Q9TZM3'}
TVFADXX,{'Q9TZM3'}
XXPAPFS,{'Q9TZM3'}
XFXAPFS,{'Q9TZM3'}
XFPXPFS,{'Q9TZM3'}
XFPAXFS,{'Q9TZM3'}
XFPAPXS,{'Q9TZM3'}
XFPAPFX,{'Q9TZM3'}
RXXAPFS,{'Q9TZM3'}
RXPXPFS,{'Q9TZM3'}
RXPAXFS,{'Q9TZM3'}
RXPAPXS,{'Q9TZM3'}
RXPAPFX,{'Q9TZM3'}
RFXXPFS,{'Q9TZM3'}
RFXAXFS,{'Q9TZM3'}
RFXAPXS,{'Q9TZM3'}
RFXAPFX,{'Q9TZM3'}
RFPXXFS,{'Q9TZM3'}
RFPXPXS,{'Q9TZM3'}
RFPXPFX,{'Q9TZM3'}
RFPAXXS,{'Q9TZM3'}
RFPAXFX,{'Q9TZM3'}
RFPAPXX,{'Q9TZM3'}
XXKAPQL,{'Q3UHC2'}
XGXAPQL,{'Q3UHC2'}
XGKXPQL,{'Q3UHC2'}
XGKAXQL,{'Q3UHC2'}
XGKAPXL,{'Q3UHC2'}
XGKAPQX,{'Q3UHC2'}
TXXAPQL,{'Q3UHC2'}
TXKXPQL,{'Q3UHC2'}
TXKAXQL,{'Q3UHC2'}
TXKAPXL,{'Q3UHC2'}
TXKAPQX,{'Q3UHC2'}
TGXXPQL,{'Q3UHC2'}
TGXAXQL,{'Q3UHC2'}
TGXAPXL,{'Q3UHC2'}
TGKXXQL,{'Q3UHC2'}
TGKXPXL,{'Q3UHC2'}
TGKXPQX,{'Q3UHC2'}
TGKAXXL,{'Q3UHC2'}
TGKAXQX,{'Q3UHC2'}
TGKAPXX,{'Q3UHC2'}
XXLAHSE,{'Q3UHC2'}
XQXAHSE,{'Q3UHC2'}
XQLXHSE,{'Q3UHC2'}
XQLAXSE,{'Q3UHC2'}
XQLAHXE,{'Q3UHC2'}
XQLAHSX,{'Q3UHC2'}
PXXAHSE,{'Q3UHC2'}
PXLXHSE,{'Q3UHC2'}
PXLAXSE,{'Q3UHC2'}
PXLAHXE,{'Q3UHC2'}
PXLAHSX,{'Q3UHC2'}
PQXXHSE,{'Q3UHC2'}
PQXAXSE,{'Q3UHC2'}
PQXAHXE,{'Q3UHC2'}
PQXAHSX,{'Q3UHC2'}
PQLXXSE,{'Q3UHC2'}
PQLXHXE,{'Q3UHC2'}
PQLXHSX,{'Q3UHC2'}
PQLAXXE,{'Q3UHC2'}
PQLAXSX,{'Q3UHC2'}
PQLAHXX,{'Q3UHC2'}
XSXATIR,{'Q3UHC2'}
XSEXTIR,{'Q3UHC2'}
XSEAXIR,{'Q3UHC2'}
XSEATXR,{'Q3UHC2'}
XSEATIX,{'Q3UHC2'}
HSXXTIR,{'Q3UHC2'}
HSXAXIR,{'Q3UHC2'}
HSXATXR,{'Q3UHC2'}
HSXATIX,{'Q3UHC2'}
HSEXXIR,{'Q3UHC2'}
HSEXTXR,{'Q3UHC2'}
HSEXTIX,{'Q3UHC2'}
HSEAXXR,{'Q3UHC2'}
HSEAXIX,{'Q3UHC2'}
HSEATXX,{'Q3UHC2'}
XXPAGSK,{'Q3UHC2'}
XRXAGSK,{'Q3UHC2'}
XRPXGSK,{'Q3UHC2'}
XRPAXSK,{'Q3UHC2'}
XRPAGXK,{'Q3UHC2'}
QXXAGSK,{'Q3UHC2'}
QXPXGSK,{'Q3UHC2'}
QXPAXSK,{'Q3UHC2'}
QXPAGXK,{'Q3UHC2'}
QRXXGSK,{'Q3UHC2'}
QRXAXSK,{'Q3UHC2'}
QRXAGXK,{'Q3UHC2'}
QRPXXSK,{'Q3UHC2'}
QRPXGXK,{'Q3UHC2'}
QRPAXXK,{'Q3UHC2'}
XXMAESI,{'Q8SSS9'}
XSXAESI,{'Q8SSS9'}
XSMXESI,{'Q8SSS9'}
XSMAXSI,{'Q8SSS9'}
XSMAEXI,{'Q8SSS9'}
XSMAESX,{'Q8SSS9'}
LXXAESI,{'Q8SSS9'}
LXMXESI,{'Q8SSS9'}
LXMAXSI,{'Q8SSS9'}
LXMAEXI,{'Q8SSS9'}
LXMAESX,{'Q8SSS9'}
LSXXESI,{'Q8SSS9'}
LSXAXSI,{'Q8SSS9'}
LSXAEXI,{'Q8SSS9', 'Q6XHA5'}
LSXAESX,{'Q8SSS9'}
LSMXXSI,{'Q8SSS9'}
LSMXEXI,{'Q8SSS9'}
LSMXESX,{'Q8SSS9'}
LSMAXXI,{'Q8SSS9'}
LSMAXSX,{'Q8SSS9'}
LSMAEXX,{'Q8SSS9'}
XXCAKIA,{'Q8SSS9'}
XVXAKIA,{'Q8SSS9'}
XVCXKIA,{'Q8SSS9'}
XVCAXIA,{'Q8SSS9'}
XVCAKXA,{'Q8SSS9'}
XVCAKIX,{'Q8SSS9'}
PXXAKIA,{'Q8SSS9'}
PXCXKIA,{'Q8SSS9'}
PXCAXIA,{'Q8SSS9'}
PXCAKXA,{'Q8SSS9'}
PXCAKIX,{'Q8SSS9'}
PVXXKIA,{'Q8SSS9'}
PVXAXIA,{'Q8SSS9'}
PVXAKXA,{'Q8SSS9'}
PVXAKIX,{'Q8SSS9'}
PVCXXIA,{'Q8SSS9'}
PVCXKXA,{'Q8SSS9'}
PVCXKIX,{'Q8SSS9'}
PVCAXXA,{'Q8SSS9'}
PVCAXIX,{'Q8SSS9'}
PVCAKXX,{'Q8SSS9'}
XXIADFG,{'Q8SSS9'}
XKXADFG,{'Q8SSS9'}
XKIXDFG,{'Q8SSS9'}
XKIAXFG,{'Q8SSS9'}
XKIADXG,{'Q8SSS9'}
XKIADFX,{'Q8SSS9'}
AXXADFG,{'Q8SSS9'}
AXIXDFG,{'Q8SSS9'}
AXIAXFG,{'Q8SSS9'}
AXIADXG,{'Q8SSS9'}
AXIADFX,{'Q8SSS9'}
AKXXDFG,{'Q8SSS9'}
AKXAXFG,{'Q8SSS9'}
AKXADXG,{'Q8SSS9'}
AKXADFX,{'Q8SSS9'}
AKIXXFG,{'Q8SSS9'}
AKIXDXG,{'Q8SSS9'}
AKIXDFX,{'Q8SSS9'}
AKIAXXG,{'Q8SSS9'}
AKIAXFX,{'Q8SSS9'}
AKIADXX,{'Q8SSS9'}
XXTAKMQ,{'Q55E58'}
XTXAKMQ,{'Q55E58'}
XTTXKMQ,{'Q55E58'}
XTTAXMQ,{'Q55E58'}
XTTAKXQ,{'Q55E58'}
XTTAKMX,{'Q55E58'}
RXXAKMQ,{'Q55E58'}
RXTXKMQ,{'Q55E58'}
RXTAXMQ,{'Q55E58'}
RXTAKXQ,{'Q55E58'}
RXTAKMX,{'Q55E58'}
RTXXKMQ,{'Q55E58'}
RTXAXMQ,{'Q55E58'}
RTXAKXQ,{'Q55E58'}
RTXAKMX,{'Q55E58'}
RTTXXMQ,{'Q55E58'}
RTTXKXQ,{'Q55E58'}
RTTXKMX,{'Q55E58'}
RTTAXXQ,{'Q55E58'}
RTTAXMX,{'Q55E58'}
RTTAKXX,{'Q55E58'}
XXKAIKL,{'Q55E58'}
XIXAIKL,{'Q55E58'}
XIKXIKL,{'Q55E58'}
XIKAXKL,{'Q55E58'}
XIKAIXL,{'Q55E58'}
XIKAIKX,{'Q55E58'}
NXXAIKL,{'Q55E58'}
NXKXIKL,{'Q55E58'}
NXKAXKL,{'Q55E58'}
NXKAIXL,{'Q55E58'}
NXKAIKX,{'Q55E58'}
NIXXIKL,{'Q55E58'}
NIXAXKL,{'Q55E58'}
NIXAIXL,{'Q55E58'}
NIXAIKX,{'Q55E58'}
NIKXXKL,{'Q55E58'}
NIKXIXL,{'Q55E58'}
NIKXIKX,{'Q55E58'}
NIKAXXL,{'Q55E58'}
NIKAXKX,{'Q55E58'}
NIKAIXX,{'Q55E58'}
XXLAPEI,{'Q55E58'}
XWXAPEI,{'Q55E58'}
XWLXPEI,{'Q55E58'}
XWLAXEI,{'Q55E58'}
XWLAPXI,{'Q55E58'}
XWLAPEX,{'Q55E58'}
LXXAPEI,{'Q55E58'}
LXLXPEI,{'Q55E58'}
LXLAXEI,{'Q55E58'}
LXLAPXI,{'Q55E58'}
LXLAPEX,{'Q55E58'}
LWXXPEI,{'Q55E58'}
LWXAXEI,{'Q55E58'}
LWXAPXI,{'Q55E58'}
LWXAPEX,{'Q55E58'}
LWLXXEI,{'Q55E58'}
LWLXPXI,{'Q55E58'}
LWLXPEX,{'Q55E58'}
LWLAXXI,{'Q55E58'}
LWLAXEX,{'Q55E58'}
LWLAPXX,{'Q55E58'}
XXTASSD,{'Q55E58'}
XWXASSD,{'Q55E58'}
XWTXSSD,{'Q55E58'}
XWTAXSD,{'Q55E58'}
XWTASXD,{'Q55E58'}
XWTASSX,{'Q55E58'}
VXXASSD,{'Q55E58'}
VXTXSSD,{'Q55E58'}
VXTAXSD,{'Q55E58'}
VXTASXD,{'Q55E58'}
VXTASSX,{'Q55E58'}
VWXXSSD,{'Q55E58'}
VWXAXSD,{'Q55E58'}
VWXASXD,{'Q55E58'}
VWXASSX,{'Q55E58'}
VWTXXSD,{'Q55E58'}
VWTXSXD,{'Q55E58'}
VWTXSSX,{'Q55E58'}
VWTAXXD,{'Q55E58'}
VWTAXSX,{'Q55E58'}
VWTASXX,{'Q55E58'}
XXQASQS,{'Q55E58'}
XNXASQS,{'Q55E58'}
XNQXSQS,{'Q55E58'}
XNQAXQS,{'Q55E58'}
XNQASXS,{'Q55E58'}
XNQASQX,{'Q55E58'}
PXXASQS,{'Q55E58'}
PXQXSQS,{'Q55E58'}
PXQAXQS,{'Q55E58'}
PXQASXS,{'Q55E58'}
PXQASQX,{'Q55E58'}
PNXXSQS,{'Q55E58'}
PNXAXQS,{'Q55E58'}
PNXASXS,{'Q55E58'}
PNXASQX,{'Q55E58'}
PNQXXQS,{'Q55E58'}
PNQXSXS,{'Q55E58'}
PNQXSQX,{'Q55E58'}
PNQAXXS,{'Q55E58'}
PNQAXQX,{'Q55E58'}
PNQASXX,{'Q55E58'}
XXSAGHL,{'Q55E58'}
XQXAGHL,{'Q55E58'}
XQSXGHL,{'Q55E58'}
XQSAXHL,{'Q55E58'}
XQSAGXL,{'Q55E58'}
XQSAGHX,{'Q55E58'}
SXXAGHL,{'Q55E58'}
SXSXGHL,{'Q55E58'}
SXSAXHL,{'Q55E58'}
SXSAGXL,{'Q55E58'}
SXSAGHX,{'Q55E58'}
SQXXGHL,{'Q55E58'}
SQXAXHL,{'Q55E58'}
SQXAGXL,{'Q55E58'}
SQXAGHX,{'Q55E58'}
SQSXXHL,{'Q55E58'}
SQSXGXL,{'Q55E58'}
SQSXGHX,{'Q55E58'}
SQSAXXL,{'Q55E58'}
SQSAXHX,{'Q55E58'}
SQSAGXX,{'Q55E58'}
XXVAPEV,{'O44997'}
XFVXPEV,{'O44997'}
XFVAXEV,{'O44997'}
XFVAPXV,{'O44997'}
EXXAPEV,{'O44997'}
EXVXPEV,{'O44997'}
EXVAXEV,{'O44997'}
EXVAPXV,{'O44997'}
EFXXPEV,{'O44997'}
EFXAXEV,{'O44997'}
EFXAPXV,{'O44997'}
EFVXXEV,{'O44997'}
EFVXPXV,{'O44997'}
EFVAXXV,{'O44997'}
XXEALSP,{'O44997'}
XYXALSP,{'O44997'}
XYEXLSP,{'O44997'}
XYEAXSP,{'O44997'}
XYEALXP,{'O44997'}
XYEALSX,{'O44997'}
NXXALSP,{'O44997'}
NXEXLSP,{'O44997'}
NXEAXSP,{'O44997'}
NXEALXP,{'O44997'}
NXEALSX,{'O44997'}
NYXXLSP,{'O44997'}
NYXAXSP,{'O44997'}
NYXALXP,{'O44997'}
NYXALSX,{'O44997'}
NYEXXSP,{'O44997'}
NYEXLXP,{'O44997'}
NYEXLSX,{'O44997'}
NYEAXXP,{'O44997'}
NYEAXSX,{'O44997'}
NYEALXX,{'O44997'}
XXPATDM,{'O44997'}
XSXATDM,{'O44997'}
XSPXTDM,{'O44997'}
XSPAXDM,{'O44997'}
XSPATXM,{'O44997'}
XSPATDX,{'O44997'}
LXXATDM,{'O44997'}
LXPXTDM,{'O44997'}
LXPAXDM,{'O44997'}
LXPATXM,{'O44997'}
LXPATDX,{'O44997'}
LSXXTDM,{'O44997'}
LSXAXDM,{'O44997'}
LSXATXM,{'O44997'}
LSXATDX,{'O44997'}
LSPXXDM,{'O44997'}
LSPXTXM,{'O44997'}
LSPXTDX,{'O44997'}
LSPAXXM,{'O44997'}
LSPAXDX,{'O44997'}
LSPATXX,{'O44997'}
XXSALHK,{'O44997'}
XLXALHK,{'O44997'}
XLSXLHK,{'O44997'}
XLSAXHK,{'O44997'}
XLSALXK,{'O44997'}
XLSALHX,{'O44997'}
KXXALHK,{'O44997'}
KXSXLHK,{'O44997'}
KXSAXHK,{'O44997'}
KXSALXK,{'O44997'}
KXSALHX,{'O44997'}
KLXXLHK,{'O44997'}
KLXAXHK,{'O44997'}
KLXALXK,{'O44997'}
KLXALHX,{'O44997'}
KLSXXHK,{'O44997'}
KLSXLXK,{'O44997'}
KLSXLHX,{'O44997'}
KLSAXXK,{'O44997'}
KLSAXHX,{'O44997'}
KLSALXX,{'O44997'}
XXNATRK,{'O44997'}
XPXATRK,{'O44997'}
XPNXTRK,{'O44997'}
XPNAXRK,{'O44997'}
XPNATXK,{'O44997'}
XPNATRX,{'O44997'}
LXXATRK,{'O44997'}
LXNXTRK,{'O44997'}
LXNAXRK,{'O44997'}
LXNATXK,{'O44997'}
LXNATRX,{'O44997'}
LPXXTRK,{'O44997'}
LPXAXRK,{'O44997'}
LPXATXK,{'O44997'}
LPXATRX,{'O44997'}
LPNXXRK,{'O44997'}
LPNXTXK,{'O44997'}
LPNXTRX,{'O44997'}
LPNAXXK,{'O44997'}
LPNAXRX,{'O44997'}
LPNATXX,{'O44997'}
XXHADHH,{'O44997'}
XNXADHH,{'O44997'}
XNHXDHH,{'O44997'}
XNHAXHH,{'O44997'}
XNHADXH,{'O44997'}
XNHADHX,{'O44997'}
IXXADHH,{'O44997'}
IXHXDHH,{'O44997'}
IXHAXHH,{'O44997'}
IXHADXH,{'O44997'}
IXHADHX,{'O44997'}
INXXDHH,{'O44997'}
INXAXHH,{'O44997'}
INXADXH,{'O44997'}
INXADHX,{'O44997'}
INHXXHH,{'O44997'}
INHXDXH,{'O44997'}
INHXDHX,{'O44997'}
INHAXXH,{'O44997'}
INHAXHX,{'O44997'}
INHADXX,{'O44997'}
XXTALHI,{'O44997'}
XDXALHI,{'O44997'}
XDTXLHI,{'O44997'}
XDTAXHI,{'O44997'}
XDTALXI,{'O44997'}
XDTALHX,{'O44997'}
GXXALHI,{'O44997'}
GXTXLHI,{'O44997'}
GXTAXHI,{'O44997'}
GXTALXI,{'O44997'}
GXTALHX,{'O44997'}
GDXXLHI,{'O44997'}
GDXAXHI,{'O44997'}
GDXALXI,{'O44997'}
GDXALHX,{'O44997'}
GDTXXHI,{'O44997'}
GDTXLXI,{'O44997'}
GDTXLHX,{'O44997'}
GDTAXXI,{'O44997'}
GDTAXHX,{'O44997'}
GDTALXX,{'O44997'}
XXIASKH,{'O44997'}
XHXASKH,{'O44997'}
XHIXSKH,{'O44997'}
XHIAXKH,{'O44997'}
XHIASXH,{'O44997'}
XHIASKX,{'O44997'}
LXXASKH,{'O44997'}
LXIXSKH,{'O44997'}
LXIAXKH,{'O44997'}
LXIASXH,{'O44997'}
LXIASKX,{'O44997'}
LHXXSKH,{'O44997'}
LHXAXKH,{'O44997'}
LHXASXH,{'O44997'}
LHXASKX,{'O44997'}
LHIXXKH,{'O44997'}
LHIXSXH,{'O44997'}
LHIXSKX,{'O44997'}
LHIAXXH,{'O44997'}
LHIAXKX,{'O44997'}
LHIASXX,{'O44997'}
XXQAVQT,{'O44997'}
XLXAVQT,{'O44997'}
XLQXVQT,{'O44997'}
XLQAXQT,{'O44997'}
XLQAVXT,{'O44997'}
XLQAVQX,{'O44997'}
LXXAVQT,{'O44997'}
LXQXVQT,{'O44997'}
LXQAXQT,{'O44997'}
LXQAVXT,{'O44997'}
LXQAVQX,{'O44997'}
LLXXVQT,{'O44997'}
LLXAXQT,{'O44997'}
LLXAVXT,{'O44997'}
LLXAVQX,{'O44997'}
LLQXXQT,{'O44997'}
LLQXVXT,{'O44997'}
LLQXVQX,{'O44997'}
LLQAXXT,{'O44997'}
LLQAXQX,{'O44997'}
LLQAVXX,{'O44997'}
XXRARGP,{'O44997'}
XIXARGP,{'O44997'}
XIRXRGP,{'O44997'}
XIRAXGP,{'O44997'}
XIRARXP,{'O44997'}
XIRARGX,{'O44997'}
EXXARGP,{'O44997'}
EXRXRGP,{'O44997'}
EXRAXGP,{'O44997'}
EXRARXP,{'O44997'}
EXRARGX,{'O44997'}
EIXXRGP,{'O44997'}
EIXAXGP,{'O44997'}
EIXARXP,{'O44997'}
EIXARGX,{'O44997'}
EIRXXGP,{'O44997'}
EIRXRXP,{'O44997'}
EIRXRGX,{'O44997'}
EIRAXXP,{'O44997'}
EIRAXGX,{'O44997'}
EIRARXX,{'O44997'}
XXSATSM,{'O44997'}
XEXATSM,{'O44997'}
XESXTSM,{'O44997'}
XESAXSM,{'O44997'}
XESATXM,{'O44997'}
XESATSX,{'O44997'}
SXXATSM,{'O44997'}
SXSXTSM,{'O44997'}
SXSAXSM,{'O44997'}
SXSATXM,{'O44997'}
SXSATSX,{'O44997'}
SEXXTSM,{'O44997'}
SEXAXSM,{'O44997'}
SEXATXM,{'O44997'}
SEXATSX,{'O44997'}
SESXXSM,{'O44997'}
SESXTXM,{'O44997'}
SESXTSX,{'O44997'}
SESAXXM,{'O44997'}
SESAXSX,{'O44997'}
SESATXX,{'O44997'}
XXQASKE,{'Q6XHB2'}
XDXASKE,{'Q6XHB2'}
XDQXSKE,{'Q6XHB2'}
XDQAXKE,{'Q6XHB2'}
XDQASXE,{'Q6XHB2'}
XDQASKX,{'Q6XHB2'}
NXXASKE,{'Q6XHB2'}
NXQXSKE,{'Q6XHB2'}
NXQAXKE,{'Q6XHB2'}
NXQASXE,{'Q6XHB2'}
NXQASKX,{'Q6XHB2'}
NDXXSKE,{'Q6XHB2'}
NDXAXKE,{'Q6XHB2'}
NDXASXE,{'Q6XHB2'}
NDXASKX,{'Q6XHB2'}
NDQXXKE,{'Q6XHB2'}
NDQXSXE,{'Q6XHB2'}
NDQXSKX,{'Q6XHB2'}
NDQAXXE,{'Q6XHB2'}
NDQAXKX,{'Q6XHB2'}
NDQASXX,{'Q6XHB2'}
XXMALLG,{'Q6XHB2'}
XTXALLG,{'Q6XHB2'}
XTMXLLG,{'Q6XHB2'}
XTMAXLG,{'Q6XHB2'}
XTMALXG,{'Q6XHB2'}
XTMALLX,{'Q6XHB2'}
GXXALLG,{'Q6XHB2'}
GXMXLLG,{'Q6XHB2'}
GXMAXLG,{'Q6XHB2'}
GXMALXG,{'Q6XHB2'}
GXMALLX,{'Q6XHB2'}
GTXXLLG,{'Q6XHB2'}
GTXAXLG,{'Q6XHB2'}
GTXALXG,{'Q6XHB2'}
GTXALLX,{'Q6XHB2'}
GTMXXLG,{'Q6XHB2'}
GTMXLXG,{'Q6XHB2'}
GTMXLLX,{'Q6XHB2'}
GTMAXXG,{'Q6XHB2'}
GTMAXLX,{'Q6XHB2'}
GTMALXX,{'Q6XHB2'}
XXKAELQ,{'Q6XHB2'}
XKXAELQ,{'Q6XHB2'}
XKKXELQ,{'Q6XHB2'}
XKKAXLQ,{'Q6XHB2'}
XKKAEXQ,{'Q6XHB2'}
XKKAELX,{'Q6XHB2'}
KXXAELQ,{'Q6XHB2'}
KXKXELQ,{'Q6XHB2'}
KXKAXLQ,{'Q6XHB2'}
KXKAEXQ,{'Q6XHB2'}
KXKAELX,{'Q6XHB2'}
KKXXELQ,{'Q6XHB2'}
KKXAXLQ,{'Q6XHB2'}
KKXAEXQ,{'Q6XHB2'}
KKXAELX,{'Q6XHB2'}
KKKXXLQ,{'Q6XHB2'}
KKKXEXQ,{'Q6XHB2'}
KKKXELX,{'Q6XHB2'}
KKKAXXQ,{'Q6XHB2'}
KKKAXLX,{'Q6XHB2'}
KKKAEXX,{'Q6XHB2'}
XXCATGK,{'Q6XHB2'}
XCXATGK,{'Q6XHB2'}
XCCXTGK,{'Q6XHB2'}
XCCAXGK,{'Q6XHB2'}
XCCATXK,{'Q6XHB2'}
XCCATGX,{'Q6XHB2'}
VXXATGK,{'Q6XHB2'}
VXCXTGK,{'Q6XHB2'}
VXCAXGK,{'Q6XHB2'}
VXCATXK,{'Q6XHB2'}
VXCATGX,{'Q6XHB2'}
VCXXTGK,{'Q6XHB2'}
VCXAXGK,{'Q6XHB2'}
VCXATXK,{'Q6XHB2'}
VCXATGX,{'Q6XHB2'}
VCCXXGK,{'Q6XHB2'}
VCCXTXK,{'Q6XHB2'}
VCCXTGX,{'Q6XHB2'}
VCCAXXK,{'Q6XHB2'}
VCCAXGX,{'Q6XHB2'}
VCCATXX,{'Q6XHB2'}
XXVAVWG,{'Q6XHB2'}
XLXAVWG,{'Q6XHB2'}
XLVXVWG,{'Q6XHB2'}
XLVAXWG,{'Q6XHB2'}
XLVAVXG,{'Q6XHB2'}
XLVAVWX,{'Q6XHB2'}
EXXAVWG,{'Q6XHB2'}
EXVXVWG,{'Q6XHB2'}
EXVAXWG,{'Q6XHB2'}
EXVAVXG,{'Q6XHB2'}
EXVAVWX,{'Q6XHB2'}
ELXXVWG,{'Q6XHB2'}
ELXAXWG,{'Q6XHB2'}
ELXAVXG,{'Q6XHB2'}
ELXAVWX,{'Q6XHB2'}
ELVXXWG,{'Q6XHB2'}
ELVXVXG,{'Q6XHB2'}
ELVXVWX,{'Q6XHB2'}
ELVAXXG,{'Q6XHB2'}
ELVAXWX,{'Q6XHB2'}
ELVAVXX,{'Q6XHB2'}
XXDAEGE,{'Q6XHB2'}
XEXAEGE,{'Q6XHB2'}
XEDXEGE,{'Q6XHB2'}
XEDAXGE,{'Q6XHB2'}
XEDAEXE,{'Q6XHB2'}
XEDAEGX,{'Q6XHB2'}
PXXAEGE,{'Q6XHB2'}
PXDXEGE,{'Q6XHB2'}
PXDAXGE,{'Q6XHB2'}
PXDAEXE,{'Q6XHB2'}
PXDAEGX,{'Q6XHB2'}
PEXXEGE,{'Q6XHB2'}
PEXAXGE,{'Q6XHB2'}
PEXAEXE,{'Q6XHB2'}
PEXAEGX,{'Q6XHB2'}
PEDXXGE,{'Q6XHB2'}
PEDXEXE,{'Q6XHB2'}
PEDXEGX,{'Q6XHB2'}
PEDAXXE,{'Q6XHB2'}
PEDAXGX,{'Q6XHB2'}
PEDAEXX,{'Q6XHB2'}
XXIALGI,{'Q6XHB2'}
XDXALGI,{'Q6XHB2'}
XDIXLGI,{'Q6XHB2'}
XDIAXGI,{'Q6XHB2', 'Q6XHA5'}
XDIALXI,{'Q6XHB2'}
XDIALGX,{'Q6XHB2'}
LXXALGI,{'Q6XHB2'}
LXIXLGI,{'Q6XHB2'}
LXIAXGI,{'Q6XHB2', 'Q6XHA5'}
LXIALXI,{'Q6XHB2'}
LXIALGX,{'Q6XHB2'}
LDXXLGI,{'Q6XHB2'}
LDXAXGI,{'Q6XHB2', 'Q6XHA5'}
LDXALXI,{'Q6XHB2'}
LDXALGX,{'Q6XHB2'}
LDIXXGI,{'Q6XHB2', 'Q6XHA5'}
LDIXLXI,{'Q6XHB2'}
LDIXLGX,{'Q6XHB2'}
LDIAXXI,{'Q6XHB2', 'Q6XHA5'}
LDIAXGX,{'Q6XHB2', 'Q6XHA5'}
LDIALXX,{'Q6XHB2'}
XXMAPET,{'Q6XHB2', 'Q6XHA5'}
XWXAPET,{'Q6XHB2', 'Q6XHA5'}
XWMXPET,{'Q6XHB2', 'Q6XHA5'}
XWMAXET,{'Q6XHB2', 'Q6XHA5'}
XWMAPXT,{'Q6XHB2', 'Q6XHA5'}
XWMAPEX,{'Q6XHB2', 'Q6XHA5'}
QXXAPET,{'Q6XHB2', 'Q6XHA5'}
QXMXPET,{'Q6XHB2', 'Q6XHA5'}
QXMAXET,{'Q6XHB2', 'Q6XHA5'}
QXMAPXT,{'Q6XHB2', 'Q6XHA5'}
QXMAPEX,{'Q6XHB2', 'Q6XHA5'}
QWXXPET,{'Q6XHB2', 'Q6XHA5'}
QWXAXET,{'Q6XHB2', 'Q6XHA5'}
QWXAPXT,{'Q6XHB2', 'Q6XHA5'}
QWXAPEX,{'Q6XHB2', 'Q6XHA5'}
QWMXXET,{'Q6XHB2', 'Q6XHA5'}
QWMXPXT,{'Q6XHB2', 'Q6XHA5'}
QWMXPEX,{'Q6XHB2', 'Q6XHA5'}
QWMAXXT,{'Q6XHB2', 'Q6XHA5'}
QWMAXEX,{'Q6XHB2', 'Q6XHA5'}
QWMAPXX,{'Q6XHB2', 'Q6XHA5'}
XXEAHHE,{'Q6XHB2'}
XLXAHHE,{'Q6XHB2'}
XLEXHHE,{'Q6XHB2'}
XLEAXHE,{'Q6XHB2'}
XLEAHXE,{'Q6XHB2'}
XLEAHHX,{'Q6XHB2'}
SXXAHHE,{'Q6XHB2'}
SXEXHHE,{'Q6XHB2'}
SXEAXHE,{'Q6XHB2'}
SXEAHXE,{'Q6XHB2'}
SXEAHHX,{'Q6XHB2'}
SLXXHHE,{'Q6XHB2'}
SLXAXHE,{'Q6XHB2'}
SLXAHXE,{'Q6XHB2'}
SLXAHHX,{'Q6XHB2'}
SLEXXHE,{'Q6XHB2'}
SLEXHXE,{'Q6XHB2'}
SLEXHHX,{'Q6XHB2'}
SLEAXXE,{'Q6XHB2'}
SLEAXHX,{'Q6XHB2'}
SLEAHXX,{'Q6XHB2'}
XXSAEQI,{'Q6XHA5'}
XSXAEQI,{'Q6XHA5'}
XSSXEQI,{'Q6XHA5'}
XSSAXQI,{'Q6XHA5'}
XSSAEXI,{'Q6XHA5'}
XSSAEQX,{'Q6XHA5'}
LXXAEQI,{'Q6XHA5'}
LXSXEQI,{'Q6XHA5'}
LXSAXQI,{'Q6XHA5'}
LXSAEXI,{'Q6XHA5'}
LXSAEQX,{'Q6XHA5'}
LSXXEQI,{'Q6XHA5'}
LSXAXQI,{'Q6XHA5'}
LSXAEQX,{'Q6XHA5'}
LSSXXQI,{'Q6XHA5'}
LSSXEXI,{'Q6XHA5'}
LSSXEQX,{'Q6XHA5'}
LSSAXXI,{'Q6XHA5'}
LSSAXQX,{'Q6XHA5'}
LSSAEXX,{'Q6XHA5'}
XXFAPHG,{'Q6XHA5'}
XEXAPHG,{'Q6XHA5'}
XEFXPHG,{'Q6XHA5'}
XEFAXHG,{'Q6XHA5'}
XEFAPXG,{'Q6XHA5'}
XEFAPHX,{'Q6XHA5'}
MXXAPHG,{'Q6XHA5'}
MXFXPHG,{'Q6XHA5'}
MXFAXHG,{'Q6XHA5'}
MXFAPXG,{'Q6XHA5'}
MXFAPHX,{'Q6XHA5'}
MEXXPHG,{'Q6XHA5'}
MEXAXHG,{'Q6XHA5'}
MEXAPXG,{'Q6XHA5'}
MEXAPHX,{'Q6XHA5'}
MEFXXHG,{'Q6XHA5'}
MEFXPXG,{'Q6XHA5'}
MEFXPHX,{'Q6XHA5'}
MEFAXXG,{'Q6XHA5'}
MEFAXHX,{'Q6XHA5'}
MEFAPXX,{'Q6XHA5'}
XXIAKGI,{'Q6XHA5'}
XDXAKGI,{'Q6XHA5'}
XDIXKGI,{'Q6XHA5'}
XDIAKXI,{'Q6XHA5'}
XDIAKGX,{'Q6XHA5'}
LXXAKGI,{'Q6XHA5'}
LXIXKGI,{'Q6XHA5'}
LXIAKXI,{'Q6XHA5'}
LXIAKGX,{'Q6XHA5'}
LDXXKGI,{'Q6XHA5'}
LDXAKXI,{'Q6XHA5'}
LDXAKGX,{'Q6XHA5'}
LDIXKXI,{'Q6XHA5'}
LDIXKGX,{'Q6XHA5'}
LDIAKXX,{'Q6XHA5'}
XXMAYDG,{'Q1ZXD6'}
XMXAYDG,{'Q1ZXD6'}
XMMXYDG,{'Q1ZXD6'}
XMMAXDG,{'Q1ZXD6'}
XMMAYXG,{'Q1ZXD6'}
XMMAYDX,{'Q1ZXD6'}
TXXAYDG,{'Q1ZXD6'}
TXMXYDG,{'Q1ZXD6'}
TXMAXDG,{'Q1ZXD6'}
TXMAYXG,{'Q1ZXD6'}
TXMAYDX,{'Q1ZXD6'}
TMXXYDG,{'Q1ZXD6'}
TMXAXDG,{'Q1ZXD6'}
TMXAYXG,{'Q1ZXD6'}
TMXAYDX,{'Q1ZXD6'}
TMMXXDG,{'Q1ZXD6'}
TMMXYXG,{'Q1ZXD6'}
TMMXYDX,{'Q1ZXD6'}
TMMAXXG,{'Q1ZXD6'}
TMMAXDX,{'Q1ZXD6'}
TMMAYXX,{'Q1ZXD6'}
XXNAPQS,{'Q1ZXD6'}
XFXAPQS,{'Q1ZXD6'}
XFNXPQS,{'Q1ZXD6'}
XFNAXQS,{'Q1ZXD6'}
XFNAPXS,{'Q1ZXD6'}
XFNAPQX,{'Q1ZXD6'}
DXXAPQS,{'Q1ZXD6'}
DXNXPQS,{'Q1ZXD6'}
DXNAXQS,{'Q1ZXD6'}
DXNAPXS,{'Q1ZXD6'}
DXNAPQX,{'Q1ZXD6'}
DFXXPQS,{'Q1ZXD6'}
DFXAXQS,{'Q1ZXD6'}
DFXAPXS,{'Q1ZXD6'}
DFXAPQX,{'Q1ZXD6'}
DFNXXQS,{'Q1ZXD6'}
DFNXPXS,{'Q1ZXD6'}
DFNXPQX,{'Q1ZXD6'}
DFNAXXS,{'Q1ZXD6'}
DFNAXQX,{'Q1ZXD6'}
DFNAPXX,{'Q1ZXD6'}
XXKATIS,{'Q1ZXD6'}
XPXATIS,{'Q1ZXD6'}
XPKXTIS,{'Q1ZXD6'}
XPKAXIS,{'Q1ZXD6'}
XPKATXS,{'Q1ZXD6'}
XPKATIX,{'Q1ZXD6'}
DXXATIS,{'Q1ZXD6'}
DXKXTIS,{'Q1ZXD6'}
DXKAXIS,{'Q1ZXD6'}
DXKATXS,{'Q1ZXD6'}
DXKATIX,{'Q1ZXD6'}
DPXXTIS,{'Q1ZXD6'}
DPXAXIS,{'Q1ZXD6'}
DPXATXS,{'Q1ZXD6'}
DPXATIX,{'Q1ZXD6'}
DPKXXIS,{'Q1ZXD6'}
DPKXTXS,{'Q1ZXD6'}
DPKXTIX,{'Q1ZXD6'}
DPKAXXS,{'Q1ZXD6'}
DPKAXIX,{'Q1ZXD6'}
DPKATXX,{'Q1ZXD6'}
XXQAEAA,{'Q1ZXD6'}
XGXAEAA,{'Q1ZXD6'}
XGQXEAA,{'Q1ZXD6'}
XGQAXAA,{'Q1ZXD6'}
XGQAEXA,{'Q1ZXD6'}
XGQAEAX,{'Q1ZXD6'}
SXXAEAA,{'Q1ZXD6'}
SXQXEAA,{'Q1ZXD6'}
SXQAXAA,{'Q1ZXD6'}
SXQAEXA,{'Q1ZXD6'}
SXQAEAX,{'Q1ZXD6'}
SGXXEAA,{'Q1ZXD6'}
SGXAXAA,{'Q1ZXD6'}
SGXAEXA,{'Q1ZXD6'}
SGXAEAX,{'Q1ZXD6'}
SGQXXAA,{'Q1ZXD6'}
SGQXEXA,{'Q1ZXD6'}
SGQXEAX,{'Q1ZXD6'}
SGQAXXA,{'Q1ZXD6'}
SGQAXAX,{'Q1ZXD6'}
SGQAEXX,{'Q1ZXD6'}
XXEAASE,{'Q1ZXD6'}
XAXAASE,{'Q1ZXD6'}
XAEXASE,{'Q1ZXD6'}
XAEAXSE,{'Q1ZXD6'}
XAEAAXE,{'Q1ZXD6'}
XAEAASX,{'Q1ZXD6'}
QXXAASE,{'Q1ZXD6'}
QXEXASE,{'Q1ZXD6'}
QXEAXSE,{'Q1ZXD6'}
QXEAAXE,{'Q1ZXD6'}
QXEAASX,{'Q1ZXD6'}
QAXXASE,{'Q1ZXD6'}
QAXAXSE,{'Q1ZXD6'}
QAXAAXE,{'Q1ZXD6'}
QAXAASX,{'Q1ZXD6'}
QAEXXSE,{'Q1ZXD6'}
QAEXAXE,{'Q1ZXD6'}
QAEXASX,{'Q1ZXD6'}
QAEAXXE,{'Q1ZXD6'}
QAEAXSX,{'Q1ZXD6'}
QAEAAXX,{'Q1ZXD6'}
XXAASEI,{'Q1ZXD6'}
XEXASEI,{'Q1ZXD6'}
XEAXSEI,{'Q1ZXD6'}
XEAAXEI,{'Q1ZXD6'}
XEAASXI,{'Q1ZXD6'}
XEAASEX,{'Q1ZXD6'}
AXXASEI,{'Q1ZXD6'}
AXAXSEI,{'Q1ZXD6'}
AXAAXEI,{'Q1ZXD6'}
AXAASXI,{'Q1ZXD6'}
AXAASEX,{'Q1ZXD6'}
AEXXSEI,{'Q1ZXD6'}
AEXAXEI,{'Q1ZXD6'}
AEXASXI,{'Q1ZXD6'}
AEXASEX,{'Q1ZXD6'}
AEAXXEI,{'Q1ZXD6'}
AEAXSXI,{'Q1ZXD6'}
AEAXSEX,{'Q1ZXD6'}
AEAAXXI,{'Q1ZXD6'}
AEAAXEX,{'Q1ZXD6'}
AEAASXX,{'Q1ZXD6'}
XXSALGR,{'Q1ZXD6'}
XTXALGR,{'Q1ZXD6'}
XTSXLGR,{'Q1ZXD6'}
XTSAXGR,{'Q1ZXD6'}
XTSALXR,{'Q1ZXD6'}
XTSALGX,{'Q1ZXD6'}
VXXALGR,{'Q1ZXD6'}
VXSXLGR,{'Q1ZXD6'}
VXSAXGR,{'Q1ZXD6'}
VXSALXR,{'Q1ZXD6'}
VXSALGX,{'Q1ZXD6'}
VTXXLGR,{'Q1ZXD6'}
VTXAXGR,{'Q1ZXD6'}
VTXALXR,{'Q1ZXD6'}
VTXALGX,{'Q1ZXD6'}
VTSXXGR,{'Q1ZXD6'}
VTSXLXR,{'Q1ZXD6'}
VTSXLGX,{'Q1ZXD6'}
VTSAXXR,{'Q1ZXD6'}
VTSAXGX,{'Q1ZXD6'}
VTSALXX,{'Q1ZXD6'}
XXCAGQE,{'Q54WS5'}
XDXAGQE,{'Q54WS5'}
XDCXGQE,{'Q54WS5'}
XDCAXQE,{'Q54WS5'}
XDCAGXE,{'Q54WS5'}
XDCAGQX,{'Q54WS5'}
WXXAGQE,{'Q54WS5'}
WXCXGQE,{'Q54WS5'}
WXCAXQE,{'Q54WS5'}
WXCAGXE,{'Q54WS5'}
WXCAGQX,{'Q54WS5'}
WDXXGQE,{'Q54WS5'}
WDXAXQE,{'Q54WS5'}
WDXAGXE,{'Q54WS5'}
WDXAGQX,{'Q54WS5'}
WDCXXQE,{'Q54WS5'}
WDCXGXE,{'Q54WS5'}
WDCXGQX,{'Q54WS5'}
WDCAXXE,{'Q54WS5'}
WDCAXQX,{'Q54WS5'}
WDCAGXX,{'Q54WS5'}
XXYANCS,{'Q54WS5'}
XSXANCS,{'Q54WS5'}
XSYXNCS,{'Q54WS5'}
XSYAXCS,{'Q54WS5'}
XSYANXS,{'Q54WS5'}
XSYANCX,{'Q54WS5'}
PXXANCS,{'Q54WS5'}
PXYXNCS,{'Q54WS5'}
PXYAXCS,{'Q54WS5'}
PXYANXS,{'Q54WS5'}
PXYANCX,{'Q54WS5'}
PSXXNCS,{'Q54WS5'}
PSXAXCS,{'Q54WS5'}
PSXANXS,{'Q54WS5'}
PSXANCX,{'Q54WS5'}
PSYXXCS,{'Q54WS5'}
PSYXNXS,{'Q54WS5'}
PSYXNCX,{'Q54WS5'}
PSYAXXS,{'Q54WS5'}
PSYAXCX,{'Q54WS5'}
PSYANXX,{'Q54WS5'}
XXLAVNN,{'Q54WS5'}
XTXAVNN,{'Q54WS5'}
XTLXVNN,{'Q54WS5'}
XTLAXNN,{'Q54WS5'}
XTLAVXN,{'Q54WS5'}
XTLAVNX,{'Q54WS5'}
TXXAVNN,{'Q54WS5'}
TXLXVNN,{'Q54WS5'}
TXLAXNN,{'Q54WS5'}
TXLAVXN,{'Q54WS5'}
TXLAVNX,{'Q54WS5'}
TTXXVNN,{'Q54WS5'}
TTXAXNN,{'Q54WS5'}
TTXAVXN,{'Q54WS5'}
TTXAVNX,{'Q54WS5'}
TTLXXNN,{'Q54WS5'}
TTLXVXN,{'Q54WS5'}
TTLXVNX,{'Q54WS5'}
TTLAXXN,{'Q54WS5'}
TTLAXNX,{'Q54WS5'}
TTLAVXX,{'Q54WS5'}
XXWALIL,{'Q54WS5'}
XNXALIL,{'Q54WS5'}
XNWXLIL,{'Q54WS5'}
XNWAXIL,{'Q54WS5'}
XNWALXL,{'Q54WS5'}
XNWALIX,{'Q54WS5'}
GXXALIL,{'Q54WS5'}
GXWXLIL,{'Q54WS5'}
GXWAXIL,{'Q54WS5'}
GXWALXL,{'Q54WS5'}
GXWALIX,{'Q54WS5'}
GNXXLIL,{'Q54WS5'}
GNXAXIL,{'Q54WS5'}
GNXALXL,{'Q54WS5'}
GNXALIX,{'Q54WS5'}
GNWXXIL,{'Q54WS5'}
GNWXLXL,{'Q54WS5'}
GNWXLIX,{'Q54WS5'}
GNWAXXL,{'Q54WS5'}
GNWAXIX,{'Q54WS5'}
GNWALXX,{'Q54WS5'}
XXLALDI,{'Q54WS5'}
XKXALDI,{'Q54WS5'}
XKLXLDI,{'Q54WS5'}
XKLAXDI,{'Q54WS5'}
XKLALXI,{'Q54WS5'}
XKLALDX,{'Q54WS5'}
LXXALDI,{'Q54WS5'}
LXLXLDI,{'Q54WS5'}
LXLAXDI,{'Q54WS5'}
LXLALXI,{'Q54WS5'}
LXLALDX,{'Q54WS5'}
LKXXLDI,{'Q54WS5'}
LKXAXDI,{'Q54WS5'}
LKXALXI,{'Q54WS5'}
LKXALDX,{'Q54WS5'}
LKLXXDI,{'Q54WS5'}
LKLXLXI,{'Q54WS5'}
LKLXLDX,{'Q54WS5'}
LKLAXXI,{'Q54WS5'}
LKLAXDX,{'Q54WS5'}
LKLALXX,{'Q54WS5'}
XXTAKVG,{'Q54WS5'}
XYXAKVG,{'Q54WS5'}
XYTXKVG,{'Q54WS5'}
XYTAXVG,{'Q54WS5'}
XYTAKXG,{'Q54WS5'}
XYTAKVX,{'Q54WS5'}
VXXAKVG,{'Q54WS5'}
VXTXKVG,{'Q54WS5'}
VXTAXVG,{'Q54WS5'}
VXTAKXG,{'Q54WS5'}
VXTAKVX,{'Q54WS5'}
VYXXKVG,{'Q54WS5'}
VYXAXVG,{'Q54WS5'}
VYXAKXG,{'Q54WS5'}
VYXAKVX,{'Q54WS5'}
VYTXXVG,{'Q54WS5'}
VYTXKXG,{'Q54WS5'}
VYTXKVX,{'Q54WS5'}
VYTAXXG,{'Q54WS5'}
VYTAXVX,{'Q54WS5'}
VYTAKXX,{'Q54WS5'}
XXEAKVN,{'Q54WS5'}
XPXAKVN,{'Q54WS5'}
XPEXKVN,{'Q54WS5'}
XPEAXVN,{'Q54WS5'}
XPEAKXN,{'Q54WS5'}
XPEAKVX,{'Q54WS5'}
QXXAKVN,{'Q54WS5'}
QXEXKVN,{'Q54WS5'}
QXEAXVN,{'Q54WS5'}
QXEAKXN,{'Q54WS5'}
QXEAKVX,{'Q54WS5'}
QPXXKVN,{'Q54WS5'}
QPXAXVN,{'Q54WS5'}
QPXAKXN,{'Q54WS5'}
QPXAKVX,{'Q54WS5'}
QPEXXVN,{'Q54WS5'}
QPEXKXN,{'Q54WS5'}
QPEXKVX,{'Q54WS5'}
QPEAXXN,{'Q54WS5'}
QPEAXVX,{'Q54WS5'}
QPEAKXX,{'Q54WS5'}
XXGAVNM,{'Q54WS5'}
XTXAVNM,{'Q54WS5'}
XTGXVNM,{'Q54WS5'}
XTGAXNM,{'Q54WS5'}
XTGAVXM,{'Q54WS5'}
XTGAVNX,{'Q54WS5'}
KXXAVNM,{'Q54WS5'}
KXGXVNM,{'Q54WS5'}
KXGAXNM,{'Q54WS5'}
KXGAVXM,{'Q54WS5'}
KXGAVNX,{'Q54WS5'}
KTXXVNM,{'Q54WS5'}
KTXAXNM,{'Q54WS5'}
KTXAVXM,{'Q54WS5'}
KTXAVNX,{'Q54WS5'}
KTGXXNM,{'Q54WS5'}
KTGXVXM,{'Q54WS5'}
KTGXVNX,{'Q54WS5'}
KTGAXXM,{'Q54WS5'}
KTGAXNX,{'Q54WS5'}
KTGAVXX,{'Q54WS5'}
XXWACTQ,{'Q54WS5'}
XVXACTQ,{'Q54WS5'}
XVWXCTQ,{'Q54WS5'}
XVWAXTQ,{'Q54WS5'}
XVWACXQ,{'Q54WS5'}
XVWACTX,{'Q54WS5'}
YXXACTQ,{'Q54WS5'}
YXWXCTQ,{'Q54WS5'}
YXWAXTQ,{'Q54WS5'}
YXWACXQ,{'Q54WS5'}
YXWACTX,{'Q54WS5'}
YVXXCTQ,{'Q54WS5'}
YVXAXTQ,{'Q54WS5'}
YVXACXQ,{'Q54WS5'}
YVXACTX,{'Q54WS5'}
YVWXXTQ,{'Q54WS5'}
YVWXCXQ,{'Q54WS5'}
YVWXCTX,{'Q54WS5'}
YVWAXXQ,{'Q54WS5'}
YVWAXTX,{'Q54WS5'}
YVWACXX,{'Q54WS5'}
XXIAAYQ,{'Q3V1N1', 'Q9Y4C4'}
XYXAAYQ,{'Q3V1N1', 'Q9Y4C4'}
XYIXAYQ,{'Q3V1N1', 'Q9Y4C4'}
XYIAXYQ,{'Q3V1N1', 'Q9Y4C4'}
XYIAAXQ,{'Q3V1N1', 'Q9Y4C4'}
XYIAAYX,{'Q3V1N1', 'Q9Y4C4'}
PXXAAYQ,{'Q3V1N1', 'Q9Y4C4'}
PXIXAYQ,{'Q3V1N1', 'Q9Y4C4'}
PXIAXYQ,{'Q3V1N1', 'Q9Y4C4'}
PXIAAXQ,{'Q3V1N1', 'Q9Y4C4'}
PXIAAYX,{'Q3V1N1', 'Q9Y4C4'}
PYXXAYQ,{'Q3V1N1', 'Q9Y4C4'}
PYXAXYQ,{'Q3V1N1', 'Q9Y4C4'}
PYXAAXQ,{'Q3V1N1', 'Q9Y4C4'}
PYXAAYX,{'Q3V1N1', 'Q9Y4C4'}
PYIXXYQ,{'Q3V1N1', 'Q9Y4C4'}
PYIXAXQ,{'Q3V1N1', 'Q9Y4C4'}
PYIXAYX,{'Q3V1N1', 'Q9Y4C4'}
PYIAXXQ,{'Q3V1N1', 'Q9Y4C4'}
PYIAXYX,{'Q3V1N1', 'Q9Y4C4'}
PYIAAXX,{'Q3V1N1', 'Q9Y4C4'}
XXAAYQK,{'Q3V1N1', 'Q9Y4C4'}
XIXAYQK,{'Q3V1N1', 'Q9Y4C4'}
XIAXYQK,{'Q3V1N1', 'Q9Y4C4'}
XIAAXQK,{'Q3V1N1', 'Q9Y4C4'}
XIAAYXK,{'Q3V1N1', 'Q9Y4C4'}
XIAAYQX,{'Q3V1N1', 'Q9Y4C4'}
YXXAYQK,{'Q3V1N1', 'Q9Y4C4'}
YXAXYQK,{'Q3V1N1', 'Q9Y4C4'}
YXAAXQK,{'Q3V1N1', 'Q9Y4C4'}
YXAAYXK,{'Q3V1N1', 'Q9Y4C4'}
YXAAYQX,{'Q3V1N1', 'Q9Y4C4'}
YIXXYQK,{'Q3V1N1', 'Q9Y4C4'}
YIXAXQK,{'Q3V1N1', 'Q9Y4C4'}
YIXAYXK,{'Q3V1N1', 'Q9Y4C4'}
YIXAYQX,{'Q3V1N1', 'Q9Y4C4'}
YIAXXQK,{'Q3V1N1', 'Q9Y4C4'}
YIAXYXK,{'Q3V1N1', 'Q9Y4C4'}
YIAXYQX,{'Q3V1N1', 'Q9Y4C4'}
YIAAXXK,{'Q3V1N1', 'Q9Y4C4'}
YIAAXQX,{'Q3V1N1', 'Q9Y4C4'}
YIAAYXX,{'Q3V1N1', 'Q9Y4C4'}
XXLAHSQ,{'Q3V1N1', 'Q9Y4C4'}
XEXAHSQ,{'Q3V1N1', 'Q9Y4C4'}
XELXHSQ,{'Q3V1N1', 'Q9Y4C4'}
XELAXSQ,{'Q3V1N1', 'Q9Y4C4'}
XELAHXQ,{'Q3V1N1', 'Q9Y4C4'}
XELAHSX,{'Q3V1N1', 'Q9Y4C4'}
KXXAHSQ,{'Q3V1N1', 'Q9Y4C4'}
KXLXHSQ,{'Q3V1N1', 'Q9Y4C4'}
KXLAXSQ,{'Q3V1N1', 'Q9Y4C4'}
KXLAHXQ,{'Q3V1N1', 'Q9Y4C4'}
KXLAHSX,{'Q3V1N1', 'Q9Y4C4'}
KEXXHSQ,{'Q3V1N1', 'Q9Y4C4'}
KEXAXSQ,{'Q3V1N1', 'Q9Y4C4'}
KEXAHXQ,{'Q3V1N1', 'Q9Y4C4'}
KEXAHSX,{'Q3V1N1', 'Q9Y4C4'}
KELXXSQ,{'Q3V1N1', 'Q9Y4C4'}
KELXHXQ,{'Q3V1N1', 'Q9Y4C4'}
KELXHSX,{'Q3V1N1', 'Q9Y4C4'}
KELAXXQ,{'Q3V1N1', 'Q9Y4C4'}
KELAXSX,{'Q3V1N1', 'Q9Y4C4'}
KELAHXX,{'Q3V1N1', 'Q9Y4C4'}
XXEALAR,{'Q3V1N1', 'Q9Y4C4'}
XDXALAR,{'Q3V1N1', 'Q9Y4C4'}
XDEXLAR,{'Q3V1N1', 'Q9Y4C4'}
XDEAXAR,{'Q3V1N1', 'Q9Y4C4'}
XDEALXR,{'Q3V1N1', 'Q9Y4C4'}
XDEALAX,{'Q3V1N1', 'Q9Y4C4'}
VXXALAR,{'Q3V1N1', 'Q9Y4C4'}
VXEXLAR,{'Q3V1N1', 'Q9Y4C4'}
VXEAXAR,{'Q3V1N1', 'Q9Y4C4'}
VXEALXR,{'Q3V1N1', 'Q9Y4C4'}
VXEALAX,{'Q3V1N1', 'Q9Y4C4'}
VDXXLAR,{'Q3V1N1', 'Q9Y4C4'}
VDXAXAR,{'Q3V1N1', 'Q9Y4C4'}
VDXALXR,{'Q3V1N1', 'Q9Y4C4'}
VDXALAX,{'Q3V1N1', 'Q9Y4C4'}
VDEXXAR,{'Q3V1N1', 'Q9Y4C4'}
VDEXLXR,{'Q3V1N1', 'Q9Y4C4'}
VDEXLAX,{'Q3V1N1', 'Q9Y4C4'}
VDEAXXR,{'Q3V1N1', 'Q9Y4C4'}
VDEAXAX,{'Q3V1N1', 'Q9Y4C4'}
VDEALXX,{'Q3V1N1', 'Q9Y4C4'}
XXLARDF,{'Q3V1N1', 'Q9Y4C4'}
XAXARDF,{'Q3V1N1', 'Q9Y4C4'}
XALXRDF,{'Q3V1N1', 'Q9Y4C4'}
XALAXDF,{'Q3V1N1', 'Q9Y4C4'}
XALARXF,{'Q3V1N1', 'Q9Y4C4'}
XALARDX,{'Q3V1N1', 'Q9Y4C4'}
EXXARDF,{'Q3V1N1', 'Q9Y4C4'}
EXLXRDF,{'Q3V1N1', 'Q9Y4C4'}
EXLAXDF,{'Q3V1N1', 'Q9Y4C4'}
EXLARXF,{'Q3V1N1', 'Q9Y4C4'}
EXLARDX,{'Q3V1N1', 'Q9Y4C4'}
EAXXRDF,{'Q3V1N1', 'Q9Y4C4'}
EAXAXDF,{'Q3V1N1', 'Q9Y4C4'}
EAXARXF,{'Q3V1N1', 'Q9Y4C4'}
EAXARDX,{'Q3V1N1', 'Q9Y4C4'}
EALXXDF,{'Q3V1N1', 'Q9Y4C4'}
EALXRXF,{'Q3V1N1', 'Q9Y4C4'}
EALXRDX,{'Q3V1N1', 'Q9Y4C4'}
EALAXXF,{'Q3V1N1', 'Q9Y4C4'}
EALAXDX,{'Q3V1N1', 'Q9Y4C4'}
EALARXX,{'Q3V1N1', 'Q9Y4C4'}
XXSASPH,{'Q3V1N1', 'Q9Y4C4'}
XRXASPH,{'Q3V1N1', 'Q9Y4C4'}
XRSXSPH,{'Q3V1N1', 'Q9Y4C4'}
XRSAXPH,{'Q3V1N1', 'Q9Y4C4'}
XRSASXH,{'Q3V1N1', 'Q9Y4C4'}
XRSASPX,{'Q3V1N1', 'Q9Y4C4'}
LXXASPH,{'Q3V1N1', 'Q9Y4C4'}
LXSXSPH,{'Q3V1N1', 'Q9Y4C4'}
LXSAXPH,{'Q3V1N1', 'Q9Y4C4'}
LXSASXH,{'Q3V1N1', 'Q9Y4C4'}
LXSASPX,{'Q3V1N1', 'Q9Y4C4'}
LRXXSPH,{'Q3V1N1', 'Q9Y4C4'}
LRXAXPH,{'Q3V1N1', 'Q9Y4C4'}
LRXASXH,{'Q3V1N1', 'Q9Y4C4'}
LRXASPX,{'Q3V1N1', 'Q9Y4C4'}
LRSXXPH,{'Q3V1N1', 'Q9Y4C4'}
LRSXSXH,{'Q3V1N1', 'Q9Y4C4'}
LRSXSPX,{'Q3V1N1', 'Q9Y4C4'}
LRSAXXH,{'Q3V1N1', 'Q9Y4C4'}
LRSAXPX,{'Q3V1N1', 'Q9Y4C4'}
LRSASXX,{'Q3V1N1', 'Q9Y4C4'}
XXHAAYY,{'Q3V1N1', 'Q9Y4C4'}
XPXAAYY,{'Q3V1N1', 'Q9Y4C4'}
XPHXAYY,{'Q3V1N1', 'Q9Y4C4'}
XPHAXYY,{'Q3V1N1', 'Q9Y4C4'}
XPHAAXY,{'Q3V1N1', 'Q9Y4C4'}
XPHAAYX,{'Q3V1N1', 'Q9Y4C4'}
SXXAAYY,{'Q3V1N1', 'Q9Y4C4'}
SXHXAYY,{'Q3V1N1', 'Q9Y4C4'}
SXHAXYY,{'Q3V1N1', 'Q9Y4C4'}
SXHAAXY,{'Q3V1N1', 'Q9Y4C4'}
SXHAAYX,{'Q3V1N1', 'Q9Y4C4'}
SPXXAYY,{'Q3V1N1', 'Q9Y4C4'}
SPXAXYY,{'Q3V1N1', 'Q9Y4C4'}
SPXAAXY,{'Q3V1N1', 'Q9Y4C4'}
SPXAAYX,{'Q3V1N1', 'Q9Y4C4'}
SPHXXYY,{'Q3V1N1', 'Q9Y4C4'}
SPHXAXY,{'Q3V1N1', 'Q9Y4C4'}
SPHXAYX,{'Q3V1N1', 'Q9Y4C4'}
SPHAXXY,{'Q3V1N1', 'Q9Y4C4'}
SPHAXYX,{'Q3V1N1', 'Q9Y4C4'}
SPHAAXX,{'Q3V1N1', 'Q9Y4C4'}
XXAAYYG,{'Q3V1N1', 'Q9Y4C4'}
XHXAYYG,{'Q3V1N1', 'Q9Y4C4'}
XHAXYYG,{'Q3V1N1', 'Q9Y4C4'}
XHAAXYG,{'Q3V1N1', 'Q9Y4C4'}
XHAAYXG,{'Q3V1N1', 'Q9Y4C4'}
XHAAYYX,{'Q3V1N1', 'Q9Y4C4'}
PXXAYYG,{'Q3V1N1', 'Q9Y4C4'}
PXAXYYG,{'Q3V1N1', 'Q9Y4C4'}
PXAAXYG,{'Q3V1N1', 'Q9Y4C4'}
PXAAYXG,{'Q3V1N1', 'Q9Y4C4'}
PXAAYYX,{'Q3V1N1', 'Q9Y4C4'}
PHXXYYG,{'Q3V1N1', 'Q9Y4C4'}
PHXAXYG,{'Q3V1N1', 'Q9Y4C4'}
PHXAYXG,{'Q3V1N1', 'Q9Y4C4'}
PHXAYYX,{'Q3V1N1', 'Q9Y4C4'}
PHAXXYG,{'Q3V1N1', 'Q9Y4C4'}
PHAXYXG,{'Q3V1N1', 'Q9Y4C4'}
PHAXYYX,{'Q3V1N1', 'Q9Y4C4'}
PHAAXXG,{'Q3V1N1', 'Q9Y4C4'}
PHAAXYX,{'Q3V1N1', 'Q9Y4C4'}
PHAAYXX,{'Q3V1N1', 'Q9Y4C4'}
XXTAWYK,{'Q9Y4C4'}
XSXAWYK,{'Q3V1N1', 'Q9Y4C4'}
XSTXWYK,{'Q9Y4C4'}
XSTAXYK,{'Q9Y4C4'}
XSTAWXK,{'Q9Y4C4'}
XSTAWYX,{'Q9Y4C4'}
GXXAWYK,{'Q3V1N1', 'Q9Y4C4'}
GXTXWYK,{'Q9Y4C4'}
GXTAXYK,{'Q9Y4C4'}
GXTAWXK,{'Q9Y4C4'}
GXTAWYX,{'Q9Y4C4'}
GSXXWYK,{'Q3V1N1', 'Q9Y4C4'}
GSXAXYK,{'Q3V1N1', 'Q9Y4C4'}
GSXAWXK,{'Q3V1N1', 'Q9Y4C4'}
GSXAWYX,{'Q3V1N1', 'Q9Y4C4'}
GSTXXYK,{'Q9Y4C4'}
GSTXWXK,{'Q9Y4C4'}
GSTXWYX,{'Q9Y4C4'}
GSTAXXK,{'Q9Y4C4'}
GSTAXYX,{'Q9Y4C4'}
GSTAWXX,{'Q9Y4C4'}
XXHAEAW,{'Q3V1N1', 'Q9Y4C4'}
XPXAEAW,{'Q3V1N1', 'Q9Y4C4'}
XPHXEAW,{'Q3V1N1', 'Q9Y4C4'}
XPHAXAW,{'Q3V1N1', 'Q9Y4C4'}
XPHAEXW,{'Q3V1N1', 'Q9Y4C4'}
XPHAEAX,{'Q3V1N1', 'Q9Y4C4'}
VXXAEAW,{'Q3V1N1', 'Q9Y4C4'}
VXHXEAW,{'Q3V1N1', 'Q9Y4C4'}
VXHAXAW,{'Q3V1N1', 'Q9Y4C4'}
VXHAEXW,{'Q3V1N1', 'Q9Y4C4'}
VXHAEAX,{'Q3V1N1', 'Q9Y4C4'}
VPXXEAW,{'Q3V1N1', 'Q9Y4C4'}
VPXAXAW,{'Q3V1N1', 'Q9Y4C4'}
VPXAEXW,{'Q3V1N1', 'Q9Y4C4'}
VPXAEAX,{'Q3V1N1', 'Q9Y4C4'}
VPHXXAW,{'Q3V1N1', 'Q9Y4C4'}
VPHXEXW,{'Q3V1N1', 'Q9Y4C4'}
VPHXEAX,{'Q3V1N1', 'Q9Y4C4'}
VPHAXXW,{'Q3V1N1', 'Q9Y4C4'}
VPHAXAX,{'Q3V1N1', 'Q9Y4C4'}
VPHAEXX,{'Q3V1N1', 'Q9Y4C4'}
XXEAWIN,{'Q3V1N1', 'Q9Y4C4'}
XAXAWIN,{'Q3V1N1', 'Q9Y4C4'}
XAEXWIN,{'Q3V1N1', 'Q9Y4C4'}
XAEAXIN,{'Q3V1N1', 'Q9Y4C4'}
XAEAWXN,{'Q3V1N1', 'Q9Y4C4'}
XAEAWIX,{'Q3V1N1', 'Q9Y4C4'}
HXXAWIN,{'Q3V1N1', 'Q9Y4C4'}
HXEXWIN,{'Q3V1N1', 'Q9Y4C4'}
HXEAXIN,{'Q3V1N1', 'Q9Y4C4'}
HXEAWXN,{'Q3V1N1', 'Q9Y4C4'}
HXEAWIX,{'Q3V1N1', 'Q9Y4C4'}
HAXXWIN,{'Q3V1N1', 'Q9Y4C4'}
HAXAXIN,{'Q3V1N1', 'Q9Y4C4'}
HAXAWXN,{'Q3V1N1', 'Q9Y4C4'}
HAXAWIX,{'Q3V1N1', 'Q9Y4C4'}
HAEXXIN,{'Q3V1N1', 'Q9Y4C4'}
HAEXWXN,{'Q3V1N1', 'Q9Y4C4'}
HAEXWIX,{'Q3V1N1', 'Q9Y4C4'}
HAEAXXN,{'Q3V1N1', 'Q9Y4C4'}
HAEAXIX,{'Q3V1N1', 'Q9Y4C4'}
HAEAWXX,{'Q3V1N1', 'Q9Y4C4'}
XXLAGQS,{'Q3V1N1', 'Q9Y4C4'}
XNXAGQS,{'Q3V1N1', 'Q9Y4C4'}
XNLXGQS,{'Q3V1N1', 'Q9Y4C4'}
XNLAXQS,{'Q3V1N1', 'Q9Y4C4'}
XNLAGXS,{'Q3V1N1', 'Q9Y4C4'}
XNLAGQX,{'Q3V1N1', 'Q9Y4C4'}
TXXAGQS,{'Q3V1N1', 'Q9Y4C4'}
TXLXGQS,{'Q3V1N1', 'Q9Y4C4'}
TXLAXQS,{'Q3V1N1', 'Q9Y4C4'}
TXLAGXS,{'Q3V1N1', 'Q9Y4C4'}
TXLAGQX,{'Q3V1N1', 'Q9Y4C4'}
TNXXGQS,{'Q3V1N1', 'Q9Y4C4'}
TNXAXQS,{'Q3V1N1', 'Q9Y4C4'}
TNXAGXS,{'Q3V1N1', 'Q9Y4C4'}
TNXAGQX,{'Q3V1N1', 'Q9Y4C4'}
TNLXXQS,{'Q3V1N1', 'Q9Y4C4'}
TNLXGXS,{'Q3V1N1', 'Q9Y4C4'}
TNLXGQX,{'Q3V1N1', 'Q9Y4C4'}
TNLAXXS,{'Q3V1N1', 'Q9Y4C4'}
TNLAXQX,{'Q3V1N1', 'Q9Y4C4'}
TNLAGXX,{'Q3V1N1', 'Q9Y4C4'}
XXIASHA,{'Q3V1N1', 'A4IIK1', 'Q9Y4C4'}
XSXASHA,{'Q3V1N1', 'A4IIK1', 'Q9Y4C4'}
XSIXSHA,{'Q3V1N1', 'A4IIK1', 'Q9Y4C4'}
XSIAXHA,{'Q3V1N1', 'A4IIK1', 'Q9Y4C4'}
XSIASXA,{'Q3V1N1', 'A4IIK1', 'Q9Y4C4'}
XSIASHX,{'Q3V1N1', 'A4IIK1', 'Q9Y4C4'}
LXXASHA,{'Q3V1N1', 'A4IIK1', 'Q9Y4C4'}
LXIXSHA,{'Q3V1N1', 'A4IIK1', 'Q9Y4C4'}
LXIAXHA,{'Q3V1N1', 'A4IIK1', 'Q9Y4C4'}
LXIASXA,{'Q3V1N1', 'A4IIK1', 'Q9Y4C4'}
LXIASHX,{'Q3V1N1', 'A4IIK1', 'Q9Y4C4'}
LSXXSHA,{'Q3V1N1', 'A4IIK1', 'Q9Y4C4'}
LSXAXHA,{'Q3V1N1', 'A4IIK1', 'Q9Y4C4'}
LSXASXA,{'Q3V1N1', 'A4IIK1', 'Q9Y4C4'}
LSXASHX,{'Q3V1N1', 'A4IIK1', 'Q9Y4C4'}
LSIXXHA,{'Q3V1N1', 'A4IIK1', 'Q9Y4C4'}
LSIXSXA,{'Q3V1N1', 'A4IIK1', 'Q9Y4C4'}
LSIXSHX,{'Q3V1N1', 'A4IIK1', 'Q9Y4C4'}
LSIAXXA,{'Q3V1N1', 'A4IIK1', 'Q9Y4C4'}
LSIAXHX,{'Q3V1N1', 'A4IIK1', 'Q9Y4C4'}
LSIASXX,{'Q3V1N1', 'A4IIK1', 'Q9Y4C4'}
XXHASLP,{'Q3V1N1', 'A4IIK1', 'Q9Y4C4'}
XSXASLP,{'Q3V1N1', 'A4IIK1', 'Q9Y4C4'}
XSHXSLP,{'Q3V1N1', 'A4IIK1', 'Q9Y4C4'}
XSHAXLP,{'Q3V1N1', 'A4IIK1', 'Q9Y4C4'}
XSHASXP,{'Q3V1N1', 'A4IIK1', 'Q9Y4C4'}
XSHASLX,{'Q3V1N1', 'A4IIK1', 'Q9Y4C4'}
AXXASLP,{'Q3V1N1', 'A4IIK1', 'Q9Y4C4'}
AXHXSLP,{'Q3V1N1', 'A4IIK1', 'Q9Y4C4'}
AXHAXLP,{'Q3V1N1', 'A4IIK1', 'Q9Y4C4'}
AXHASXP,{'Q3V1N1', 'A4IIK1', 'Q9Y4C4'}
AXHASLX,{'Q3V1N1', 'A4IIK1', 'Q9Y4C4'}
ASXXSLP,{'Q3V1N1', 'A4IIK1', 'Q9Y4C4'}
ASXAXLP,{'Q3V1N1', 'A4IIK1', 'Q9Y4C4'}
ASXASXP,{'Q3V1N1', 'A4IIK1', 'Q9Y4C4'}
ASXASLX,{'Q3V1N1', 'A4IIK1', 'Q9Y4C4'}
ASHXXLP,{'Q3V1N1', 'A4IIK1', 'Q9Y4C4'}
ASHXSXP,{'Q3V1N1', 'A4IIK1', 'Q9Y4C4'}
ASHXSLX,{'Q3V1N1', 'A4IIK1', 'Q9Y4C4'}
ASHAXXP,{'Q3V1N1', 'A4IIK1', 'Q9Y4C4'}
ASHAXLX,{'Q3V1N1', 'A4IIK1', 'Q9Y4C4'}
ASHASXX,{'Q3V1N1', 'A4IIK1', 'Q9Y4C4'}
XXHAFPG,{'Q3V1N1', 'Q9Y4C4'}
XPXAFPG,{'Q3V1N1', 'Q9Y4C4'}
XPHXFPG,{'Q3V1N1', 'Q9Y4C4'}
XPHAXPG,{'Q3V1N1', 'Q9Y4C4'}
XPHAFXG,{'Q3V1N1', 'Q9Y4C4'}
XPHAFPX,{'Q3V1N1', 'Q9Y4C4'}
NXXAFPG,{'Q3V1N1', 'Q9Y4C4'}
NXHXFPG,{'Q3V1N1', 'Q9Y4C4'}
NXHAXPG,{'Q3V1N1', 'Q9Y4C4'}
NXHAFXG,{'Q3V1N1', 'Q9Y4C4'}
NXHAFPX,{'Q3V1N1', 'Q9Y4C4'}
NPXXFPG,{'Q3V1N1', 'Q9Y4C4'}
NPXAXPG,{'Q3V1N1', 'Q9Y4C4'}
NPXAFXG,{'Q3V1N1', 'Q9Y4C4'}
NPXAFPX,{'Q3V1N1', 'Q9Y4C4'}
NPHXXPG,{'Q3V1N1', 'Q9Y4C4'}
NPHXFXG,{'Q3V1N1', 'Q9Y4C4'}
NPHXFPX,{'Q3V1N1', 'Q9Y4C4'}
NPHAXXG,{'Q3V1N1', 'Q9Y4C4'}
NPHAXPX,{'Q3V1N1', 'Q9Y4C4'}
NPHAFXX,{'Q3V1N1', 'Q9Y4C4'}
XXTASLS,{'Q54M77'}
XVXASLS,{'Q54M77'}
XVTXSLS,{'Q54M77'}
XVTAXLS,{'Q54M77'}
XVTASXS,{'Q54M77'}
XVTASLX,{'Q54M77'}
LXXASLS,{'Q54M77'}
LXTXSLS,{'Q54M77'}
LXTAXLS,{'Q54M77'}
LXTASXS,{'Q54M77'}
LXTASLX,{'Q54M77'}
LVXXSLS,{'Q54M77'}
LVXAXLS,{'Q54M77'}
LVXASXS,{'Q54M77'}
LVXASLX,{'Q54M77'}
LVTXXLS,{'Q54M77'}
LVTXSXS,{'Q54M77'}
LVTXSLX,{'Q54M77'}
LVTAXXS,{'Q54M77'}
LVTAXLX,{'Q54M77'}
LVTASXX,{'Q54M77'}
XXTASTQ,{'Q6XHA6'}
XGXASTQ,{'Q6XHA6'}
XGTXSTQ,{'Q6XHA6'}
XGTAXTQ,{'Q6XHA6'}
XGTASXQ,{'Q6XHA6'}
XGTASTX,{'Q6XHA6'}
SXXASTQ,{'Q6XHA6'}
SXTXSTQ,{'Q6XHA6'}
SXTAXTQ,{'Q6XHA6'}
SXTASXQ,{'Q6XHA6'}
SXTASTX,{'Q6XHA6'}
SGXXSTQ,{'Q6XHA6'}
SGXAXTQ,{'Q6XHA6'}
SGXASXQ,{'Q6XHA6'}
SGXASTX,{'Q6XHA6'}
SGTXXTQ,{'Q6XHA6'}
SGTXSXQ,{'Q6XHA6'}
SGTXSTX,{'Q6XHA6'}
SGTAXXQ,{'Q6XHA6'}
SGTAXTX,{'Q6XHA6'}
SGTASXX,{'Q6XHA6'}
XXNAPLL,{'Q6XHA6'}
XFXAPLL,{'Q6XHA6'}
XFNXPLL,{'Q6XHA6'}
XFNAXLL,{'Q6XHA6'}
XFNAPXL,{'Q6XHA6'}
XFNAPLX,{'Q6XHA6'}
VXXAPLL,{'Q6XHA6'}
VXNXPLL,{'Q6XHA6'}
VXNAXLL,{'Q6XHA6'}
VXNAPXL,{'Q6XHA6'}
VXNAPLX,{'Q6XHA6'}
VFXXPLL,{'Q6XHA6'}
VFXAXLL,{'Q6XHA6'}
VFXAPXL,{'Q6XHA6'}
VFXAPLX,{'Q6XHA6'}
VFNXXLL,{'Q6XHA6'}
VFNXPXL,{'Q6XHA6'}
VFNXPLX,{'Q6XHA6'}
VFNAXXL,{'Q6XHA6'}
VFNAXLX,{'Q6XHA6'}
VFNAPXX,{'Q6XHA6'}
XXGADFQ,{'Q6XHA6'}
XLXADFQ,{'Q6XHA6'}
XLGXDFQ,{'Q6XHA6'}
XLGAXFQ,{'Q6XHA6'}
XLGADXQ,{'Q6XHA6'}
XLGADFX,{'Q6XHA6'}
LXXADFQ,{'Q6XHA6'}
LXGXDFQ,{'Q6XHA6'}
LXGAXFQ,{'Q6XHA6'}
LXGADXQ,{'Q6XHA6'}
LXGADFX,{'Q6XHA6'}
LLXXDFQ,{'Q6XHA6'}
LLXAXFQ,{'Q6XHA6'}
LLXADXQ,{'Q6XHA6'}
LLXADFX,{'Q6XHA6'}
LLGXXFQ,{'Q6XHA6'}
LLGXDXQ,{'Q6XHA6'}
LLGXDFX,{'Q6XHA6'}
LLGAXXQ,{'Q6XHA6'}
LLGAXFX,{'Q6XHA6'}
LLGADXX,{'Q6XHA6'}
XXCARIL,{'Q6XHA6'}
XNXARIL,{'Q6XHA6'}
XNCXRIL,{'Q6XHA6'}
XNCAXIL,{'Q6XHA6'}
XNCARXL,{'Q6XHA6'}
XNCARIX,{'Q6XHA6'}
NXXARIL,{'Q6XHA6'}
NXCXRIL,{'Q6XHA6'}
NXCAXIL,{'Q6XHA6'}
NXCARXL,{'Q6XHA6'}
NXCARIX,{'Q6XHA6'}
NNXXRIL,{'Q6XHA6'}
NNXAXIL,{'Q6XHA6'}
NNXARXL,{'Q6XHA6'}
NNXARIX,{'Q6XHA6'}
NNCXXIL,{'Q6XHA6'}
NNCXRXL,{'Q6XHA6'}
NNCXRIX,{'Q6XHA6'}
NNCAXXL,{'Q6XHA6'}
NNCAXIX,{'Q6XHA6'}
NNCARXX,{'Q6XHA6'}
XXNAKII,{'Q6XHA6'}
XVXAKII,{'Q6XHA6'}
XVNXKII,{'Q6XHA6'}
XVNAXII,{'Q6XHA6'}
XVNAKXI,{'Q6XHA6'}
XVNAKIX,{'Q6XHA6'}
FXXAKII,{'Q6XHA6'}
FXNXKII,{'Q6XHA6'}
FXNAXII,{'Q6XHA6'}
FXNAKXI,{'Q6XHA6'}
FXNAKIX,{'Q6XHA6'}
FVXXKII,{'Q6XHA6'}
FVXAXII,{'Q6XHA6'}
FVXAKXI,{'Q6XHA6'}
FVXAKIX,{'Q6XHA6'}
FVNXXII,{'Q6XHA6'}
FVNXKXI,{'Q6XHA6'}
FVNXKIX,{'Q6XHA6'}
FVNAXXI,{'Q6XHA6'}
FVNAXIX,{'Q6XHA6'}
FVNAKXX,{'Q6XHA6'}
XXSAAWY,{'Q3V1N1'}
XGXAAWY,{'Q3V1N1'}
XGSXAWY,{'Q3V1N1'}
XGSAXWY,{'Q3V1N1'}
XGSAAXY,{'Q3V1N1'}
XGSAAWX,{'Q3V1N1'}
NXXAAWY,{'Q3V1N1'}
NXSXAWY,{'Q3V1N1'}
NXSAXWY,{'Q3V1N1'}
NXSAAXY,{'Q3V1N1'}
NXSAAWX,{'Q3V1N1'}
NGXXAWY,{'Q3V1N1'}
NGXAXWY,{'Q3V1N1'}
NGXAAXY,{'Q3V1N1'}
NGXAAWX,{'Q3V1N1'}
NGSXXWY,{'Q3V1N1'}
NGSXAXY,{'Q3V1N1'}
NGSXAWX,{'Q3V1N1'}
NGSAXXY,{'Q3V1N1'}
NGSAXWX,{'Q3V1N1'}
NGSAAXX,{'Q3V1N1'}
XXAAWYK,{'Q3V1N1'}
XSAXWYK,{'Q3V1N1'}
XSAAXYK,{'Q3V1N1'}
XSAAWXK,{'Q3V1N1'}
XSAAWYX,{'Q3V1N1'}
GXAXWYK,{'Q3V1N1'}
GXAAXYK,{'Q3V1N1'}
GXAAWXK,{'Q3V1N1'}
GXAAWYX,{'Q3V1N1'}
GSAXXYK,{'Q3V1N1'}
GSAXWXK,{'Q3V1N1'}
GSAXWYX,{'Q3V1N1'}
GSAAXXK,{'Q3V1N1'}
GSAAXYX,{'Q3V1N1'}
GSAAWXX,{'Q3V1N1'}
XXGALQK,{'A4IIK1'}
XFXALQK,{'A4IIK1'}
XFGXLQK,{'A4IIK1'}
XFGAXQK,{'A4IIK1'}
XFGALXK,{'A4IIK1'}
XFGALQX,{'A4IIK1'}
GXXALQK,{'A4IIK1'}
GXGXLQK,{'A4IIK1'}
GXGAXQK,{'A4IIK1'}
GXGALXK,{'A4IIK1'}
GXGALQX,{'A4IIK1'}
GFXXLQK,{'A4IIK1'}
GFXAXQK,{'A4IIK1'}
GFXALXK,{'A4IIK1'}
GFXALQX,{'A4IIK1'}
GFGXXQK,{'A4IIK1'}
GFGXLXK,{'A4IIK1'}
GFGXLQX,{'A4IIK1'}
GFGAXXK,{'A4IIK1'}
GFGAXQX,{'A4IIK1'}
GFGALXX,{'A4IIK1'}
XXNAFQD,{'A4IIK1'}
XSXAFQD,{'A4IIK1'}
XSNXFQD,{'A4IIK1'}
XSNAXQD,{'A4IIK1'}
XSNAFXD,{'A4IIK1'}
XSNAFQX,{'A4IIK1'}
SXXAFQD,{'A4IIK1'}
SXNXFQD,{'A4IIK1'}
SXNAXQD,{'A4IIK1'}
SXNAFXD,{'A4IIK1'}
SXNAFQX,{'A4IIK1'}
SSXXFQD,{'A4IIK1'}
SSXAXQD,{'A4IIK1'}
SSXAFXD,{'A4IIK1'}
SSXAFQX,{'A4IIK1'}
SSNXXQD,{'A4IIK1'}
SSNXFXD,{'A4IIK1'}
SSNXFQX,{'A4IIK1'}
SSNAXXD,{'A4IIK1'}
SSNAXQX,{'A4IIK1'}
SSNAFXX,{'A4IIK1'}
XXKALSQ,{'A4IIK1'}
XDXALSQ,{'A4IIK1'}
XDKXLSQ,{'A4IIK1'}
XDKAXSQ,{'A4IIK1'}
XDKALXQ,{'A4IIK1'}
XDKALSX,{'A4IIK1'}
VXXALSQ,{'A4IIK1'}
VXKXLSQ,{'A4IIK1'}
VXKAXSQ,{'A4IIK1'}
VXKALXQ,{'A4IIK1'}
VXKALSX,{'A4IIK1'}
VDXXLSQ,{'A4IIK1'}
VDXAXSQ,{'A4IIK1'}
VDXALXQ,{'A4IIK1'}
VDXALSX,{'A4IIK1'}
VDKXXSQ,{'A4IIK1'}
VDKXLXQ,{'A4IIK1'}
VDKXLSX,{'A4IIK1'}
VDKAXXQ,{'A4IIK1'}
VDKAXSX,{'A4IIK1'}
VDKALXX,{'A4IIK1'}
XXRASNP,{'A4IIK1'}
XFXASNP,{'A4IIK1'}
XFRXSNP,{'A4IIK1'}
XFRAXNP,{'A4IIK1'}
XFRASXP,{'A4IIK1'}
XFRASNX,{'A4IIK1'}
DXXASNP,{'A4IIK1'}
DXRXSNP,{'A4IIK1'}
DXRAXNP,{'A4IIK1'}
DXRASXP,{'A4IIK1'}
DXRASNX,{'A4IIK1'}
DFXXSNP,{'A4IIK1'}
DFXAXNP,{'A4IIK1'}
DFXASXP,{'A4IIK1'}
DFXASNX,{'A4IIK1'}
DFRXXNP,{'A4IIK1'}
DFRXSXP,{'A4IIK1'}
DFRXSNX,{'A4IIK1'}
DFRAXXP,{'A4IIK1'}
DFRAXNX,{'A4IIK1'}
DFRASXX,{'A4IIK1'}
XXLAVEQ,{'A4IIK1'}
XCXAVEQ,{'A4IIK1'}
XCLXVEQ,{'A4IIK1'}
XCLAXEQ,{'A4IIK1'}
XCLAVXQ,{'A4IIK1'}
XCLAVEX,{'A4IIK1'}
PXXAVEQ,{'A4IIK1'}
PXLXVEQ,{'A4IIK1'}
PXLAXEQ,{'A4IIK1'}
PXLAVXQ,{'A4IIK1'}
PXLAVEX,{'A4IIK1'}
PCXXVEQ,{'A4IIK1'}
PCXAXEQ,{'A4IIK1'}
PCXAVXQ,{'A4IIK1'}
PCXAVEX,{'A4IIK1'}
PCLXXEQ,{'A4IIK1'}
PCLXVXQ,{'A4IIK1'}
PCLXVEX,{'A4IIK1'}
PCLAXXQ,{'A4IIK1'}
PCLAXEX,{'A4IIK1'}
PCLAVXX,{'A4IIK1'}
