XLVSTRG,{'P74884', 'P33650', 'Q83PW3'}
PXVSTRG,{'P74884', 'P33650', 'Q83PW3'}
PLXSTRG,{'P74884', 'P33650', 'Q83PW3'}
PLVXTRG,{'P74884', 'P33650', 'Q83PW3'}
PLVSXRG,{'P74884', 'P33650', 'Q83PW3'}
PLVSTXG,{'P74884', 'P33650', 'Q83PW3'}
PLVSTRX,{'P74884', 'P33650', 'Q83PW3'}
XFQSQVV,{'Q9PMQ9'}
EXQSQVV,{'Q9PMQ9'}
EFXSQVV,{'Q9PMQ9'}
EFQXQVV,{'Q9PMQ9'}
EFQSXVV,{'Q9PMQ9'}
EFQSQXV,{'Q9PMQ9'}
EFQSQVX,{'Q9PMQ9'}
XEISAKT,{'Q9PMQ9'}
VXISAKT,{'Q9PMQ9'}
VEXSAKT,{'Q9PMQ9'}
VEIXAKT,{'Q9PMQ9'}
VEISXKT,{'Q9PMQ9'}
VEISAXT,{'Q9PMQ9'}
VEISAKX,{'Q9PMQ9'}
XPLSAAK,{'Q57986'}
VXLSAAK,{'Q57986'}
VPXSAAK,{'Q57986'}
VPLXAAK,{'Q57986'}
VPLSXAK,{'Q57986'}
VPLSAXK,{'Q57986'}
VPLSAAX,{'Q57986'}
XLSAAKK,{'Q57986'}
PXSAAKK,{'Q57986'}
PLXAAKK,{'Q57986'}
PLSXAKK,{'Q57986'}
PLSAXKK,{'Q57986'}
PLSAAXK,{'Q57986'}
PLSAAKX,{'Q57986'}
XPTSARS,{'O25396', 'Q9ZLF3'}
VXTSARS,{'O25396', 'Q9ZLF3'}
VPXSARS,{'O25396', 'Q9ZLF3'}
VPTXARS,{'O25396', 'Q9ZLF3'}
VPTSXRS,{'O25396', 'Q9ZLF3'}
VPTSAXS,{'O25396', 'Q9ZLF3'}
VPTSARX,{'O25396', 'Q9ZLF3'}
XARSKED,{'O25396', 'Q9ZLF3'}
SXRSKED,{'O25396', 'Q9ZLF3'}
SAXSKED,{'O25396', 'Q9ZLF3'}
SARXKED,{'O25396', 'Q9ZLF3'}
SARSXED,{'O25396', 'Q9ZLF3'}
SARSKXD,{'O25396', 'Q9ZLF3'}
SARSKEX,{'O25396', 'Q9ZLF3'}
XVVGASA,{'Q7MVL1'}
PXVGASA,{'Q7MVL1'}
PVXGASA,{'Q7MVL1'}
PVVXASA,{'Q7MVL1'}
PVVGXSA,{'Q7MVL1'}
PVVGAXA,{'Q7MVL1'}
PVVGASX,{'Q7MVL1'}
XGASARS,{'Q7MVL1'}
VXASARS,{'Q7MVL1'}
VGXSARS,{'Q7MVL1'}
VGAXARS,{'Q7MVL1'}
VGASXRS,{'Q7MVL1'}
VGASAXS,{'Q7MVL1'}
VGASARX,{'Q7MVL1'}
XARSGEG,{'Q7MVL1'}
SXRSGEG,{'Q7MVL1'}
SAXSGEG,{'Q7MVL1'}
SARXGEG,{'Q7MVL1'}
SARSXEG,{'Q7MVL1'}
SARSGXG,{'Q7MVL1'}
SARSGEX,{'Q7MVL1'}
XGCSVIP,{'Q8GNS3', 'Q5ZS62', 'Q5X1N2', 'Q5WTE1'}
LXCSVIP,{'Q8GNS3', 'Q5ZS62', 'Q5X1N2', 'Q5WTE1'}
LGXSVIP,{'Q8GNS3', 'Q5ZS62', 'Q5X1N2', 'Q5WTE1'}
LGCXVIP,{'Q8GNS3', 'Q5ZS62', 'Q5X1N2', 'Q5WTE1'}
LGCSXIP,{'Q8GNS3', 'Q5ZS62', 'Q5X1N2', 'Q5WTE1'}
LGCSVXP,{'Q8GNS3', 'Q5ZS62', 'Q5X1N2', 'Q5WTE1'}
LGCSVIX,{'Q8GNS3', 'Q5ZS62', 'Q5X1N2', 'Q5WTE1'}
XPIQAHK,{'Q8GNS3', 'Q5ZS62', 'Q5X1N2', 'Q5WTE1'}
IXIQAHK,{'Q8GNS3', 'Q5ZS62', 'Q5X1N2', 'Q5WTE1'}
IPXQAHK,{'Q8GNS3', 'Q5ZS62', 'Q5X1N2', 'Q5WTE1'}
IPIXAHK,{'Q8GNS3', 'Q5ZS62', 'Q5X1N2', 'Q5WTE1'}
IPIQXHK,{'Q8GNS3', 'Q5ZS62', 'Q5X1N2', 'Q5WTE1'}
IPIQAXK,{'Q8GNS3', 'Q5ZS62', 'Q5X1N2', 'Q5WTE1'}
IPIQAHX,{'Q8GNS3', 'Q5ZS62', 'Q5X1N2', 'Q5WTE1'}
XPISAKY,{'P73182'}
YXISAKY,{'P73182'}
YPXSAKY,{'P73182'}
YPIXAKY,{'P73182'}
YPISXKY,{'P73182'}
YPISAXY,{'P73182'}
YPISAKX,{'P73182'}
XFASQCM,{'Q5XPH7'}
AXASQCM,{'Q5XPH7'}
AFXSQCM,{'Q5XPH7'}
AFAXQCM,{'Q5XPH7'}
AFASXCM,{'Q5XPH7'}
AFASQXM,{'Q5XPH7'}
AFASQCX,{'Q5XPH7'}
XCMSTLA,{'Q5XPH7'}
QXMSTLA,{'Q5XPH7'}
QCXSTLA,{'Q5XPH7'}
QCMXTLA,{'Q5XPH7'}
QCMSXLA,{'Q5XPH7'}
QCMSTXA,{'Q5XPH7'}
QCMSTLX,{'Q5XPH7'}
XSTLAVT,{'Q5XPH7'}
MXTLAVT,{'Q5XPH7'}
MSXLAVT,{'Q5XPH7'}
MSTXAVT,{'Q5XPH7'}
MSTLXVT,{'Q5XPH7'}
MSTLAXT,{'Q5XPH7'}
MSTLAVX,{'Q5XPH7'}
